path,size_bytes,type,sha256,introduction_version,status,origin,repository_path,attribution_basis
ARTICLE1_EVIDENCE_REPORT_V06.md,9349,.md,596047b354f4946c0420d7544a6338630a9477e77f397b343a97e2ae4d14fd3b,V06,preserved,library_zip,ARTICLE1_EVIDENCE_REPORT_V06.md,Document de socle disponible ; peut contenir des annotations ultérieures
ARTICLE1_MANUSCRIPT_DRAFT.md,23333,.md,7fbb2d2091a5b4ea8fc03cd6d832141b4458e3864b6216382617649125fbfbdb,V06,preserved,library_zip,ARTICLE1_MANUSCRIPT_DRAFT.md,Document de socle disponible ; peut contenir des annotations ultérieures
PILOT_RESULTS.md,2271,.md,30d79d444590889dd0225c0552acb17d3d98f373d7f35b5733c33d3a4b3aab24,V06,preserved,library_zip,PILOT_RESULTS.md,Document de socle disponible ; peut contenir des annotations ultérieures
SCIENTIFIC_RESULTS_REPORT.md,6457,.md,f95f98bcd1367b41b5f6de8675848802997ceedf90c56f5e955170058fb7143c,V06,preserved,library_zip,SCIENTIFIC_RESULTS_REPORT.md,Document de socle disponible ; peut contenir des annotations ultérieures
SCIENTIFIC_VALIDATION_PROTOCOL.md,11115,.md,10dba78c994cfe9bdc37d08997cd9cb68d03af497abe7cbca9a838d62c7c70d2,V06,preserved,library_zip,SCIENTIFIC_VALIDATION_PROTOCOL.md,Document de socle disponible ; peut contenir des annotations ultérieures
configs/allen_cahn_screen.yaml,1182,.yaml,075d617bd51692e47db3fe070c6d5744e1f6d2779ae710655bfc5a5949eaa091,V06,preserved,library_zip,configs/allen_cahn_screen.yaml,Configuration initiale disponible ; instantané conservé sans rétroversion
configs/article1_pilot_campaign.yaml,355,.yaml,21a81ee0c4294b8e7b50aea54f2081d007ce39bb13d2ccd2d4bf1a3b4e01596d,V06,preserved,library_zip,configs/article1_pilot_campaign.yaml,Configuration initiale disponible ; instantané conservé sans rétroversion
configs/article1_results_campaign.yaml,1526,.yaml,a26368cea5d566bf8d4fa5c26bedcb72522165ae14dd9bc4f964a06289470fd7,V06,preserved,library_zip,configs/article1_results_campaign.yaml,Configuration initiale disponible ; instantané conservé sans rétroversion
configs/burgers_ablation_screen.yaml,1175,.yaml,f7df11e783986e104ab0e676df20e0a9a2ab028aed9462a563a9ec5e23417f69,V06,preserved,library_zip,configs/burgers_ablation_screen.yaml,Configuration initiale disponible ; instantané conservé sans rétroversion
configs/burgers_confirmatory_long.yaml,1201,.yaml,203da71a50f697d0b21ca7a4a06f678f66cb4e9bed5bda21cbc8340aeb27298d,V06,preserved,library_zip,configs/burgers_confirmatory_long.yaml,Configuration initiale disponible ; instantané conservé sans rétroversion
configs/burgers_data_block_missing.yaml,1244,.yaml,285b2d0afa3ba60199d2e0c3aa4abd30f53fe1ade731292717303e673b7b8c26,V06,preserved,library_zip,configs/burgers_data_block_missing.yaml,Configuration initiale disponible ; instantané conservé sans rétroversion
configs/burgers_data_extreme.yaml,1189,.yaml,3cac8bcaff549d97a09bf8a74dc9fce1daad20f3330f687401eb7c06b0191c2f,V06,preserved,library_zip,configs/burgers_data_extreme.yaml,Configuration initiale disponible ; instantané conservé sans rétroversion
configs/burgers_data_sparse_clean.yaml,1179,.yaml,7e0e8d436d8680fae9f9d2fdf567cdacfc0cd910df187ce81df452e9dc950339,V06,preserved,library_zip,configs/burgers_data_sparse_clean.yaml,Configuration initiale disponible ; instantané conservé sans rétroversion
configs/burgers_data_sparse_noisy.yaml,1186,.yaml,6113855cfe1ada291be7ff5ce5579732140e631b1c520b408b4629e5b03e0048,V06,preserved,library_zip,configs/burgers_data_sparse_noisy.yaml,Configuration initiale disponible ; instantané conservé sans rétroversion
configs/helmholtz_calibrated.yaml,1246,.yaml,34d415df014e587de3bc57fa152ab2ba408a165889b75d42400a44fa36efbdd1,V06,preserved,library_zip,configs/helmholtz_calibrated.yaml,Configuration initiale disponible ; instantané conservé sans rétroversion
configs/helmholtz_calibrated_campaign.yaml,565,.yaml,528a8a4b1142ed6b3e56f28fcfbb3d0b35d2971a58a2a760e7a9d14a51e9f117,V06,preserved,library_zip,configs/helmholtz_calibrated_campaign.yaml,Configuration initiale disponible ; instantané conservé sans rétroversion
configs/helmholtz_screen.yaml,1186,.yaml,06433c1c902996991efd8f8f8e7d708fffca84e7bc01e3976dfe8f7eaa251ffa,V06,preserved,library_zip,configs/helmholtz_screen.yaml,Configuration initiale disponible ; instantané conservé sans rétroversion
configs/pilot_full.yaml,1190,.yaml,fca583c898500571d85a14e42fff96b07f8f2a118701cf635ac0c3c2215bcf80,V06,preserved,library_zip,configs/pilot_full.yaml,Configuration initiale disponible ; instantané conservé sans rétroversion
configs/pilot_quick.yaml,1169,.yaml,cf3a86af892fd4904276e6c1be6a2a99bd971b4ef96287bb441d9a579ba1ed0a,V06,preserved,library_zip,configs/pilot_quick.yaml,Configuration initiale disponible ; instantané conservé sans rétroversion
configs/wave_screen.yaml,1152,.yaml,afa84b83fadbe46454664ce4f41c47ec615e626b66f5c84e68080520961ab405,V06,preserved,library_zip,configs/wave_screen.yaml,Configuration initiale disponible ; instantané conservé sans rétroversion
docs/figures/explanatory/01_thesis_roadmap.pdf,22958,.pdf,9b644d7a90f15b1322bf149928ccb0ee1ee1f0b0d85cc82569674b85ad59bb85,V06,preserved,local_commit:656050cae337f96fdab3b47ec862ccae4f1c9601,docs/figures/explanatory/01_thesis_roadmap.pdf,"Schéma historique ; classement thématique, pas date de création prouvée"
docs/figures/explanatory/01_thesis_roadmap.png,267994,.png,2afab78b2a400f7b7ded93f075837a344f0cc6c38b685a8e60f5d50feaf2b48e,V06,preserved,local_commit:656050cae337f96fdab3b47ec862ccae4f1c9601,docs/figures/explanatory/01_thesis_roadmap.png,"Schéma historique ; classement thématique, pas date de création prouvée"
docs/figures/explanatory/01_thesis_roadmap.svg,12078,.svg,d0557b204e922423b11ac3357ff1f704e6b4374fd7322b4a36c6024be40aec70,V06,preserved,local_commit:656050cae337f96fdab3b47ec862ccae4f1c9601,docs/figures/explanatory/01_thesis_roadmap.svg,"Schéma historique ; classement thématique, pas date de création prouvée"
docs/figures/explanatory/02_pinn_principle.pdf,32750,.pdf,4fdb1a4cb5ec30d1d2a187755579764ec1d08314fa1a61376f538e9181234030,V06,preserved,local_commit:656050cae337f96fdab3b47ec862ccae4f1c9601,docs/figures/explanatory/02_pinn_principle.pdf,"Schéma historique ; classement thématique, pas date de création prouvée"
docs/figures/explanatory/02_pinn_principle.png,331441,.png,b1f0b8e3c52bf929f072f0d16c9e8ceaffbf3dbe20cf0f48910d5a53cc11c41f,V06,preserved,local_commit:656050cae337f96fdab3b47ec862ccae4f1c9601,docs/figures/explanatory/02_pinn_principle.png,"Schéma historique ; classement thématique, pas date de création prouvée"
docs/figures/explanatory/02_pinn_principle.svg,16440,.svg,42c041cc5731ee59d0c4ef239b3b0218d00707ac1afe3beedcd013fdbf7c77ee,V06,preserved,local_commit:656050cae337f96fdab3b47ec862ccae4f1c9601,docs/figures/explanatory/02_pinn_principle.svg,"Schéma historique ; classement thématique, pas date de création prouvée"
docs/figures/explanatory/03_m5_feedback_problem.pdf,23418,.pdf,e14fab3289302e0522d3688fd779060676d0d08e938651955933171e62e84c3d,V06,preserved,local_commit:656050cae337f96fdab3b47ec862ccae4f1c9601,docs/figures/explanatory/03_m5_feedback_problem.pdf,"Schéma historique ; classement thématique, pas date de création prouvée"
docs/figures/explanatory/03_m5_feedback_problem.png,337397,.png,be170b70ce9603e636d487c6cd4b96c738451eee0272dd9f5fb087ba6ad47997,V06,preserved,local_commit:656050cae337f96fdab3b47ec862ccae4f1c9601,docs/figures/explanatory/03_m5_feedback_problem.png,"Schéma historique ; classement thématique, pas date de création prouvée"
docs/figures/explanatory/03_m5_feedback_problem.svg,9517,.svg,e2dadeb2ed26ecc22f3a7e502a35085f9344205245c66cc52d3bdff417c584f6,V06,preserved,local_commit:656050cae337f96fdab3b47ec862ccae4f1c9601,docs/figures/explanatory/03_m5_feedback_problem.svg,"Schéma historique ; classement thématique, pas date de création prouvée"
docs/figures/explanatory/04_m6_decoupled_solution.pdf,29501,.pdf,ab6f5fe3022038320668a4ea87bbf310d2a20b218d6954bb0398c6f15f1d86ab,V06,preserved,local_commit:656050cae337f96fdab3b47ec862ccae4f1c9601,docs/figures/explanatory/04_m6_decoupled_solution.pdf,"Schéma historique ; classement thématique, pas date de création prouvée"
docs/figures/explanatory/04_m6_decoupled_solution.png,308229,.png,e87b6a80a59453a095885cdb946dd55a4177ed6fc9829fe8b31d7ff40e8dff42,V06,preserved,local_commit:656050cae337f96fdab3b47ec862ccae4f1c9601,docs/figures/explanatory/04_m6_decoupled_solution.png,"Schéma historique ; classement thématique, pas date de création prouvée"
docs/figures/explanatory/04_m6_decoupled_solution.svg,11981,.svg,61292f28e674d3b38a78002370eb427e0f7da5a160be1ae8e9953f60b8b1beeb,V06,preserved,local_commit:656050cae337f96fdab3b47ec862ccae4f1c9601,docs/figures/explanatory/04_m6_decoupled_solution.svg,"Schéma historique ; classement thématique, pas date de création prouvée"
docs/figures/explanatory/05_controlled_experimental_protocol.pdf,27326,.pdf,d53a753e1b8ab14bba14443d0762278b9d45502ca5d1c85c624e0112ef61897b,V06,preserved,local_commit:656050cae337f96fdab3b47ec862ccae4f1c9601,docs/figures/explanatory/05_controlled_experimental_protocol.pdf,"Schéma historique ; classement thématique, pas date de création prouvée"
docs/figures/explanatory/05_controlled_experimental_protocol.png,288215,.png,afc8e044d28d2ed9b1a85ae34cebf89d19fa309608a9477c8f88fbd121e6af60,V06,preserved,local_commit:656050cae337f96fdab3b47ec862ccae4f1c9601,docs/figures/explanatory/05_controlled_experimental_protocol.png,"Schéma historique ; classement thématique, pas date de création prouvée"
docs/figures/explanatory/05_controlled_experimental_protocol.svg,20534,.svg,2267ed93ef5bc5011b84bd60147d420d0345ce40a1d2e8f51499b26c063cf4e7,V06,preserved,local_commit:656050cae337f96fdab3b47ec862ccae4f1c9601,docs/figures/explanatory/05_controlled_experimental_protocol.svg,"Schéma historique ; classement thématique, pas date de création prouvée"
docs/figures/explanatory/06_current_results_forest.pdf,22970,.pdf,01b881c07756c0d9182ac20fd08fb840ba3afe4539a371968a98a153dd8747c0,V06,preserved,local_commit:656050cae337f96fdab3b47ec862ccae4f1c9601,docs/figures/explanatory/06_current_results_forest.pdf,"Schéma historique ; classement thématique, pas date de création prouvée"
docs/figures/explanatory/06_current_results_forest.png,255961,.png,8fb2b5d47beb8f8b4e7d254fd2e33506f1fab74a8c6eee82c3fc1ee490bbc6ad,V06,preserved,local_commit:656050cae337f96fdab3b47ec862ccae4f1c9601,docs/figures/explanatory/06_current_results_forest.png,"Schéma historique ; classement thématique, pas date de création prouvée"
docs/figures/explanatory/06_current_results_forest.svg,16349,.svg,49ca9258acdd60c072f7c48c99565ee44f53251c0f3b01e8d18e80a2faf738e9,V06,preserved,local_commit:656050cae337f96fdab3b47ec862ccae4f1c9601,docs/figures/explanatory/06_current_results_forest.svg,"Schéma historique ; classement thématique, pas date de création prouvée"
docs/figures/explanatory/08_tokamak_instability_pipeline.pdf,23127,.pdf,12132f00ac444212f51308d0f23ecd42aa6321577f6c698cd4393d7e1f93b7ac,V06,preserved,local_commit:656050cae337f96fdab3b47ec862ccae4f1c9601,docs/figures/explanatory/08_tokamak_instability_pipeline.pdf,"Schéma historique ; classement thématique, pas date de création prouvée"
docs/figures/explanatory/08_tokamak_instability_pipeline.png,381888,.png,8584548be45e52323c12b8678d7df311be5893925d3e500e3687e3f1657206c0,V06,preserved,local_commit:656050cae337f96fdab3b47ec862ccae4f1c9601,docs/figures/explanatory/08_tokamak_instability_pipeline.png,"Schéma historique ; classement thématique, pas date de création prouvée"
docs/figures/explanatory/08_tokamak_instability_pipeline.svg,12026,.svg,64ae8eab3c27bd0bc17e89a28df5b61271ebe773213b60a64ca484776b29cf74,V06,preserved,local_commit:656050cae337f96fdab3b47ec862ccae4f1c9601,docs/figures/explanatory/08_tokamak_instability_pipeline.svg,"Schéma historique ; classement thématique, pas date de création prouvée"
outputs/allen_cahn_screen_v1/m1/seed_00011/checkpoint_0000600.pt,21799,.pt,50abc76d1f72a3c5b895583a63c187defda5c4b91d0bee0e55c00004c63d7211,V06,preserved,local_commit:656050cae337f96fdab3b47ec862ccae4f1c9601,outputs/allen_cahn_screen_v1/m1/seed_00011/checkpoint_0000600.pt,Expériences antérieures M0/M1/M3/M5/M6 ; date exacte non attestée
outputs/allen_cahn_screen_v1/m1/seed_00011/config.resolved.yaml,1217,.yaml,d661fe235558e0762a2f150d6ef90d61fe7c69acf75d96b3a4e04aae2a1a3498,V06,preserved,local_commit:656050cae337f96fdab3b47ec862ccae4f1c9601,outputs/allen_cahn_screen_v1/m1/seed_00011/config.resolved.yaml,Expériences antérieures M0/M1/M3/M5/M6 ; date exacte non attestée
outputs/allen_cahn_screen_v1/m1/seed_00011/environment.json,270,.json,81e8b8ec1f0e36812a60c59a8df82f8463f4b7cdc0f374d41177cd34430c2417,V06,preserved,local_commit:656050cae337f96fdab3b47ec862ccae4f1c9601,outputs/allen_cahn_screen_v1/m1/seed_00011/environment.json,Expériences antérieures M0/M1/M3/M5/M6 ; date exacte non attestée
outputs/allen_cahn_screen_v1/m1/seed_00011/metrics.csv,8794,.csv,04cf92400b3d42561331641dc5e6e5fc55ea1f7d5f5ab1605de587c924c4f4ef,V06,preserved,local_commit:656050cae337f96fdab3b47ec862ccae4f1c9601,outputs/allen_cahn_screen_v1/m1/seed_00011/metrics.csv,Expériences antérieures M0/M1/M3/M5/M6 ; date exacte non attestée
outputs/allen_cahn_screen_v1/m1/seed_00011/model.pt,21105,.pt,2efb8d74be22fec99e952fc9a26c87827eb92290173d7356575df67cc07ff7c6,V06,preserved,local_commit:656050cae337f96fdab3b47ec862ccae4f1c9601,outputs/allen_cahn_screen_v1/m1/seed_00011/model.pt,Expériences antérieures M0/M1/M3/M5/M6 ; date exacte non attestée
outputs/allen_cahn_screen_v1/m1/seed_00011/summary.json,1905,.json,bbd505dc19d830015cfb37ca1c443013e194a960d7cd505d1577b9ac8434ab78,V06,preserved,local_commit:656050cae337f96fdab3b47ec862ccae4f1c9601,outputs/allen_cahn_screen_v1/m1/seed_00011/summary.json,Expériences antérieures M0/M1/M3/M5/M6 ; date exacte non attestée
outputs/allen_cahn_screen_v1/m1/seed_00022/checkpoint_0000600.pt,21799,.pt,8dd48ee2f6cb074d8a603fc3bd5cbf9f0d3ac2d93d086056dda5cc73a627687e,V06,preserved,local_commit:656050cae337f96fdab3b47ec862ccae4f1c9601,outputs/allen_cahn_screen_v1/m1/seed_00022/checkpoint_0000600.pt,Expériences antérieures M0/M1/M3/M5/M6 ; date exacte non attestée
outputs/allen_cahn_screen_v1/m1/seed_00022/config.resolved.yaml,1217,.yaml,6fe03a07234470777ca65f64a96975ba5cab250187465f2aef791ecb4f5c34a3,V06,preserved,local_commit:656050cae337f96fdab3b47ec862ccae4f1c9601,outputs/allen_cahn_screen_v1/m1/seed_00022/config.resolved.yaml,Expériences antérieures M0/M1/M3/M5/M6 ; date exacte non attestée
outputs/allen_cahn_screen_v1/m1/seed_00022/environment.json,270,.json,81e8b8ec1f0e36812a60c59a8df82f8463f4b7cdc0f374d41177cd34430c2417,V06,preserved,local_commit:656050cae337f96fdab3b47ec862ccae4f1c9601,outputs/allen_cahn_screen_v1/m1/seed_00022/environment.json,Expériences antérieures M0/M1/M3/M5/M6 ; date exacte non attestée
outputs/allen_cahn_screen_v1/m1/seed_00022/metrics.csv,8363,.csv,e92911cd9129f54d0debaddec3428ac1e471f8c9f2688d989808fa3457ef4b49,V06,preserved,local_commit:656050cae337f96fdab3b47ec862ccae4f1c9601,outputs/allen_cahn_screen_v1/m1/seed_00022/metrics.csv,Expériences antérieures M0/M1/M3/M5/M6 ; date exacte non attestée
outputs/allen_cahn_screen_v1/m1/seed_00022/model.pt,21105,.pt,5e9690036e4485f593c7668cbd9f8083dd7994984830ae20d1c67e3f4ccc92a2,V06,preserved,local_commit:656050cae337f96fdab3b47ec862ccae4f1c9601,outputs/allen_cahn_screen_v1/m1/seed_00022/model.pt,Expériences antérieures M0/M1/M3/M5/M6 ; date exacte non attestée
outputs/allen_cahn_screen_v1/m1/seed_00022/summary.json,1903,.json,9aa7600a10cce38ee36e2ef587b6b1fcee3a2e31ccc8dc1786fd63c99ff40fde,V06,preserved,local_commit:656050cae337f96fdab3b47ec862ccae4f1c9601,outputs/allen_cahn_screen_v1/m1/seed_00022/summary.json,Expériences antérieures M0/M1/M3/M5/M6 ; date exacte non attestée
outputs/allen_cahn_screen_v1/m1/seed_00033/checkpoint_0000600.pt,21799,.pt,6fa001f19d0d4d635f6d1066a4b0ef9758c39c68193793502aac1a634fc81e1d,V06,preserved,local_commit:656050cae337f96fdab3b47ec862ccae4f1c9601,outputs/allen_cahn_screen_v1/m1/seed_00033/checkpoint_0000600.pt,Expériences antérieures M0/M1/M3/M5/M6 ; date exacte non attestée
outputs/allen_cahn_screen_v1/m1/seed_00033/config.resolved.yaml,1217,.yaml,9384565aeb22fdd82532b458f908c0120618c0196b4cfb1693930ea4e8fd0646,V06,preserved,local_commit:656050cae337f96fdab3b47ec862ccae4f1c9601,outputs/allen_cahn_screen_v1/m1/seed_00033/config.resolved.yaml,Expériences antérieures M0/M1/M3/M5/M6 ; date exacte non attestée
outputs/allen_cahn_screen_v1/m1/seed_00033/environment.json,270,.json,81e8b8ec1f0e36812a60c59a8df82f8463f4b7cdc0f374d41177cd34430c2417,V06,preserved,local_commit:656050cae337f96fdab3b47ec862ccae4f1c9601,outputs/allen_cahn_screen_v1/m1/seed_00033/environment.json,Expériences antérieures M0/M1/M3/M5/M6 ; date exacte non attestée
outputs/allen_cahn_screen_v1/m1/seed_00033/metrics.csv,8799,.csv,a0732d40d4b98181fc98932091f53c22318fcc535da290c89882ec254e589e20,V06,preserved,local_commit:656050cae337f96fdab3b47ec862ccae4f1c9601,outputs/allen_cahn_screen_v1/m1/seed_00033/metrics.csv,Expériences antérieures M0/M1/M3/M5/M6 ; date exacte non attestée
outputs/allen_cahn_screen_v1/m1/seed_00033/model.pt,21105,.pt,0c6d5d0cc8d5e8c7e432a6ebed7b855c99df2ab7dd1ec34d545d0066fafb50ac,V06,preserved,local_commit:656050cae337f96fdab3b47ec862ccae4f1c9601,outputs/allen_cahn_screen_v1/m1/seed_00033/model.pt,Expériences antérieures M0/M1/M3/M5/M6 ; date exacte non attestée
outputs/allen_cahn_screen_v1/m1/seed_00033/summary.json,1904,.json,ece20f48f57f44ffdc0bf7b57506dbc895f3e3cef9749cd661a461cef19c158f,V06,preserved,local_commit:656050cae337f96fdab3b47ec862ccae4f1c9601,outputs/allen_cahn_screen_v1/m1/seed_00033/summary.json,Expériences antérieures M0/M1/M3/M5/M6 ; date exacte non attestée
outputs/allen_cahn_screen_v1/m1/seed_00044/checkpoint_0000600.pt,21799,.pt,7b3b540b3a3fb6fd73e23c3d49dd2a93b3d8a3cef7e5a3957c8bd7d81b65ef5c,V06,preserved,local_commit:656050cae337f96fdab3b47ec862ccae4f1c9601,outputs/allen_cahn_screen_v1/m1/seed_00044/checkpoint_0000600.pt,Expériences antérieures M0/M1/M3/M5/M6 ; date exacte non attestée
outputs/allen_cahn_screen_v1/m1/seed_00044/config.resolved.yaml,1217,.yaml,481abe4bc2ce9863949cbbd1930f36adf3a5e482a22e5762f49c4ee8dacbcaa6,V06,preserved,local_commit:656050cae337f96fdab3b47ec862ccae4f1c9601,outputs/allen_cahn_screen_v1/m1/seed_00044/config.resolved.yaml,Expériences antérieures M0/M1/M3/M5/M6 ; date exacte non attestée
outputs/allen_cahn_screen_v1/m1/seed_00044/environment.json,270,.json,81e8b8ec1f0e36812a60c59a8df82f8463f4b7cdc0f374d41177cd34430c2417,V06,preserved,local_commit:656050cae337f96fdab3b47ec862ccae4f1c9601,outputs/allen_cahn_screen_v1/m1/seed_00044/environment.json,Expériences antérieures M0/M1/M3/M5/M6 ; date exacte non attestée
outputs/allen_cahn_screen_v1/m1/seed_00044/metrics.csv,8075,.csv,252b6cd259427aa1a2765e20a3b2450200c20881a4d28c4abe78d919d4e8acf4,V06,preserved,local_commit:656050cae337f96fdab3b47ec862ccae4f1c9601,outputs/allen_cahn_screen_v1/m1/seed_00044/metrics.csv,Expériences antérieures M0/M1/M3/M5/M6 ; date exacte non attestée
outputs/allen_cahn_screen_v1/m1/seed_00044/model.pt,21105,.pt,a2f7db9f20f9e4df96f96455dc2867914cc40b7ccb502c43dd96dc170b17c509,V06,preserved,local_commit:656050cae337f96fdab3b47ec862ccae4f1c9601,outputs/allen_cahn_screen_v1/m1/seed_00044/model.pt,Expériences antérieures M0/M1/M3/M5/M6 ; date exacte non attestée
outputs/allen_cahn_screen_v1/m1/seed_00044/summary.json,1905,.json,69cb8ab5ab522913dcf769085a01e688cad19a37e7eb0ff9ee4bed3c4d9fc6b9,V06,preserved,local_commit:656050cae337f96fdab3b47ec862ccae4f1c9601,outputs/allen_cahn_screen_v1/m1/seed_00044/summary.json,Expériences antérieures M0/M1/M3/M5/M6 ; date exacte non attestée
outputs/allen_cahn_screen_v1/m1/seed_00055/checkpoint_0000600.pt,21799,.pt,4093aca585e71a3abbe1a941aa8573cd73144c00842ba27ba144226529b2955d,V06,preserved,local_commit:656050cae337f96fdab3b47ec862ccae4f1c9601,outputs/allen_cahn_screen_v1/m1/seed_00055/checkpoint_0000600.pt,Expériences antérieures M0/M1/M3/M5/M6 ; date exacte non attestée
outputs/allen_cahn_screen_v1/m1/seed_00055/config.resolved.yaml,1217,.yaml,3934ee8dec00f7f6f8261e3c827d77140c2d50217e2ea8719ed7a4cfe27e806b,V06,preserved,local_commit:656050cae337f96fdab3b47ec862ccae4f1c9601,outputs/allen_cahn_screen_v1/m1/seed_00055/config.resolved.yaml,Expériences antérieures M0/M1/M3/M5/M6 ; date exacte non attestée
outputs/allen_cahn_screen_v1/m1/seed_00055/environment.json,270,.json,81e8b8ec1f0e36812a60c59a8df82f8463f4b7cdc0f374d41177cd34430c2417,V06,preserved,local_commit:656050cae337f96fdab3b47ec862ccae4f1c9601,outputs/allen_cahn_screen_v1/m1/seed_00055/environment.json,Expériences antérieures M0/M1/M3/M5/M6 ; date exacte non attestée
outputs/allen_cahn_screen_v1/m1/seed_00055/metrics.csv,8090,.csv,bb5af55a1dd1c118b5782aee2d91b2a7861a05dd3f547fadb3a0cb9ef49bedf3,V06,preserved,local_commit:656050cae337f96fdab3b47ec862ccae4f1c9601,outputs/allen_cahn_screen_v1/m1/seed_00055/metrics.csv,Expériences antérieures M0/M1/M3/M5/M6 ; date exacte non attestée
outputs/allen_cahn_screen_v1/m1/seed_00055/model.pt,21105,.pt,7bbd92ad3df97e2094cfa5f794184028dcb54d86aca8f80bba061d8793b5a46c,V06,preserved,local_commit:656050cae337f96fdab3b47ec862ccae4f1c9601,outputs/allen_cahn_screen_v1/m1/seed_00055/model.pt,Expériences antérieures M0/M1/M3/M5/M6 ; date exacte non attestée
outputs/allen_cahn_screen_v1/m1/seed_00055/summary.json,1899,.json,72afda28c1f81f98dee48f7c413bbc423ec0fde2c0ad9e12412c182f420d9847,V06,preserved,local_commit:656050cae337f96fdab3b47ec862ccae4f1c9601,outputs/allen_cahn_screen_v1/m1/seed_00055/summary.json,Expériences antérieures M0/M1/M3/M5/M6 ; date exacte non attestée
outputs/allen_cahn_screen_v1/m1/seed_00066/checkpoint_0000600.pt,21799,.pt,af15779751cf11f73a177dd2f9cc6b9d5d3240dbed57e942ab30f51e7d5839e2,V06,preserved,local_commit:656050cae337f96fdab3b47ec862ccae4f1c9601,outputs/allen_cahn_screen_v1/m1/seed_00066/checkpoint_0000600.pt,Expériences antérieures M0/M1/M3/M5/M6 ; date exacte non attestée
outputs/allen_cahn_screen_v1/m1/seed_00066/config.resolved.yaml,1217,.yaml,47176d97de434394df679fc307dd8613316fe9f87748430b5d38962c559b6197,V06,preserved,local_commit:656050cae337f96fdab3b47ec862ccae4f1c9601,outputs/allen_cahn_screen_v1/m1/seed_00066/config.resolved.yaml,Expériences antérieures M0/M1/M3/M5/M6 ; date exacte non attestée
outputs/allen_cahn_screen_v1/m1/seed_00066/environment.json,270,.json,81e8b8ec1f0e36812a60c59a8df82f8463f4b7cdc0f374d41177cd34430c2417,V06,preserved,local_commit:656050cae337f96fdab3b47ec862ccae4f1c9601,outputs/allen_cahn_screen_v1/m1/seed_00066/environment.json,Expériences antérieures M0/M1/M3/M5/M6 ; date exacte non attestée
outputs/allen_cahn_screen_v1/m1/seed_00066/metrics.csv,9158,.csv,d64fd982ffdfc65f4a5c02f84352c06a8f3cc02929242a96d4bceeac12b41c9d,V06,preserved,local_commit:656050cae337f96fdab3b47ec862ccae4f1c9601,outputs/allen_cahn_screen_v1/m1/seed_00066/metrics.csv,Expériences antérieures M0/M1/M3/M5/M6 ; date exacte non attestée
outputs/allen_cahn_screen_v1/m1/seed_00066/model.pt,21105,.pt,49775df9ecb9d96af5587590f176a2c8361eab938a8a074556d0ced6c6ec3d88,V06,preserved,local_commit:656050cae337f96fdab3b47ec862ccae4f1c9601,outputs/allen_cahn_screen_v1/m1/seed_00066/model.pt,Expériences antérieures M0/M1/M3/M5/M6 ; date exacte non attestée
outputs/allen_cahn_screen_v1/m1/seed_00066/summary.json,1903,.json,4be1ba79996b65edb4bd1e4a294471785825ad0ab9ec321d326cb8cefdad8d90,V06,preserved,local_commit:656050cae337f96fdab3b47ec862ccae4f1c9601,outputs/allen_cahn_screen_v1/m1/seed_00066/summary.json,Expériences antérieures M0/M1/M3/M5/M6 ; date exacte non attestée
outputs/allen_cahn_screen_v1/m1/seed_00077/checkpoint_0000600.pt,21799,.pt,990ae80f51da6e2caae98e8e230a0ff62d8cbb9658d966fae1138f46c1b109bd,V06,preserved,local_commit:656050cae337f96fdab3b47ec862ccae4f1c9601,outputs/allen_cahn_screen_v1/m1/seed_00077/checkpoint_0000600.pt,Expériences antérieures M0/M1/M3/M5/M6 ; date exacte non attestée
outputs/allen_cahn_screen_v1/m1/seed_00077/config.resolved.yaml,1217,.yaml,e05b5f1cfbfb8d1e4d0b1e1c8d32b4e8fc0cf6abbf5aa2f5bcf650ec1e773c91,V06,preserved,local_commit:656050cae337f96fdab3b47ec862ccae4f1c9601,outputs/allen_cahn_screen_v1/m1/seed_00077/config.resolved.yaml,Expériences antérieures M0/M1/M3/M5/M6 ; date exacte non attestée
outputs/allen_cahn_screen_v1/m1/seed_00077/environment.json,270,.json,81e8b8ec1f0e36812a60c59a8df82f8463f4b7cdc0f374d41177cd34430c2417,V06,preserved,local_commit:656050cae337f96fdab3b47ec862ccae4f1c9601,outputs/allen_cahn_screen_v1/m1/seed_00077/environment.json,Expériences antérieures M0/M1/M3/M5/M6 ; date exacte non attestée
outputs/allen_cahn_screen_v1/m1/seed_00077/metrics.csv,9183,.csv,3bc1580ad9fa4b5f9714c5e707ee48bd3568630b455279cbbfd8a7867d84f64a,V06,preserved,local_commit:656050cae337f96fdab3b47ec862ccae4f1c9601,outputs/allen_cahn_screen_v1/m1/seed_00077/metrics.csv,Expériences antérieures M0/M1/M3/M5/M6 ; date exacte non attestée
outputs/allen_cahn_screen_v1/m1/seed_00077/model.pt,21105,.pt,e95091577f7076d7d3b88eccffcf09ef4d09b2b25357efc9905bc341def2a613,V06,preserved,local_commit:656050cae337f96fdab3b47ec862ccae4f1c9601,outputs/allen_cahn_screen_v1/m1/seed_00077/model.pt,Expériences antérieures M0/M1/M3/M5/M6 ; date exacte non attestée
outputs/allen_cahn_screen_v1/m1/seed_00077/summary.json,1906,.json,893f4dd4b50f21454c99d2fad48edebbe0a50bfdd14d6146275b715a2f7e2d35,V06,preserved,local_commit:656050cae337f96fdab3b47ec862ccae4f1c9601,outputs/allen_cahn_screen_v1/m1/seed_00077/summary.json,Expériences antérieures M0/M1/M3/M5/M6 ; date exacte non attestée
outputs/allen_cahn_screen_v1/m1/seed_00088/checkpoint_0000600.pt,21799,.pt,91da91d3b6d97ce0be625258e771fdf23c511c1ede76ae08b0bbf981ad048c9e,V06,preserved,local_commit:656050cae337f96fdab3b47ec862ccae4f1c9601,outputs/allen_cahn_screen_v1/m1/seed_00088/checkpoint_0000600.pt,Expériences antérieures M0/M1/M3/M5/M6 ; date exacte non attestée
outputs/allen_cahn_screen_v1/m1/seed_00088/config.resolved.yaml,1217,.yaml,f6bd99c3e3a817b460ef806c36d80c1c4dbd30399464d493f68b73064b8e5ed6,V06,preserved,local_commit:656050cae337f96fdab3b47ec862ccae4f1c9601,outputs/allen_cahn_screen_v1/m1/seed_00088/config.resolved.yaml,Expériences antérieures M0/M1/M3/M5/M6 ; date exacte non attestée
outputs/allen_cahn_screen_v1/m1/seed_00088/environment.json,270,.json,81e8b8ec1f0e36812a60c59a8df82f8463f4b7cdc0f374d41177cd34430c2417,V06,preserved,local_commit:656050cae337f96fdab3b47ec862ccae4f1c9601,outputs/allen_cahn_screen_v1/m1/seed_00088/environment.json,Expériences antérieures M0/M1/M3/M5/M6 ; date exacte non attestée
outputs/allen_cahn_screen_v1/m1/seed_00088/metrics.csv,9166,.csv,17eb43bd06e5ce09a5188e28d1321a691d93fa8ff7f6d4806d6958a113ff3f65,V06,preserved,local_commit:656050cae337f96fdab3b47ec862ccae4f1c9601,outputs/allen_cahn_screen_v1/m1/seed_00088/metrics.csv,Expériences antérieures M0/M1/M3/M5/M6 ; date exacte non attestée
outputs/allen_cahn_screen_v1/m1/seed_00088/model.pt,21105,.pt,781a0de85ee33590fbb00b6fd3e7cc3b551a8c033f56cbf80cf07f0695cc7fd2,V06,preserved,local_commit:656050cae337f96fdab3b47ec862ccae4f1c9601,outputs/allen_cahn_screen_v1/m1/seed_00088/model.pt,Expériences antérieures M0/M1/M3/M5/M6 ; date exacte non attestée
outputs/allen_cahn_screen_v1/m1/seed_00088/summary.json,1906,.json,23f596535c2401852862c5d9094e5c79d7ab6df9cc9a19855d0ba9f4b33e1943,V06,preserved,local_commit:656050cae337f96fdab3b47ec862ccae4f1c9601,outputs/allen_cahn_screen_v1/m1/seed_00088/summary.json,Expériences antérieures M0/M1/M3/M5/M6 ; date exacte non attestée
outputs/allen_cahn_screen_v1/m1/seed_00099/checkpoint_0000600.pt,21799,.pt,753f26d7a9c6becd84212005e361a916e4cff39311655974de3704149449f77a,V06,preserved,local_commit:656050cae337f96fdab3b47ec862ccae4f1c9601,outputs/allen_cahn_screen_v1/m1/seed_00099/checkpoint_0000600.pt,Expériences antérieures M0/M1/M3/M5/M6 ; date exacte non attestée
outputs/allen_cahn_screen_v1/m1/seed_00099/config.resolved.yaml,1217,.yaml,03ff6ceb5d2299b78317b21a22d13b42bfb13d2e94c03243cdbc3b7e3fef4295,V06,preserved,local_commit:656050cae337f96fdab3b47ec862ccae4f1c9601,outputs/allen_cahn_screen_v1/m1/seed_00099/config.resolved.yaml,Expériences antérieures M0/M1/M3/M5/M6 ; date exacte non attestée
outputs/allen_cahn_screen_v1/m1/seed_00099/environment.json,270,.json,81e8b8ec1f0e36812a60c59a8df82f8463f4b7cdc0f374d41177cd34430c2417,V06,preserved,local_commit:656050cae337f96fdab3b47ec862ccae4f1c9601,outputs/allen_cahn_screen_v1/m1/seed_00099/environment.json,Expériences antérieures M0/M1/M3/M5/M6 ; date exacte non attestée
outputs/allen_cahn_screen_v1/m1/seed_00099/metrics.csv,9163,.csv,3cacd153f4d1a771af894743f26443d23d9070df6c50817ed8d709070e8f54bb,V06,preserved,local_commit:656050cae337f96fdab3b47ec862ccae4f1c9601,outputs/allen_cahn_screen_v1/m1/seed_00099/metrics.csv,Expériences antérieures M0/M1/M3/M5/M6 ; date exacte non attestée
outputs/allen_cahn_screen_v1/m1/seed_00099/model.pt,21105,.pt,47342310b38bf40f670b24cbabf44f66a72ca96bc747ed07d3841c8c6ad3760e,V06,preserved,local_commit:656050cae337f96fdab3b47ec862ccae4f1c9601,outputs/allen_cahn_screen_v1/m1/seed_00099/model.pt,Expériences antérieures M0/M1/M3/M5/M6 ; date exacte non attestée
outputs/allen_cahn_screen_v1/m1/seed_00099/summary.json,1903,.json,fac9a49dde1446ce2a4ed9866458c830a8689cb8dc5e5493baa70effce6323c6,V06,preserved,local_commit:656050cae337f96fdab3b47ec862ccae4f1c9601,outputs/allen_cahn_screen_v1/m1/seed_00099/summary.json,Expériences antérieures M0/M1/M3/M5/M6 ; date exacte non attestée
outputs/allen_cahn_screen_v1/m1/seed_00111/checkpoint_0000600.pt,21799,.pt,385b0a359e492122a4dd24819343468b4a25462d834dcf12b1ddd8c6233661cd,V06,preserved,local_commit:656050cae337f96fdab3b47ec862ccae4f1c9601,outputs/allen_cahn_screen_v1/m1/seed_00111/checkpoint_0000600.pt,Expériences antérieures M0/M1/M3/M5/M6 ; date exacte non attestée
outputs/allen_cahn_screen_v1/m1/seed_00111/config.resolved.yaml,1218,.yaml,3f6f2280afe5deb173bf71ec8cc071bdd375a9e14ecd09c2d7613ca22a608dc7,V06,preserved,local_commit:656050cae337f96fdab3b47ec862ccae4f1c9601,outputs/allen_cahn_screen_v1/m1/seed_00111/config.resolved.yaml,Expériences antérieures M0/M1/M3/M5/M6 ; date exacte non attestée
outputs/allen_cahn_screen_v1/m1/seed_00111/environment.json,270,.json,81e8b8ec1f0e36812a60c59a8df82f8463f4b7cdc0f374d41177cd34430c2417,V06,preserved,local_commit:656050cae337f96fdab3b47ec862ccae4f1c9601,outputs/allen_cahn_screen_v1/m1/seed_00111/environment.json,Expériences antérieures M0/M1/M3/M5/M6 ; date exacte non attestée
outputs/allen_cahn_screen_v1/m1/seed_00111/metrics.csv,9122,.csv,013d2b4b6dc6d8b06c852688ee3c3d29a710a85a4b8527300f64d96b4545c6a0,V06,preserved,local_commit:656050cae337f96fdab3b47ec862ccae4f1c9601,outputs/allen_cahn_screen_v1/m1/seed_00111/metrics.csv,Expériences antérieures M0/M1/M3/M5/M6 ; date exacte non attestée
outputs/allen_cahn_screen_v1/m1/seed_00111/model.pt,21105,.pt,7adddf2322676a3f974a1c0c51e7387e5258cdd00a6836ed5ba60092bce73ec8,V06,preserved,local_commit:656050cae337f96fdab3b47ec862ccae4f1c9601,outputs/allen_cahn_screen_v1/m1/seed_00111/model.pt,Expériences antérieures M0/M1/M3/M5/M6 ; date exacte non attestée
outputs/allen_cahn_screen_v1/m1/seed_00111/summary.json,1902,.json,6ca58b0c063c71255ecb0c0c9bb56a9a2dfb5f2b19b8f10c9e07300c17e95ce3,V06,preserved,local_commit:656050cae337f96fdab3b47ec862ccae4f1c9601,outputs/allen_cahn_screen_v1/m1/seed_00111/summary.json,Expériences antérieures M0/M1/M3/M5/M6 ; date exacte non attestée
outputs/allen_cahn_screen_v1/m5/seed_00011/checkpoint_0000600.pt,21799,.pt,8812219f0fc28696487d1ba89a9b103c45cc6a1a486928e4076ed4e5b25dc95f,V06,preserved,local_commit:656050cae337f96fdab3b47ec862ccae4f1c9601,outputs/allen_cahn_screen_v1/m5/seed_00011/checkpoint_0000600.pt,Expériences antérieures M0/M1/M3/M5/M6 ; date exacte non attestée
outputs/allen_cahn_screen_v1/m5/seed_00011/config.resolved.yaml,1217,.yaml,ec544e0d779e33a9e3c7325d767a30eba67cad434bf49e5eafba5d310718443a,V06,preserved,local_commit:656050cae337f96fdab3b47ec862ccae4f1c9601,outputs/allen_cahn_screen_v1/m5/seed_00011/config.resolved.yaml,Expériences antérieures M0/M1/M3/M5/M6 ; date exacte non attestée
outputs/allen_cahn_screen_v1/m5/seed_00011/environment.json,270,.json,81e8b8ec1f0e36812a60c59a8df82f8463f4b7cdc0f374d41177cd34430c2417,V06,preserved,local_commit:656050cae337f96fdab3b47ec862ccae4f1c9601,outputs/allen_cahn_screen_v1/m5/seed_00011/environment.json,Expériences antérieures M0/M1/M3/M5/M6 ; date exacte non attestée
outputs/allen_cahn_screen_v1/m5/seed_00011/metrics.csv,10134,.csv,abbcc0a60deba3f03ea17ba17bcb5ba2b773e683f8aae7963ec65c9ffc33db8f,V06,preserved,local_commit:656050cae337f96fdab3b47ec862ccae4f1c9601,outputs/allen_cahn_screen_v1/m5/seed_00011/metrics.csv,Expériences antérieures M0/M1/M3/M5/M6 ; date exacte non attestée
outputs/allen_cahn_screen_v1/m5/seed_00011/model.pt,21105,.pt,7e8159cd10b0e5ed379eebd26dad245e6f92a228b5955959de1b61527bf8d5d2,V06,preserved,local_commit:656050cae337f96fdab3b47ec862ccae4f1c9601,outputs/allen_cahn_screen_v1/m5/seed_00011/model.pt,Expériences antérieures M0/M1/M3/M5/M6 ; date exacte non attestée
outputs/allen_cahn_screen_v1/m5/seed_00011/summary.json,1963,.json,fd0029aa0b626d335e57189a13f627769ad878c05f6ca655628275120c3452f2,V06,preserved,local_commit:656050cae337f96fdab3b47ec862ccae4f1c9601,outputs/allen_cahn_screen_v1/m5/seed_00011/summary.json,Expériences antérieures M0/M1/M3/M5/M6 ; date exacte non attestée
outputs/allen_cahn_screen_v1/m5/seed_00022/checkpoint_0000600.pt,21799,.pt,eb339acd903e21d0977fe885d43ac04a0b1828e5d74a9f6afbd873052346101d,V06,preserved,local_commit:656050cae337f96fdab3b47ec862ccae4f1c9601,outputs/allen_cahn_screen_v1/m5/seed_00022/checkpoint_0000600.pt,Expériences antérieures M0/M1/M3/M5/M6 ; date exacte non attestée
outputs/allen_cahn_screen_v1/m5/seed_00022/config.resolved.yaml,1217,.yaml,9b151a236bd293efae7d9832df851d9f1f43ef43907e3fee88fa88e5466b9b86,V06,preserved,local_commit:656050cae337f96fdab3b47ec862ccae4f1c9601,outputs/allen_cahn_screen_v1/m5/seed_00022/config.resolved.yaml,Expériences antérieures M0/M1/M3/M5/M6 ; date exacte non attestée
outputs/allen_cahn_screen_v1/m5/seed_00022/environment.json,270,.json,81e8b8ec1f0e36812a60c59a8df82f8463f4b7cdc0f374d41177cd34430c2417,V06,preserved,local_commit:656050cae337f96fdab3b47ec862ccae4f1c9601,outputs/allen_cahn_screen_v1/m5/seed_00022/environment.json,Expériences antérieures M0/M1/M3/M5/M6 ; date exacte non attestée
outputs/allen_cahn_screen_v1/m5/seed_00022/metrics.csv,10124,.csv,1085493e5b82944e7f2a9f9b5b807a6382ba21e4a8cded1bbeb7aa2eccbaf9ff,V06,preserved,local_commit:656050cae337f96fdab3b47ec862ccae4f1c9601,outputs/allen_cahn_screen_v1/m5/seed_00022/metrics.csv,Expériences antérieures M0/M1/M3/M5/M6 ; date exacte non attestée
outputs/allen_cahn_screen_v1/m5/seed_00022/model.pt,21105,.pt,44edae0da78678d02c96efb259b860bc77338c53f86eb9e6d2d808969a585fa2,V06,preserved,local_commit:656050cae337f96fdab3b47ec862ccae4f1c9601,outputs/allen_cahn_screen_v1/m5/seed_00022/model.pt,Expériences antérieures M0/M1/M3/M5/M6 ; date exacte non attestée
outputs/allen_cahn_screen_v1/m5/seed_00022/summary.json,1965,.json,8696fbdd8da9d317ae889871a269bcdf03a9fcdc0f6a885cb1be66edf76603fd,V06,preserved,local_commit:656050cae337f96fdab3b47ec862ccae4f1c9601,outputs/allen_cahn_screen_v1/m5/seed_00022/summary.json,Expériences antérieures M0/M1/M3/M5/M6 ; date exacte non attestée
outputs/allen_cahn_screen_v1/m5/seed_00033/checkpoint_0000600.pt,21799,.pt,3ba8fd7eea4911083f7e6ea4617cd077c8ec89ecc7a6d467a50a3016730fd4e5,V06,preserved,local_commit:656050cae337f96fdab3b47ec862ccae4f1c9601,outputs/allen_cahn_screen_v1/m5/seed_00033/checkpoint_0000600.pt,Expériences antérieures M0/M1/M3/M5/M6 ; date exacte non attestée
outputs/allen_cahn_screen_v1/m5/seed_00033/config.resolved.yaml,1217,.yaml,3ef4f7b690391d3ae36b8f8baa90002fb125e4fea246b7b4bf8e3673172a2b9b,V06,preserved,local_commit:656050cae337f96fdab3b47ec862ccae4f1c9601,outputs/allen_cahn_screen_v1/m5/seed_00033/config.resolved.yaml,Expériences antérieures M0/M1/M3/M5/M6 ; date exacte non attestée
outputs/allen_cahn_screen_v1/m5/seed_00033/environment.json,270,.json,81e8b8ec1f0e36812a60c59a8df82f8463f4b7cdc0f374d41177cd34430c2417,V06,preserved,local_commit:656050cae337f96fdab3b47ec862ccae4f1c9601,outputs/allen_cahn_screen_v1/m5/seed_00033/environment.json,Expériences antérieures M0/M1/M3/M5/M6 ; date exacte non attestée
outputs/allen_cahn_screen_v1/m5/seed_00033/metrics.csv,10176,.csv,d4552d071da6540e7bd2c2dfd5c5130bfcd5d610a94d2f8cd3508eb39cc5f509,V06,preserved,local_commit:656050cae337f96fdab3b47ec862ccae4f1c9601,outputs/allen_cahn_screen_v1/m5/seed_00033/metrics.csv,Expériences antérieures M0/M1/M3/M5/M6 ; date exacte non attestée
outputs/allen_cahn_screen_v1/m5/seed_00033/model.pt,21105,.pt,dd2c72b5c82e47720d3cc0bfcda6bcc80552386a0f62cde82ba097272059ef15,V06,preserved,local_commit:656050cae337f96fdab3b47ec862ccae4f1c9601,outputs/allen_cahn_screen_v1/m5/seed_00033/model.pt,Expériences antérieures M0/M1/M3/M5/M6 ; date exacte non attestée
outputs/allen_cahn_screen_v1/m5/seed_00033/summary.json,1958,.json,d751580b5f6dcec617719b754167cf2cef38942ab5707b9ab4ddb3df9133e819,V06,preserved,local_commit:656050cae337f96fdab3b47ec862ccae4f1c9601,outputs/allen_cahn_screen_v1/m5/seed_00033/summary.json,Expériences antérieures M0/M1/M3/M5/M6 ; date exacte non attestée
outputs/allen_cahn_screen_v1/m5/seed_00044/checkpoint_0000600.pt,21799,.pt,438f3d07c4c7daa5c601991b911f67d24524226fc7a58d3acda6ce44a5c4e597,V06,preserved,local_commit:656050cae337f96fdab3b47ec862ccae4f1c9601,outputs/allen_cahn_screen_v1/m5/seed_00044/checkpoint_0000600.pt,Expériences antérieures M0/M1/M3/M5/M6 ; date exacte non attestée
outputs/allen_cahn_screen_v1/m5/seed_00044/config.resolved.yaml,1217,.yaml,62657a6fd7053c4b77a71dd3c2d80668588c87b6fbbb4deefc2f53ae609d04eb,V06,preserved,local_commit:656050cae337f96fdab3b47ec862ccae4f1c9601,outputs/allen_cahn_screen_v1/m5/seed_00044/config.resolved.yaml,Expériences antérieures M0/M1/M3/M5/M6 ; date exacte non attestée
outputs/allen_cahn_screen_v1/m5/seed_00044/environment.json,270,.json,81e8b8ec1f0e36812a60c59a8df82f8463f4b7cdc0f374d41177cd34430c2417,V06,preserved,local_commit:656050cae337f96fdab3b47ec862ccae4f1c9601,outputs/allen_cahn_screen_v1/m5/seed_00044/environment.json,Expériences antérieures M0/M1/M3/M5/M6 ; date exacte non attestée
outputs/allen_cahn_screen_v1/m5/seed_00044/metrics.csv,10105,.csv,0b84adb9ad8036367112d5078de16d06c7e4251885efe715bc18d37d53309f1b,V06,preserved,local_commit:656050cae337f96fdab3b47ec862ccae4f1c9601,outputs/allen_cahn_screen_v1/m5/seed_00044/metrics.csv,Expériences antérieures M0/M1/M3/M5/M6 ; date exacte non attestée
outputs/allen_cahn_screen_v1/m5/seed_00044/model.pt,21105,.pt,739ba4769c09ae6de357fba26b6972d966cabd2703d8ff31c02585d2df340d11,V06,preserved,local_commit:656050cae337f96fdab3b47ec862ccae4f1c9601,outputs/allen_cahn_screen_v1/m5/seed_00044/model.pt,Expériences antérieures M0/M1/M3/M5/M6 ; date exacte non attestée
outputs/allen_cahn_screen_v1/m5/seed_00044/summary.json,1958,.json,3df024ff62f58f583ead0a082322b1262137fc2e06b9f11738796b626eeb11ec,V06,preserved,local_commit:656050cae337f96fdab3b47ec862ccae4f1c9601,outputs/allen_cahn_screen_v1/m5/seed_00044/summary.json,Expériences antérieures M0/M1/M3/M5/M6 ; date exacte non attestée
outputs/allen_cahn_screen_v1/m5/seed_00055/checkpoint_0000600.pt,21799,.pt,37b28ade05acc38422d56a7a37a65bfcfde8a4dec93a60e64fa7307adab5140c,V06,preserved,local_commit:656050cae337f96fdab3b47ec862ccae4f1c9601,outputs/allen_cahn_screen_v1/m5/seed_00055/checkpoint_0000600.pt,Expériences antérieures M0/M1/M3/M5/M6 ; date exacte non attestée
outputs/allen_cahn_screen_v1/m5/seed_00055/config.resolved.yaml,1217,.yaml,fb38cb7099c3bd278dd25ccf03752c5b9439cc1cee0552da385bd05f527b5a1a,V06,preserved,local_commit:656050cae337f96fdab3b47ec862ccae4f1c9601,outputs/allen_cahn_screen_v1/m5/seed_00055/config.resolved.yaml,Expériences antérieures M0/M1/M3/M5/M6 ; date exacte non attestée
outputs/allen_cahn_screen_v1/m5/seed_00055/environment.json,270,.json,81e8b8ec1f0e36812a60c59a8df82f8463f4b7cdc0f374d41177cd34430c2417,V06,preserved,local_commit:656050cae337f96fdab3b47ec862ccae4f1c9601,outputs/allen_cahn_screen_v1/m5/seed_00055/environment.json,Expériences antérieures M0/M1/M3/M5/M6 ; date exacte non attestée
outputs/allen_cahn_screen_v1/m5/seed_00055/metrics.csv,10134,.csv,bfcf81673e5a8c3d035346401f8be9173e672c523bdbd5e1b2ca8da97557683b,V06,preserved,local_commit:656050cae337f96fdab3b47ec862ccae4f1c9601,outputs/allen_cahn_screen_v1/m5/seed_00055/metrics.csv,Expériences antérieures M0/M1/M3/M5/M6 ; date exacte non attestée
outputs/allen_cahn_screen_v1/m5/seed_00055/model.pt,21105,.pt,9adcdd39cd5c10b615405c55f5fc471d85dc0301b32b557dfb48357986b309cc,V06,preserved,local_commit:656050cae337f96fdab3b47ec862ccae4f1c9601,outputs/allen_cahn_screen_v1/m5/seed_00055/model.pt,Expériences antérieures M0/M1/M3/M5/M6 ; date exacte non attestée
outputs/allen_cahn_screen_v1/m5/seed_00055/summary.json,1958,.json,79d702c026fe59be2e2e69b0d63b62be4d71ae62d7b0d4b936bc4342194e7621,V06,preserved,local_commit:656050cae337f96fdab3b47ec862ccae4f1c9601,outputs/allen_cahn_screen_v1/m5/seed_00055/summary.json,Expériences antérieures M0/M1/M3/M5/M6 ; date exacte non attestée
outputs/allen_cahn_screen_v1/m5/seed_00066/checkpoint_0000600.pt,21799,.pt,ac85e27ffd3be015bd48055143bcd5ac9de228ea34f2877d462f7388e2c33ee2,V06,preserved,local_commit:656050cae337f96fdab3b47ec862ccae4f1c9601,outputs/allen_cahn_screen_v1/m5/seed_00066/checkpoint_0000600.pt,Expériences antérieures M0/M1/M3/M5/M6 ; date exacte non attestée
outputs/allen_cahn_screen_v1/m5/seed_00066/config.resolved.yaml,1217,.yaml,f19141e48f01cbb9ee80b55d2aa85c1d7a5c5e277ccffdccfb331ad83c003afb,V06,preserved,local_commit:656050cae337f96fdab3b47ec862ccae4f1c9601,outputs/allen_cahn_screen_v1/m5/seed_00066/config.resolved.yaml,Expériences antérieures M0/M1/M3/M5/M6 ; date exacte non attestée
outputs/allen_cahn_screen_v1/m5/seed_00066/environment.json,270,.json,81e8b8ec1f0e36812a60c59a8df82f8463f4b7cdc0f374d41177cd34430c2417,V06,preserved,local_commit:656050cae337f96fdab3b47ec862ccae4f1c9601,outputs/allen_cahn_screen_v1/m5/seed_00066/environment.json,Expériences antérieures M0/M1/M3/M5/M6 ; date exacte non attestée
outputs/allen_cahn_screen_v1/m5/seed_00066/metrics.csv,10164,.csv,de9206fa88d977a7d6ab44cc0583b21bf7999c7f408a7302964eeb3d662ffb3f,V06,preserved,local_commit:656050cae337f96fdab3b47ec862ccae4f1c9601,outputs/allen_cahn_screen_v1/m5/seed_00066/metrics.csv,Expériences antérieures M0/M1/M3/M5/M6 ; date exacte non attestée
outputs/allen_cahn_screen_v1/m5/seed_00066/model.pt,21105,.pt,06981f6ff4701bc8483918b83d8b575b8a7f5f27fc9696a4f81f75638c73291e,V06,preserved,local_commit:656050cae337f96fdab3b47ec862ccae4f1c9601,outputs/allen_cahn_screen_v1/m5/seed_00066/model.pt,Expériences antérieures M0/M1/M3/M5/M6 ; date exacte non attestée
outputs/allen_cahn_screen_v1/m5/seed_00066/summary.json,1963,.json,0d64ee586d4cd5a4beadb62ace308034626822c1af467b891fb57b4223deb380,V06,preserved,local_commit:656050cae337f96fdab3b47ec862ccae4f1c9601,outputs/allen_cahn_screen_v1/m5/seed_00066/summary.json,Expériences antérieures M0/M1/M3/M5/M6 ; date exacte non attestée
outputs/allen_cahn_screen_v1/m5/seed_00077/checkpoint_0000600.pt,21799,.pt,73d4e2f1a1453cbdafa5623e6446bc6f42067eaaa288bbed330fcb56dd8ffafd,V06,preserved,local_commit:656050cae337f96fdab3b47ec862ccae4f1c9601,outputs/allen_cahn_screen_v1/m5/seed_00077/checkpoint_0000600.pt,Expériences antérieures M0/M1/M3/M5/M6 ; date exacte non attestée
outputs/allen_cahn_screen_v1/m5/seed_00077/config.resolved.yaml,1217,.yaml,d6bf706db8fffa8a307ca8586fa20a94b67acf0433dd2670fdd14122a47f07c2,V06,preserved,local_commit:656050cae337f96fdab3b47ec862ccae4f1c9601,outputs/allen_cahn_screen_v1/m5/seed_00077/config.resolved.yaml,Expériences antérieures M0/M1/M3/M5/M6 ; date exacte non attestée
outputs/allen_cahn_screen_v1/m5/seed_00077/environment.json,270,.json,81e8b8ec1f0e36812a60c59a8df82f8463f4b7cdc0f374d41177cd34430c2417,V06,preserved,local_commit:656050cae337f96fdab3b47ec862ccae4f1c9601,outputs/allen_cahn_screen_v1/m5/seed_00077/environment.json,Expériences antérieures M0/M1/M3/M5/M6 ; date exacte non attestée
outputs/allen_cahn_screen_v1/m5/seed_00077/metrics.csv,8943,.csv,814e349c56c0cde49279e0cf9dac4fcb999d8b57121953c7f6672c6db281e21d,V06,preserved,local_commit:656050cae337f96fdab3b47ec862ccae4f1c9601,outputs/allen_cahn_screen_v1/m5/seed_00077/metrics.csv,Expériences antérieures M0/M1/M3/M5/M6 ; date exacte non attestée
outputs/allen_cahn_screen_v1/m5/seed_00077/model.pt,21105,.pt,89a44c23614a25a9da26aa38c2b4bb30fe8a92ca50f93eda951a84cd56c9400c,V06,preserved,local_commit:656050cae337f96fdab3b47ec862ccae4f1c9601,outputs/allen_cahn_screen_v1/m5/seed_00077/model.pt,Expériences antérieures M0/M1/M3/M5/M6 ; date exacte non attestée
outputs/allen_cahn_screen_v1/m5/seed_00077/summary.json,1960,.json,f8a2e4b4348dea5973e75437c104612a8c0c5f7bb42ffdd0ece88c6dc8532ef7,V06,preserved,local_commit:656050cae337f96fdab3b47ec862ccae4f1c9601,outputs/allen_cahn_screen_v1/m5/seed_00077/summary.json,Expériences antérieures M0/M1/M3/M5/M6 ; date exacte non attestée
outputs/allen_cahn_screen_v1/m5/seed_00088/checkpoint_0000600.pt,21799,.pt,2de4e047db1786c4a070bbffee9862a50611001f18bc218c426784fe2f66f45d,V06,preserved,local_commit:656050cae337f96fdab3b47ec862ccae4f1c9601,outputs/allen_cahn_screen_v1/m5/seed_00088/checkpoint_0000600.pt,Expériences antérieures M0/M1/M3/M5/M6 ; date exacte non attestée
outputs/allen_cahn_screen_v1/m5/seed_00088/config.resolved.yaml,1217,.yaml,85e461c73a66f2b7a8161a789f21d480dbed6b15b1b16fb2003aadba97b242bb,V06,preserved,local_commit:656050cae337f96fdab3b47ec862ccae4f1c9601,outputs/allen_cahn_screen_v1/m5/seed_00088/config.resolved.yaml,Expériences antérieures M0/M1/M3/M5/M6 ; date exacte non attestée
outputs/allen_cahn_screen_v1/m5/seed_00088/environment.json,270,.json,81e8b8ec1f0e36812a60c59a8df82f8463f4b7cdc0f374d41177cd34430c2417,V06,preserved,local_commit:656050cae337f96fdab3b47ec862ccae4f1c9601,outputs/allen_cahn_screen_v1/m5/seed_00088/environment.json,Expériences antérieures M0/M1/M3/M5/M6 ; date exacte non attestée
outputs/allen_cahn_screen_v1/m5/seed_00088/metrics.csv,10114,.csv,46e7551aa9076c19581cb499b7770c18663b00acddf611e83c9511f63e24c08f,V06,preserved,local_commit:656050cae337f96fdab3b47ec862ccae4f1c9601,outputs/allen_cahn_screen_v1/m5/seed_00088/metrics.csv,Expériences antérieures M0/M1/M3/M5/M6 ; date exacte non attestée
outputs/allen_cahn_screen_v1/m5/seed_00088/model.pt,21105,.pt,32b95c1db9d4c5adfa4ed7a9567645fb7a6131e659328daa8ec030b4e1f42185,V06,preserved,local_commit:656050cae337f96fdab3b47ec862ccae4f1c9601,outputs/allen_cahn_screen_v1/m5/seed_00088/model.pt,Expériences antérieures M0/M1/M3/M5/M6 ; date exacte non attestée
outputs/allen_cahn_screen_v1/m5/seed_00088/summary.json,1957,.json,24ee6cbea2dce2874a6573d54355684e3493d3cb5d112e9fd1fd9c64f09f1dc5,V06,preserved,local_commit:656050cae337f96fdab3b47ec862ccae4f1c9601,outputs/allen_cahn_screen_v1/m5/seed_00088/summary.json,Expériences antérieures M0/M1/M3/M5/M6 ; date exacte non attestée
outputs/allen_cahn_screen_v1/m5/seed_00099/checkpoint_0000600.pt,21799,.pt,5a0e8aa7d6ce982d1e9773a9d662919ffce3b748e1849dc302f754c67ce01069,V06,preserved,local_commit:656050cae337f96fdab3b47ec862ccae4f1c9601,outputs/allen_cahn_screen_v1/m5/seed_00099/checkpoint_0000600.pt,Expériences antérieures M0/M1/M3/M5/M6 ; date exacte non attestée
outputs/allen_cahn_screen_v1/m5/seed_00099/config.resolved.yaml,1217,.yaml,5378cfdecab63cceab3baeaff00467896ab64b5e86d3c4933a0dba99815f2a03,V06,preserved,local_commit:656050cae337f96fdab3b47ec862ccae4f1c9601,outputs/allen_cahn_screen_v1/m5/seed_00099/config.resolved.yaml,Expériences antérieures M0/M1/M3/M5/M6 ; date exacte non attestée
outputs/allen_cahn_screen_v1/m5/seed_00099/environment.json,270,.json,81e8b8ec1f0e36812a60c59a8df82f8463f4b7cdc0f374d41177cd34430c2417,V06,preserved,local_commit:656050cae337f96fdab3b47ec862ccae4f1c9601,outputs/allen_cahn_screen_v1/m5/seed_00099/environment.json,Expériences antérieures M0/M1/M3/M5/M6 ; date exacte non attestée
outputs/allen_cahn_screen_v1/m5/seed_00099/metrics.csv,10149,.csv,2d867d14eb2249ed28da9fc0a9899a3a652867185503626d2928ce0168aba62d,V06,preserved,local_commit:656050cae337f96fdab3b47ec862ccae4f1c9601,outputs/allen_cahn_screen_v1/m5/seed_00099/metrics.csv,Expériences antérieures M0/M1/M3/M5/M6 ; date exacte non attestée
outputs/allen_cahn_screen_v1/m5/seed_00099/model.pt,21105,.pt,f14424d18445e6fb2fa8a2f2c1e3925ba465c94347c403ecc96e2d5f01ac60c9,V06,preserved,local_commit:656050cae337f96fdab3b47ec862ccae4f1c9601,outputs/allen_cahn_screen_v1/m5/seed_00099/model.pt,Expériences antérieures M0/M1/M3/M5/M6 ; date exacte non attestée
outputs/allen_cahn_screen_v1/m5/seed_00099/summary.json,1961,.json,0cda2edda45a4a22fccca7727ef64258fc1b371ecbfac569bc0312f6882e1117,V06,preserved,local_commit:656050cae337f96fdab3b47ec862ccae4f1c9601,outputs/allen_cahn_screen_v1/m5/seed_00099/summary.json,Expériences antérieures M0/M1/M3/M5/M6 ; date exacte non attestée
outputs/allen_cahn_screen_v1/m5/seed_00111/checkpoint_0000600.pt,21799,.pt,62c209460e9e3b91ca5d3ff62508be4ec41f0feba6f6f79126a760aeedd2af0e,V06,preserved,local_commit:656050cae337f96fdab3b47ec862ccae4f1c9601,outputs/allen_cahn_screen_v1/m5/seed_00111/checkpoint_0000600.pt,Expériences antérieures M0/M1/M3/M5/M6 ; date exacte non attestée
outputs/allen_cahn_screen_v1/m5/seed_00111/config.resolved.yaml,1218,.yaml,9f608fe1d681e0fe43653896d1e545138d77a500900030a5808987e6641e0592,V06,preserved,local_commit:656050cae337f96fdab3b47ec862ccae4f1c9601,outputs/allen_cahn_screen_v1/m5/seed_00111/config.resolved.yaml,Expériences antérieures M0/M1/M3/M5/M6 ; date exacte non attestée
outputs/allen_cahn_screen_v1/m5/seed_00111/environment.json,270,.json,81e8b8ec1f0e36812a60c59a8df82f8463f4b7cdc0f374d41177cd34430c2417,V06,preserved,local_commit:656050cae337f96fdab3b47ec862ccae4f1c9601,outputs/allen_cahn_screen_v1/m5/seed_00111/environment.json,Expériences antérieures M0/M1/M3/M5/M6 ; date exacte non attestée
outputs/allen_cahn_screen_v1/m5/seed_00111/metrics.csv,10116,.csv,7b257c27b70a78c381ec913aad3e2f00111daf6a6d083c7080b67c8f4606cbbd,V06,preserved,local_commit:656050cae337f96fdab3b47ec862ccae4f1c9601,outputs/allen_cahn_screen_v1/m5/seed_00111/metrics.csv,Expériences antérieures M0/M1/M3/M5/M6 ; date exacte non attestée
outputs/allen_cahn_screen_v1/m5/seed_00111/model.pt,21105,.pt,fbe141cdf3533547733549351feaa7157fa5e922233cebd296847e638a6d74d0,V06,preserved,local_commit:656050cae337f96fdab3b47ec862ccae4f1c9601,outputs/allen_cahn_screen_v1/m5/seed_00111/model.pt,Expériences antérieures M0/M1/M3/M5/M6 ; date exacte non attestée
outputs/allen_cahn_screen_v1/m5/seed_00111/summary.json,1960,.json,0dbf1490f86bb88f5e24b40e2b7c5fb4347d179e351899f0166d560ba27116db,V06,preserved,local_commit:656050cae337f96fdab3b47ec862ccae4f1c9601,outputs/allen_cahn_screen_v1/m5/seed_00111/summary.json,Expériences antérieures M0/M1/M3/M5/M6 ; date exacte non attestée
outputs/allen_cahn_screen_v1/m6/seed_00011/checkpoint_0000600.pt,21799,.pt,fe24f656f448673819d56faafa87d5107039b73184d23f5f1a550bec87b755cd,V06,preserved,local_commit:656050cae337f96fdab3b47ec862ccae4f1c9601,outputs/allen_cahn_screen_v1/m6/seed_00011/checkpoint_0000600.pt,Expériences antérieures M0/M1/M3/M5/M6 ; date exacte non attestée
outputs/allen_cahn_screen_v1/m6/seed_00011/config.resolved.yaml,1217,.yaml,4f9f0f4fe9738793cb9b9574abf5f49deec0731735393e784c46e6ebe35d1493,V06,preserved,local_commit:656050cae337f96fdab3b47ec862ccae4f1c9601,outputs/allen_cahn_screen_v1/m6/seed_00011/config.resolved.yaml,Expériences antérieures M0/M1/M3/M5/M6 ; date exacte non attestée
outputs/allen_cahn_screen_v1/m6/seed_00011/environment.json,270,.json,81e8b8ec1f0e36812a60c59a8df82f8463f4b7cdc0f374d41177cd34430c2417,V06,preserved,local_commit:656050cae337f96fdab3b47ec862ccae4f1c9601,outputs/allen_cahn_screen_v1/m6/seed_00011/environment.json,Expériences antérieures M0/M1/M3/M5/M6 ; date exacte non attestée
outputs/allen_cahn_screen_v1/m6/seed_00011/metrics.csv,10131,.csv,d6fa30817a8693fb9cc58a69c30ecfa33aaefc0f570f5877e581fbc7d54510e6,V06,preserved,local_commit:656050cae337f96fdab3b47ec862ccae4f1c9601,outputs/allen_cahn_screen_v1/m6/seed_00011/metrics.csv,Expériences antérieures M0/M1/M3/M5/M6 ; date exacte non attestée
outputs/allen_cahn_screen_v1/m6/seed_00011/model.pt,21105,.pt,86460539aea34cb9fce88d2f44fe28ec554d2a3a5b66c9946b5842a7ee90eb63,V06,preserved,local_commit:656050cae337f96fdab3b47ec862ccae4f1c9601,outputs/allen_cahn_screen_v1/m6/seed_00011/model.pt,Expériences antérieures M0/M1/M3/M5/M6 ; date exacte non attestée
outputs/allen_cahn_screen_v1/m6/seed_00011/summary.json,1956,.json,2ff4d172112fce72c77c0398e2b525a3f8f25ac6bb6ce86ab4d9778dbb978459,V06,preserved,local_commit:656050cae337f96fdab3b47ec862ccae4f1c9601,outputs/allen_cahn_screen_v1/m6/seed_00011/summary.json,Expériences antérieures M0/M1/M3/M5/M6 ; date exacte non attestée
outputs/allen_cahn_screen_v1/m6/seed_00022/checkpoint_0000600.pt,21799,.pt,b2d9b717ec1bff64384c279e3cfa9654536f86396a36e7d9cfe187539684f280,V06,preserved,local_commit:656050cae337f96fdab3b47ec862ccae4f1c9601,outputs/allen_cahn_screen_v1/m6/seed_00022/checkpoint_0000600.pt,Expériences antérieures M0/M1/M3/M5/M6 ; date exacte non attestée
outputs/allen_cahn_screen_v1/m6/seed_00022/config.resolved.yaml,1217,.yaml,d1d72289c07a627f3abc7fb7e08002be1ee72efb3e14295ef6f6b9c386f7ff30,V06,preserved,local_commit:656050cae337f96fdab3b47ec862ccae4f1c9601,outputs/allen_cahn_screen_v1/m6/seed_00022/config.resolved.yaml,Expériences antérieures M0/M1/M3/M5/M6 ; date exacte non attestée
outputs/allen_cahn_screen_v1/m6/seed_00022/environment.json,270,.json,81e8b8ec1f0e36812a60c59a8df82f8463f4b7cdc0f374d41177cd34430c2417,V06,preserved,local_commit:656050cae337f96fdab3b47ec862ccae4f1c9601,outputs/allen_cahn_screen_v1/m6/seed_00022/environment.json,Expériences antérieures M0/M1/M3/M5/M6 ; date exacte non attestée
outputs/allen_cahn_screen_v1/m6/seed_00022/metrics.csv,10140,.csv,20b41bad926686257286201f380b94d7d4b1b8233e43cb7cd44bf16b18fe7744,V06,preserved,local_commit:656050cae337f96fdab3b47ec862ccae4f1c9601,outputs/allen_cahn_screen_v1/m6/seed_00022/metrics.csv,Expériences antérieures M0/M1/M3/M5/M6 ; date exacte non attestée
outputs/allen_cahn_screen_v1/m6/seed_00022/model.pt,21105,.pt,1bd8aa11d1122b14a88384bbb71ab6ef24c5789838a874ebe5ea4451942329a9,V06,preserved,local_commit:656050cae337f96fdab3b47ec862ccae4f1c9601,outputs/allen_cahn_screen_v1/m6/seed_00022/model.pt,Expériences antérieures M0/M1/M3/M5/M6 ; date exacte non attestée
outputs/allen_cahn_screen_v1/m6/seed_00022/summary.json,1958,.json,bfb7af73d7dbbf8e94b2327b8ad34a64dcd3661eadda08fdde846e60a1759d61,V06,preserved,local_commit:656050cae337f96fdab3b47ec862ccae4f1c9601,outputs/allen_cahn_screen_v1/m6/seed_00022/summary.json,Expériences antérieures M0/M1/M3/M5/M6 ; date exacte non attestée
outputs/allen_cahn_screen_v1/m6/seed_00033/checkpoint_0000600.pt,21799,.pt,14941474aa4a8950e11750eb76c3fd0e804c231dd1489f972cf474977afbdb6f,V06,preserved,local_commit:656050cae337f96fdab3b47ec862ccae4f1c9601,outputs/allen_cahn_screen_v1/m6/seed_00033/checkpoint_0000600.pt,Expériences antérieures M0/M1/M3/M5/M6 ; date exacte non attestée
outputs/allen_cahn_screen_v1/m6/seed_00033/config.resolved.yaml,1217,.yaml,4d504fd64dd07dd8d44c3dc36875835836732c2c0cbd05ad21d2709a2c3168ed,V06,preserved,local_commit:656050cae337f96fdab3b47ec862ccae4f1c9601,outputs/allen_cahn_screen_v1/m6/seed_00033/config.resolved.yaml,Expériences antérieures M0/M1/M3/M5/M6 ; date exacte non attestée
outputs/allen_cahn_screen_v1/m6/seed_00033/environment.json,270,.json,81e8b8ec1f0e36812a60c59a8df82f8463f4b7cdc0f374d41177cd34430c2417,V06,preserved,local_commit:656050cae337f96fdab3b47ec862ccae4f1c9601,outputs/allen_cahn_screen_v1/m6/seed_00033/environment.json,Expériences antérieures M0/M1/M3/M5/M6 ; date exacte non attestée
outputs/allen_cahn_screen_v1/m6/seed_00033/metrics.csv,10185,.csv,92e89cb2f529636daa09cd630a4cecd20d71bf1c3565e02ed155943c3de630d5,V06,preserved,local_commit:656050cae337f96fdab3b47ec862ccae4f1c9601,outputs/allen_cahn_screen_v1/m6/seed_00033/metrics.csv,Expériences antérieures M0/M1/M3/M5/M6 ; date exacte non attestée
outputs/allen_cahn_screen_v1/m6/seed_00033/model.pt,21105,.pt,99f6908e3615ec14078f56a55f936f69708d66a0d6ab8c9e3bb373faf11569ea,V06,preserved,local_commit:656050cae337f96fdab3b47ec862ccae4f1c9601,outputs/allen_cahn_screen_v1/m6/seed_00033/model.pt,Expériences antérieures M0/M1/M3/M5/M6 ; date exacte non attestée
outputs/allen_cahn_screen_v1/m6/seed_00033/summary.json,1959,.json,33a660c75a282dbe64ebeab45a2aa02b8413e22a4d4c5cd4d82042d291e4ee34,V06,preserved,local_commit:656050cae337f96fdab3b47ec862ccae4f1c9601,outputs/allen_cahn_screen_v1/m6/seed_00033/summary.json,Expériences antérieures M0/M1/M3/M5/M6 ; date exacte non attestée
outputs/allen_cahn_screen_v1/m6/seed_00044/checkpoint_0000600.pt,21799,.pt,ad4151cd6a31a0ab86c34b99aaa160eeb7acbe979249eae5538c624b9cbbc3f1,V06,preserved,local_commit:656050cae337f96fdab3b47ec862ccae4f1c9601,outputs/allen_cahn_screen_v1/m6/seed_00044/checkpoint_0000600.pt,Expériences antérieures M0/M1/M3/M5/M6 ; date exacte non attestée
outputs/allen_cahn_screen_v1/m6/seed_00044/config.resolved.yaml,1217,.yaml,bb7cbce19b916d604bea689711d10f5c38f8fad3bb3206665bc3378e7ae6ca62,V06,preserved,local_commit:656050cae337f96fdab3b47ec862ccae4f1c9601,outputs/allen_cahn_screen_v1/m6/seed_00044/config.resolved.yaml,Expériences antérieures M0/M1/M3/M5/M6 ; date exacte non attestée
outputs/allen_cahn_screen_v1/m6/seed_00044/environment.json,270,.json,81e8b8ec1f0e36812a60c59a8df82f8463f4b7cdc0f374d41177cd34430c2417,V06,preserved,local_commit:656050cae337f96fdab3b47ec862ccae4f1c9601,outputs/allen_cahn_screen_v1/m6/seed_00044/environment.json,Expériences antérieures M0/M1/M3/M5/M6 ; date exacte non attestée
outputs/allen_cahn_screen_v1/m6/seed_00044/metrics.csv,10133,.csv,55183830a370b9c2b1bbc8b89b0daca26f3b6e6dcddadaa4fc3682c0cb9b8857,V06,preserved,local_commit:656050cae337f96fdab3b47ec862ccae4f1c9601,outputs/allen_cahn_screen_v1/m6/seed_00044/metrics.csv,Expériences antérieures M0/M1/M3/M5/M6 ; date exacte non attestée
outputs/allen_cahn_screen_v1/m6/seed_00044/model.pt,21105,.pt,28c331a56fce5d5e05bf85e2ede34006b1a39fc9ad3071e625f82579148feae7,V06,preserved,local_commit:656050cae337f96fdab3b47ec862ccae4f1c9601,outputs/allen_cahn_screen_v1/m6/seed_00044/model.pt,Expériences antérieures M0/M1/M3/M5/M6 ; date exacte non attestée
outputs/allen_cahn_screen_v1/m6/seed_00044/summary.json,1958,.json,ec52db2b8a8b250a6d51803651af01fc9957c024d9297a457189a9c7c23cf823,V06,preserved,local_commit:656050cae337f96fdab3b47ec862ccae4f1c9601,outputs/allen_cahn_screen_v1/m6/seed_00044/summary.json,Expériences antérieures M0/M1/M3/M5/M6 ; date exacte non attestée
outputs/allen_cahn_screen_v1/m6/seed_00055/checkpoint_0000600.pt,21799,.pt,0b21e9ddadb75e543f86298a68a47a23d36134a3c08d4af03ab6bd61cc3d5170,V06,preserved,local_commit:656050cae337f96fdab3b47ec862ccae4f1c9601,outputs/allen_cahn_screen_v1/m6/seed_00055/checkpoint_0000600.pt,Expériences antérieures M0/M1/M3/M5/M6 ; date exacte non attestée
outputs/allen_cahn_screen_v1/m6/seed_00055/config.resolved.yaml,1217,.yaml,a90487c0fe796369fda51f139df3341bebc44b6a9a45a7c8014eea9b4b4f0ac9,V06,preserved,local_commit:656050cae337f96fdab3b47ec862ccae4f1c9601,outputs/allen_cahn_screen_v1/m6/seed_00055/config.resolved.yaml,Expériences antérieures M0/M1/M3/M5/M6 ; date exacte non attestée
outputs/allen_cahn_screen_v1/m6/seed_00055/environment.json,270,.json,81e8b8ec1f0e36812a60c59a8df82f8463f4b7cdc0f374d41177cd34430c2417,V06,preserved,local_commit:656050cae337f96fdab3b47ec862ccae4f1c9601,outputs/allen_cahn_screen_v1/m6/seed_00055/environment.json,Expériences antérieures M0/M1/M3/M5/M6 ; date exacte non attestée
outputs/allen_cahn_screen_v1/m6/seed_00055/metrics.csv,9326,.csv,3bef076580b5a415b05eb1ddeccb37ed3c12539b8a77e64bfa01105d26c397b2,V06,preserved,local_commit:656050cae337f96fdab3b47ec862ccae4f1c9601,outputs/allen_cahn_screen_v1/m6/seed_00055/metrics.csv,Expériences antérieures M0/M1/M3/M5/M6 ; date exacte non attestée
outputs/allen_cahn_screen_v1/m6/seed_00055/model.pt,21105,.pt,394acc246dd2b4302f7cb96b3c0c4439ec7db10755ea24261b3b72deaae43e6a,V06,preserved,local_commit:656050cae337f96fdab3b47ec862ccae4f1c9601,outputs/allen_cahn_screen_v1/m6/seed_00055/model.pt,Expériences antérieures M0/M1/M3/M5/M6 ; date exacte non attestée
outputs/allen_cahn_screen_v1/m6/seed_00055/summary.json,1958,.json,fc4b378e8c2632ad74fa67c90a9a307e88d03e4a9e0f9ea021cdaac7dc1d5a7a,V06,preserved,local_commit:656050cae337f96fdab3b47ec862ccae4f1c9601,outputs/allen_cahn_screen_v1/m6/seed_00055/summary.json,Expériences antérieures M0/M1/M3/M5/M6 ; date exacte non attestée
outputs/allen_cahn_screen_v1/m6/seed_00066/checkpoint_0000600.pt,21799,.pt,9f510e7d826b3ff0b04fd02e487ec9a78998d12a9a89936089091fe1b3cac432,V06,preserved,local_commit:656050cae337f96fdab3b47ec862ccae4f1c9601,outputs/allen_cahn_screen_v1/m6/seed_00066/checkpoint_0000600.pt,Expériences antérieures M0/M1/M3/M5/M6 ; date exacte non attestée
outputs/allen_cahn_screen_v1/m6/seed_00066/config.resolved.yaml,1217,.yaml,9d0ee27e2c9d7190c83ccbd780c1f1cf0bb3339d3a6fadf20aaefd8b37e60173,V06,preserved,local_commit:656050cae337f96fdab3b47ec862ccae4f1c9601,outputs/allen_cahn_screen_v1/m6/seed_00066/config.resolved.yaml,Expériences antérieures M0/M1/M3/M5/M6 ; date exacte non attestée
outputs/allen_cahn_screen_v1/m6/seed_00066/environment.json,270,.json,81e8b8ec1f0e36812a60c59a8df82f8463f4b7cdc0f374d41177cd34430c2417,V06,preserved,local_commit:656050cae337f96fdab3b47ec862ccae4f1c9601,outputs/allen_cahn_screen_v1/m6/seed_00066/environment.json,Expériences antérieures M0/M1/M3/M5/M6 ; date exacte non attestée
outputs/allen_cahn_screen_v1/m6/seed_00066/metrics.csv,10173,.csv,d07cc574d2e252eb9b1c4d12724ad7324a35f7585f4813db194a8857299c1cd2,V06,preserved,local_commit:656050cae337f96fdab3b47ec862ccae4f1c9601,outputs/allen_cahn_screen_v1/m6/seed_00066/metrics.csv,Expériences antérieures M0/M1/M3/M5/M6 ; date exacte non attestée
outputs/allen_cahn_screen_v1/m6/seed_00066/model.pt,21105,.pt,d7a430bf23e132fa0f039ae98db7030037c599ef3b9653bad4c11cc5765090c1,V06,preserved,local_commit:656050cae337f96fdab3b47ec862ccae4f1c9601,outputs/allen_cahn_screen_v1/m6/seed_00066/model.pt,Expériences antérieures M0/M1/M3/M5/M6 ; date exacte non attestée
outputs/allen_cahn_screen_v1/m6/seed_00066/summary.json,1951,.json,742d5db5331eb6d9fd6623061206fc72efdc066bde1439b99957c5c858624f9a,V06,preserved,local_commit:656050cae337f96fdab3b47ec862ccae4f1c9601,outputs/allen_cahn_screen_v1/m6/seed_00066/summary.json,Expériences antérieures M0/M1/M3/M5/M6 ; date exacte non attestée
outputs/allen_cahn_screen_v1/m6/seed_00077/checkpoint_0000600.pt,21799,.pt,dd689c17ba284ac6734043e6af069c7216715a264e81007a304815f1a96d1f9e,V06,preserved,local_commit:656050cae337f96fdab3b47ec862ccae4f1c9601,outputs/allen_cahn_screen_v1/m6/seed_00077/checkpoint_0000600.pt,Expériences antérieures M0/M1/M3/M5/M6 ; date exacte non attestée
outputs/allen_cahn_screen_v1/m6/seed_00077/config.resolved.yaml,1217,.yaml,04f44b4a69b93a9354b2a47d934f8a67887f3c7137c44e1b41e53ee5cbbc8dab,V06,preserved,local_commit:656050cae337f96fdab3b47ec862ccae4f1c9601,outputs/allen_cahn_screen_v1/m6/seed_00077/config.resolved.yaml,Expériences antérieures M0/M1/M3/M5/M6 ; date exacte non attestée
outputs/allen_cahn_screen_v1/m6/seed_00077/environment.json,270,.json,81e8b8ec1f0e36812a60c59a8df82f8463f4b7cdc0f374d41177cd34430c2417,V06,preserved,local_commit:656050cae337f96fdab3b47ec862ccae4f1c9601,outputs/allen_cahn_screen_v1/m6/seed_00077/environment.json,Expériences antérieures M0/M1/M3/M5/M6 ; date exacte non attestée
outputs/allen_cahn_screen_v1/m6/seed_00077/metrics.csv,10177,.csv,d84816ab214c67177b7a34d38634534f0ea0f9aa7a5ee25d970004995a9d6376,V06,preserved,local_commit:656050cae337f96fdab3b47ec862ccae4f1c9601,outputs/allen_cahn_screen_v1/m6/seed_00077/metrics.csv,Expériences antérieures M0/M1/M3/M5/M6 ; date exacte non attestée
outputs/allen_cahn_screen_v1/m6/seed_00077/model.pt,21105,.pt,baa22880c3caa990114c652a9e40a65c295231ff160611637674df5e2335b012,V06,preserved,local_commit:656050cae337f96fdab3b47ec862ccae4f1c9601,outputs/allen_cahn_screen_v1/m6/seed_00077/model.pt,Expériences antérieures M0/M1/M3/M5/M6 ; date exacte non attestée
outputs/allen_cahn_screen_v1/m6/seed_00077/summary.json,1957,.json,8817d788c94224733f03c3d2dfc8503207e3f81e4c24a6597a9732252ee16321,V06,preserved,local_commit:656050cae337f96fdab3b47ec862ccae4f1c9601,outputs/allen_cahn_screen_v1/m6/seed_00077/summary.json,Expériences antérieures M0/M1/M3/M5/M6 ; date exacte non attestée
outputs/allen_cahn_screen_v1/m6/seed_00088/checkpoint_0000600.pt,21799,.pt,2584efc104e6fffdb46c30b558c2b0342f77ae6015cd9ec4f36dce766859be86,V06,preserved,local_commit:656050cae337f96fdab3b47ec862ccae4f1c9601,outputs/allen_cahn_screen_v1/m6/seed_00088/checkpoint_0000600.pt,Expériences antérieures M0/M1/M3/M5/M6 ; date exacte non attestée
outputs/allen_cahn_screen_v1/m6/seed_00088/config.resolved.yaml,1217,.yaml,bf4affc1b13f94eaefb4ee85b2f8a841bd6919d6cee9662aef83766df2bbbc57,V06,preserved,local_commit:656050cae337f96fdab3b47ec862ccae4f1c9601,outputs/allen_cahn_screen_v1/m6/seed_00088/config.resolved.yaml,Expériences antérieures M0/M1/M3/M5/M6 ; date exacte non attestée
outputs/allen_cahn_screen_v1/m6/seed_00088/environment.json,270,.json,81e8b8ec1f0e36812a60c59a8df82f8463f4b7cdc0f374d41177cd34430c2417,V06,preserved,local_commit:656050cae337f96fdab3b47ec862ccae4f1c9601,outputs/allen_cahn_screen_v1/m6/seed_00088/environment.json,Expériences antérieures M0/M1/M3/M5/M6 ; date exacte non attestée
outputs/allen_cahn_screen_v1/m6/seed_00088/metrics.csv,10128,.csv,d3a196a06d17446e28877621dd00995af8b0e797bb771f19f5d246bb1b9b71e1,V06,preserved,local_commit:656050cae337f96fdab3b47ec862ccae4f1c9601,outputs/allen_cahn_screen_v1/m6/seed_00088/metrics.csv,Expériences antérieures M0/M1/M3/M5/M6 ; date exacte non attestée
outputs/allen_cahn_screen_v1/m6/seed_00088/model.pt,21105,.pt,06fde0040d26daa73e82580ee3f4839e1c3afee02b72f9907ecbd181a5f066b2,V06,preserved,local_commit:656050cae337f96fdab3b47ec862ccae4f1c9601,outputs/allen_cahn_screen_v1/m6/seed_00088/model.pt,Expériences antérieures M0/M1/M3/M5/M6 ; date exacte non attestée
outputs/allen_cahn_screen_v1/m6/seed_00088/summary.json,1953,.json,3a4c30f5930b0a2a357385adf8f0a73c51fb7fb4d1abb4a6ee7f082ffba2fc11,V06,preserved,local_commit:656050cae337f96fdab3b47ec862ccae4f1c9601,outputs/allen_cahn_screen_v1/m6/seed_00088/summary.json,Expériences antérieures M0/M1/M3/M5/M6 ; date exacte non attestée
outputs/allen_cahn_screen_v1/m6/seed_00099/checkpoint_0000600.pt,21799,.pt,e77051d21e65f92ba226d69293374d584bf1bc8070c7d46afe99e71600eb30d1,V06,preserved,local_commit:656050cae337f96fdab3b47ec862ccae4f1c9601,outputs/allen_cahn_screen_v1/m6/seed_00099/checkpoint_0000600.pt,Expériences antérieures M0/M1/M3/M5/M6 ; date exacte non attestée
outputs/allen_cahn_screen_v1/m6/seed_00099/config.resolved.yaml,1217,.yaml,f2d6a1fe9f393452e0d955fd8fa76461b8cb0524a6c77bcabf5944ffde1799d9,V06,preserved,local_commit:656050cae337f96fdab3b47ec862ccae4f1c9601,outputs/allen_cahn_screen_v1/m6/seed_00099/config.resolved.yaml,Expériences antérieures M0/M1/M3/M5/M6 ; date exacte non attestée
outputs/allen_cahn_screen_v1/m6/seed_00099/environment.json,270,.json,81e8b8ec1f0e36812a60c59a8df82f8463f4b7cdc0f374d41177cd34430c2417,V06,preserved,local_commit:656050cae337f96fdab3b47ec862ccae4f1c9601,outputs/allen_cahn_screen_v1/m6/seed_00099/environment.json,Expériences antérieures M0/M1/M3/M5/M6 ; date exacte non attestée
outputs/allen_cahn_screen_v1/m6/seed_00099/metrics.csv,10115,.csv,3f1d2a03e1e3515eccc9fd94440488cb29a2b3c658fb3bc61990dc795f882f23,V06,preserved,local_commit:656050cae337f96fdab3b47ec862ccae4f1c9601,outputs/allen_cahn_screen_v1/m6/seed_00099/metrics.csv,Expériences antérieures M0/M1/M3/M5/M6 ; date exacte non attestée
outputs/allen_cahn_screen_v1/m6/seed_00099/model.pt,21105,.pt,992934984220adb1cbfaa68f06d2ec67c211eca841d3d70b846880457ce7bb82,V06,preserved,local_commit:656050cae337f96fdab3b47ec862ccae4f1c9601,outputs/allen_cahn_screen_v1/m6/seed_00099/model.pt,Expériences antérieures M0/M1/M3/M5/M6 ; date exacte non attestée
outputs/allen_cahn_screen_v1/m6/seed_00099/summary.json,1952,.json,d311037b7cc69d4f7e56a79fe3e0f4df6367c7dfd993487e6f77f38a45b42ee7,V06,preserved,local_commit:656050cae337f96fdab3b47ec862ccae4f1c9601,outputs/allen_cahn_screen_v1/m6/seed_00099/summary.json,Expériences antérieures M0/M1/M3/M5/M6 ; date exacte non attestée
outputs/allen_cahn_screen_v1/m6/seed_00111/checkpoint_0000600.pt,21799,.pt,465cd15a988e1194844410b54a50e8a06592b4fc40cf5d80610a1fc78e5a1008,V06,preserved,local_commit:656050cae337f96fdab3b47ec862ccae4f1c9601,outputs/allen_cahn_screen_v1/m6/seed_00111/checkpoint_0000600.pt,Expériences antérieures M0/M1/M3/M5/M6 ; date exacte non attestée
outputs/allen_cahn_screen_v1/m6/seed_00111/config.resolved.yaml,1218,.yaml,f2a2993b003228d1a7f721bc17557df4bd41f2fabadc33e4c860ae974d94fcc2,V06,preserved,local_commit:656050cae337f96fdab3b47ec862ccae4f1c9601,outputs/allen_cahn_screen_v1/m6/seed_00111/config.resolved.yaml,Expériences antérieures M0/M1/M3/M5/M6 ; date exacte non attestée
outputs/allen_cahn_screen_v1/m6/seed_00111/environment.json,270,.json,81e8b8ec1f0e36812a60c59a8df82f8463f4b7cdc0f374d41177cd34430c2417,V06,preserved,local_commit:656050cae337f96fdab3b47ec862ccae4f1c9601,outputs/allen_cahn_screen_v1/m6/seed_00111/environment.json,Expériences antérieures M0/M1/M3/M5/M6 ; date exacte non attestée
outputs/allen_cahn_screen_v1/m6/seed_00111/metrics.csv,10144,.csv,afbe24ee4fdffc15eef1aed1c5f863c957acaf4ca3eccd6a9996b38912c587b6,V06,preserved,local_commit:656050cae337f96fdab3b47ec862ccae4f1c9601,outputs/allen_cahn_screen_v1/m6/seed_00111/metrics.csv,Expériences antérieures M0/M1/M3/M5/M6 ; date exacte non attestée
outputs/allen_cahn_screen_v1/m6/seed_00111/model.pt,21105,.pt,28809b4a16ef051d83ce251c5d767aaa8939385f2b3d1e95d5183fc5e29ff29b,V06,preserved,local_commit:656050cae337f96fdab3b47ec862ccae4f1c9601,outputs/allen_cahn_screen_v1/m6/seed_00111/model.pt,Expériences antérieures M0/M1/M3/M5/M6 ; date exacte non attestée
outputs/allen_cahn_screen_v1/m6/seed_00111/summary.json,1958,.json,9f76eca80c70e5584e91d6ac637d0577ece2e30e07c5c0f726a453915e344bb9,V06,preserved,local_commit:656050cae337f96fdab3b47ec862ccae4f1c9601,outputs/allen_cahn_screen_v1/m6/seed_00111/summary.json,Expériences antérieures M0/M1/M3/M5/M6 ; date exacte non attestée
outputs/article1_pilot_automatic/burgers_quick/m0/seed_00011/checkpoint_0000120.pt,21799,.pt,f0f97ecd21ce59a879da709b5eafabec7ad0d21756e6936609d530c32c4a3a82,V06,preserved,local_commit:656050cae337f96fdab3b47ec862ccae4f1c9601,outputs/article1_pilot_automatic/burgers_quick/m0/seed_00011/checkpoint_0000120.pt,Expériences antérieures M0/M1/M3/M5/M6 ; date exacte non attestée
outputs/article1_pilot_automatic/burgers_quick/m0/seed_00011/config.resolved.yaml,1301,.yaml,e2b28be0cf9b7efa496ffd7dc6f0f1047c0e7553ffc7173e4857ef2104b71a43,V06,preserved,local_commit:656050cae337f96fdab3b47ec862ccae4f1c9601,outputs/article1_pilot_automatic/burgers_quick/m0/seed_00011/config.resolved.yaml,Expériences antérieures M0/M1/M3/M5/M6 ; date exacte non attestée
outputs/article1_pilot_automatic/burgers_quick/m0/seed_00011/environment.json,270,.json,81e8b8ec1f0e36812a60c59a8df82f8463f4b7cdc0f374d41177cd34430c2417,V06,preserved,local_commit:656050cae337f96fdab3b47ec862ccae4f1c9601,outputs/article1_pilot_automatic/burgers_quick/m0/seed_00011/environment.json,Expériences antérieures M0/M1/M3/M5/M6 ; date exacte non attestée
outputs/article1_pilot_automatic/burgers_quick/m0/seed_00011/metrics.csv,4082,.csv,7c0d710b5125e43af5fb8c08a540f53109bffa4a06e639c5036913b62b1533a3,V06,preserved,local_commit:656050cae337f96fdab3b47ec862ccae4f1c9601,outputs/article1_pilot_automatic/burgers_quick/m0/seed_00011/metrics.csv,Expériences antérieures M0/M1/M3/M5/M6 ; date exacte non attestée
outputs/article1_pilot_automatic/burgers_quick/m0/seed_00011/model.pt,21105,.pt,08ac9be94220684abd5ad5de32890c10a8a7628aa415060b1bca38ad4545fa75,V06,preserved,local_commit:656050cae337f96fdab3b47ec862ccae4f1c9601,outputs/article1_pilot_automatic/burgers_quick/m0/seed_00011/model.pt,Expériences antérieures M0/M1/M3/M5/M6 ; date exacte non attestée
outputs/article1_pilot_automatic/burgers_quick/m0/seed_00011/summary.json,2072,.json,3c8c029e43c03b7fb79cb159abd3fd0329b0d66981ad95823bca01e32273f4d6,V06,preserved,local_commit:656050cae337f96fdab3b47ec862ccae4f1c9601,outputs/article1_pilot_automatic/burgers_quick/m0/seed_00011/summary.json,Expériences antérieures M0/M1/M3/M5/M6 ; date exacte non attestée
outputs/article1_pilot_automatic/burgers_quick/m0/seed_00022/checkpoint_0000120.pt,21799,.pt,0c761af580a51a55e2ed3bed2650f2db8f37a27ca63968576fb425b690c3a9c3,V06,preserved,local_commit:656050cae337f96fdab3b47ec862ccae4f1c9601,outputs/article1_pilot_automatic/burgers_quick/m0/seed_00022/checkpoint_0000120.pt,Expériences antérieures M0/M1/M3/M5/M6 ; date exacte non attestée
outputs/article1_pilot_automatic/burgers_quick/m0/seed_00022/config.resolved.yaml,1301,.yaml,bff5fe5b446d97a50aada83ed7248dba688d1d4d3d714f22f7d9bdc00eb8997d,V06,preserved,local_commit:656050cae337f96fdab3b47ec862ccae4f1c9601,outputs/article1_pilot_automatic/burgers_quick/m0/seed_00022/config.resolved.yaml,Expériences antérieures M0/M1/M3/M5/M6 ; date exacte non attestée
outputs/article1_pilot_automatic/burgers_quick/m0/seed_00022/environment.json,270,.json,81e8b8ec1f0e36812a60c59a8df82f8463f4b7cdc0f374d41177cd34430c2417,V06,preserved,local_commit:656050cae337f96fdab3b47ec862ccae4f1c9601,outputs/article1_pilot_automatic/burgers_quick/m0/seed_00022/environment.json,Expériences antérieures M0/M1/M3/M5/M6 ; date exacte non attestée
outputs/article1_pilot_automatic/burgers_quick/m0/seed_00022/metrics.csv,4074,.csv,f276f0faba608fdfd7ecdb36b499848e392f9b43b035f6f8603bece4732fb333,V06,preserved,local_commit:656050cae337f96fdab3b47ec862ccae4f1c9601,outputs/article1_pilot_automatic/burgers_quick/m0/seed_00022/metrics.csv,Expériences antérieures M0/M1/M3/M5/M6 ; date exacte non attestée
outputs/article1_pilot_automatic/burgers_quick/m0/seed_00022/model.pt,21105,.pt,014d022cc96b218e6606263cef23d7a41da550452d76beb889d1a2656f22e6c5,V06,preserved,local_commit:656050cae337f96fdab3b47ec862ccae4f1c9601,outputs/article1_pilot_automatic/burgers_quick/m0/seed_00022/model.pt,Expériences antérieures M0/M1/M3/M5/M6 ; date exacte non attestée
outputs/article1_pilot_automatic/burgers_quick/m0/seed_00022/summary.json,2072,.json,56fb184702dc500e483f6d3964e9fdc052d70706f35c15b2a061cd3c6752440a,V06,preserved,local_commit:656050cae337f96fdab3b47ec862ccae4f1c9601,outputs/article1_pilot_automatic/burgers_quick/m0/seed_00022/summary.json,Expériences antérieures M0/M1/M3/M5/M6 ; date exacte non attestée
outputs/article1_pilot_automatic/burgers_quick/m0/seed_00033/checkpoint_0000120.pt,21799,.pt,7355497a3d514d31765218226c49dff1f3764684470894ce8abfbaa4fb361f55,V06,preserved,local_commit:656050cae337f96fdab3b47ec862ccae4f1c9601,outputs/article1_pilot_automatic/burgers_quick/m0/seed_00033/checkpoint_0000120.pt,Expériences antérieures M0/M1/M3/M5/M6 ; date exacte non attestée
outputs/article1_pilot_automatic/burgers_quick/m0/seed_00033/config.resolved.yaml,1301,.yaml,5b44bdb65b222eb6e471b460f6ee7ab9bcfae3f6fc53cd520164a9e79f9d0d35,V06,preserved,local_commit:656050cae337f96fdab3b47ec862ccae4f1c9601,outputs/article1_pilot_automatic/burgers_quick/m0/seed_00033/config.resolved.yaml,Expériences antérieures M0/M1/M3/M5/M6 ; date exacte non attestée
outputs/article1_pilot_automatic/burgers_quick/m0/seed_00033/environment.json,270,.json,81e8b8ec1f0e36812a60c59a8df82f8463f4b7cdc0f374d41177cd34430c2417,V06,preserved,local_commit:656050cae337f96fdab3b47ec862ccae4f1c9601,outputs/article1_pilot_automatic/burgers_quick/m0/seed_00033/environment.json,Expériences antérieures M0/M1/M3/M5/M6 ; date exacte non attestée
outputs/article1_pilot_automatic/burgers_quick/m0/seed_00033/metrics.csv,4096,.csv,4a40e5629eb34ab300dc32f576abcd49bba06107f5cbaefbd01abc90cc1ffef6,V06,preserved,local_commit:656050cae337f96fdab3b47ec862ccae4f1c9601,outputs/article1_pilot_automatic/burgers_quick/m0/seed_00033/metrics.csv,Expériences antérieures M0/M1/M3/M5/M6 ; date exacte non attestée
outputs/article1_pilot_automatic/burgers_quick/m0/seed_00033/model.pt,21105,.pt,8eafd7b6d4e4bfd6a18abd056752d8f28d1bc85fdd30f9966131db018fbc0696,V06,preserved,local_commit:656050cae337f96fdab3b47ec862ccae4f1c9601,outputs/article1_pilot_automatic/burgers_quick/m0/seed_00033/model.pt,Expériences antérieures M0/M1/M3/M5/M6 ; date exacte non attestée
outputs/article1_pilot_automatic/burgers_quick/m0/seed_00033/summary.json,2071,.json,0e82f86e879a5f8ddb02928fd2778fecd8c682ff6afecd66e1f7233807ca5326,V06,preserved,local_commit:656050cae337f96fdab3b47ec862ccae4f1c9601,outputs/article1_pilot_automatic/burgers_quick/m0/seed_00033/summary.json,Expériences antérieures M0/M1/M3/M5/M6 ; date exacte non attestée
outputs/article1_pilot_automatic/burgers_quick/m1/seed_00011/checkpoint_0000120.pt,21799,.pt,02f7beef96b7bb99fcf4b59cc1a30cd5e56b3101a8814b95b87146911cfe0ed0,V06,preserved,local_commit:656050cae337f96fdab3b47ec862ccae4f1c9601,outputs/article1_pilot_automatic/burgers_quick/m1/seed_00011/checkpoint_0000120.pt,Expériences antérieures M0/M1/M3/M5/M6 ; date exacte non attestée
outputs/article1_pilot_automatic/burgers_quick/m1/seed_00011/config.resolved.yaml,1301,.yaml,25ddbfb2320b97fc67af4c7dfa4fbc9ad8e32f658ecd33f30d98760eadb15d9f,V06,preserved,local_commit:656050cae337f96fdab3b47ec862ccae4f1c9601,outputs/article1_pilot_automatic/burgers_quick/m1/seed_00011/config.resolved.yaml,Expériences antérieures M0/M1/M3/M5/M6 ; date exacte non attestée
outputs/article1_pilot_automatic/burgers_quick/m1/seed_00011/environment.json,270,.json,81e8b8ec1f0e36812a60c59a8df82f8463f4b7cdc0f374d41177cd34430c2417,V06,preserved,local_commit:656050cae337f96fdab3b47ec862ccae4f1c9601,outputs/article1_pilot_automatic/burgers_quick/m1/seed_00011/environment.json,Expériences antérieures M0/M1/M3/M5/M6 ; date exacte non attestée
outputs/article1_pilot_automatic/burgers_quick/m1/seed_00011/metrics.csv,5113,.csv,42a5caf8c325303336855b58fa812d96f04c0b14c42fc11795d3cf5d1981869b,V06,preserved,local_commit:656050cae337f96fdab3b47ec862ccae4f1c9601,outputs/article1_pilot_automatic/burgers_quick/m1/seed_00011/metrics.csv,Expériences antérieures M0/M1/M3/M5/M6 ; date exacte non attestée
outputs/article1_pilot_automatic/burgers_quick/m1/seed_00011/model.pt,21105,.pt,3159651f06537c26a1d9375b946cc847321154bd36dce4dc08d1e19676b387f7,V06,preserved,local_commit:656050cae337f96fdab3b47ec862ccae4f1c9601,outputs/article1_pilot_automatic/burgers_quick/m1/seed_00011/model.pt,Expériences antérieures M0/M1/M3/M5/M6 ; date exacte non attestée
outputs/article1_pilot_automatic/burgers_quick/m1/seed_00011/summary.json,2180,.json,6b4520b40792968642fb2dbc61bb2a6e1aeccb3f77aca3f895f8514f62a2cce6,V06,preserved,local_commit:656050cae337f96fdab3b47ec862ccae4f1c9601,outputs/article1_pilot_automatic/burgers_quick/m1/seed_00011/summary.json,Expériences antérieures M0/M1/M3/M5/M6 ; date exacte non attestée
outputs/article1_pilot_automatic/burgers_quick/m1/seed_00022/checkpoint_0000120.pt,21799,.pt,732a280d151ee78bbac1e0eab27ce75d0bcef97c22b494eb05248660856fe08b,V06,preserved,local_commit:656050cae337f96fdab3b47ec862ccae4f1c9601,outputs/article1_pilot_automatic/burgers_quick/m1/seed_00022/checkpoint_0000120.pt,Expériences antérieures M0/M1/M3/M5/M6 ; date exacte non attestée
outputs/article1_pilot_automatic/burgers_quick/m1/seed_00022/config.resolved.yaml,1301,.yaml,d94f25e8e2a67ab41894268aaa139767916b506bd427bcc8f03359a2206d57e0,V06,preserved,local_commit:656050cae337f96fdab3b47ec862ccae4f1c9601,outputs/article1_pilot_automatic/burgers_quick/m1/seed_00022/config.resolved.yaml,Expériences antérieures M0/M1/M3/M5/M6 ; date exacte non attestée
outputs/article1_pilot_automatic/burgers_quick/m1/seed_00022/environment.json,270,.json,81e8b8ec1f0e36812a60c59a8df82f8463f4b7cdc0f374d41177cd34430c2417,V06,preserved,local_commit:656050cae337f96fdab3b47ec862ccae4f1c9601,outputs/article1_pilot_automatic/burgers_quick/m1/seed_00022/environment.json,Expériences antérieures M0/M1/M3/M5/M6 ; date exacte non attestée
outputs/article1_pilot_automatic/burgers_quick/m1/seed_00022/metrics.csv,4009,.csv,ba294d39eb86d721697081903555aaa47bc8299564dd99c8cb33bb32cad1ff5f,V06,preserved,local_commit:656050cae337f96fdab3b47ec862ccae4f1c9601,outputs/article1_pilot_automatic/burgers_quick/m1/seed_00022/metrics.csv,Expériences antérieures M0/M1/M3/M5/M6 ; date exacte non attestée
outputs/article1_pilot_automatic/burgers_quick/m1/seed_00022/model.pt,21105,.pt,996710f808bb608875ccd5bbc1db2472880e869f56a382bba14fad7f535920f0,V06,preserved,local_commit:656050cae337f96fdab3b47ec862ccae4f1c9601,outputs/article1_pilot_automatic/burgers_quick/m1/seed_00022/model.pt,Expériences antérieures M0/M1/M3/M5/M6 ; date exacte non attestée
outputs/article1_pilot_automatic/burgers_quick/m1/seed_00022/summary.json,2172,.json,e75ac7d56b632f7abda78046abdfdaa97cc5c473e9211f886cb6cc2593319cf9,V06,preserved,local_commit:656050cae337f96fdab3b47ec862ccae4f1c9601,outputs/article1_pilot_automatic/burgers_quick/m1/seed_00022/summary.json,Expériences antérieures M0/M1/M3/M5/M6 ; date exacte non attestée
outputs/article1_pilot_automatic/burgers_quick/m1/seed_00033/checkpoint_0000120.pt,21799,.pt,57019b7b5a9dbafa76532f4935f3ad246a17f678b18bbbb9e74f2153a724a750,V06,preserved,local_commit:656050cae337f96fdab3b47ec862ccae4f1c9601,outputs/article1_pilot_automatic/burgers_quick/m1/seed_00033/checkpoint_0000120.pt,Expériences antérieures M0/M1/M3/M5/M6 ; date exacte non attestée
outputs/article1_pilot_automatic/burgers_quick/m1/seed_00033/config.resolved.yaml,1301,.yaml,e494cd3b640ead4471108a878d23ae0bc5f904bbcd99fed3cc501e957738b108,V06,preserved,local_commit:656050cae337f96fdab3b47ec862ccae4f1c9601,outputs/article1_pilot_automatic/burgers_quick/m1/seed_00033/config.resolved.yaml,Expériences antérieures M0/M1/M3/M5/M6 ; date exacte non attestée
outputs/article1_pilot_automatic/burgers_quick/m1/seed_00033/environment.json,270,.json,81e8b8ec1f0e36812a60c59a8df82f8463f4b7cdc0f374d41177cd34430c2417,V06,preserved,local_commit:656050cae337f96fdab3b47ec862ccae4f1c9601,outputs/article1_pilot_automatic/burgers_quick/m1/seed_00033/environment.json,Expériences antérieures M0/M1/M3/M5/M6 ; date exacte non attestée
outputs/article1_pilot_automatic/burgers_quick/m1/seed_00033/metrics.csv,5130,.csv,2576f263c1e4c828bff171e6b4c461ae0b94d7638eb8edae426dc9cf0b7e1eb1,V06,preserved,local_commit:656050cae337f96fdab3b47ec862ccae4f1c9601,outputs/article1_pilot_automatic/burgers_quick/m1/seed_00033/metrics.csv,Expériences antérieures M0/M1/M3/M5/M6 ; date exacte non attestée
outputs/article1_pilot_automatic/burgers_quick/m1/seed_00033/model.pt,21105,.pt,fbf03269e6f19ba7494dd2f03149f441519569e1686e9288680b9835cc3db166,V06,preserved,local_commit:656050cae337f96fdab3b47ec862ccae4f1c9601,outputs/article1_pilot_automatic/burgers_quick/m1/seed_00033/model.pt,Expériences antérieures M0/M1/M3/M5/M6 ; date exacte non attestée
outputs/article1_pilot_automatic/burgers_quick/m1/seed_00033/summary.json,2176,.json,4279d6868476532798b3ad87ae047a24a8c41d619f79b0a2c393b2c42c27a0d6,V06,preserved,local_commit:656050cae337f96fdab3b47ec862ccae4f1c9601,outputs/article1_pilot_automatic/burgers_quick/m1/seed_00033/summary.json,Expériences antérieures M0/M1/M3/M5/M6 ; date exacte non attestée
outputs/article1_pilot_automatic/burgers_quick/m3/seed_00011/checkpoint_0000120.pt,21799,.pt,5e1af5b098831a39d2c8598416819ae90be1bd4f0096b79e0a6640370c50cd0a,V06,preserved,local_commit:656050cae337f96fdab3b47ec862ccae4f1c9601,outputs/article1_pilot_automatic/burgers_quick/m3/seed_00011/checkpoint_0000120.pt,Expériences antérieures M0/M1/M3/M5/M6 ; date exacte non attestée
outputs/article1_pilot_automatic/burgers_quick/m3/seed_00011/config.resolved.yaml,1301,.yaml,0565d8fe152c5cb5680cf06fbdf5831a8377a750e8e4a88583aa8f1986272942,V06,preserved,local_commit:656050cae337f96fdab3b47ec862ccae4f1c9601,outputs/article1_pilot_automatic/burgers_quick/m3/seed_00011/config.resolved.yaml,Expériences antérieures M0/M1/M3/M5/M6 ; date exacte non attestée
outputs/article1_pilot_automatic/burgers_quick/m3/seed_00011/environment.json,270,.json,81e8b8ec1f0e36812a60c59a8df82f8463f4b7cdc0f374d41177cd34430c2417,V06,preserved,local_commit:656050cae337f96fdab3b47ec862ccae4f1c9601,outputs/article1_pilot_automatic/burgers_quick/m3/seed_00011/environment.json,Expériences antérieures M0/M1/M3/M5/M6 ; date exacte non attestée
outputs/article1_pilot_automatic/burgers_quick/m3/seed_00011/metrics.csv,4464,.csv,f87cebb891658caef8b34984a0ec35ddd65e3bd0f2ca0e40312b8c4a2e2719b8,V06,preserved,local_commit:656050cae337f96fdab3b47ec862ccae4f1c9601,outputs/article1_pilot_automatic/burgers_quick/m3/seed_00011/metrics.csv,Expériences antérieures M0/M1/M3/M5/M6 ; date exacte non attestée
outputs/article1_pilot_automatic/burgers_quick/m3/seed_00011/model.pt,21105,.pt,1ec0412c07165d2f71b552d5234e9f9b26b8baddb063d818791220035744cf9c,V06,preserved,local_commit:656050cae337f96fdab3b47ec862ccae4f1c9601,outputs/article1_pilot_automatic/burgers_quick/m3/seed_00011/model.pt,Expériences antérieures M0/M1/M3/M5/M6 ; date exacte non attestée
outputs/article1_pilot_automatic/burgers_quick/m3/seed_00011/summary.json,2118,.json,adca09a783655b0f781f3688038f54d76f9bf9b074670c85942b07b528646fe1,V06,preserved,local_commit:656050cae337f96fdab3b47ec862ccae4f1c9601,outputs/article1_pilot_automatic/burgers_quick/m3/seed_00011/summary.json,Expériences antérieures M0/M1/M3/M5/M6 ; date exacte non attestée
outputs/article1_pilot_automatic/burgers_quick/m3/seed_00022/checkpoint_0000120.pt,21799,.pt,2a3de7fc351e73d8437b8534d7fcd0ae42ada25a492dc08cf38a6bb24aec95ec,V06,preserved,local_commit:656050cae337f96fdab3b47ec862ccae4f1c9601,outputs/article1_pilot_automatic/burgers_quick/m3/seed_00022/checkpoint_0000120.pt,Expériences antérieures M0/M1/M3/M5/M6 ; date exacte non attestée
outputs/article1_pilot_automatic/burgers_quick/m3/seed_00022/config.resolved.yaml,1301,.yaml,d7cd90c8cc5705f039e63bb4d217b0fbd26db31cef52a7c6d6c1514bf2692ae6,V06,preserved,local_commit:656050cae337f96fdab3b47ec862ccae4f1c9601,outputs/article1_pilot_automatic/burgers_quick/m3/seed_00022/config.resolved.yaml,Expériences antérieures M0/M1/M3/M5/M6 ; date exacte non attestée
outputs/article1_pilot_automatic/burgers_quick/m3/seed_00022/environment.json,270,.json,81e8b8ec1f0e36812a60c59a8df82f8463f4b7cdc0f374d41177cd34430c2417,V06,preserved,local_commit:656050cae337f96fdab3b47ec862ccae4f1c9601,outputs/article1_pilot_automatic/burgers_quick/m3/seed_00022/environment.json,Expériences antérieures M0/M1/M3/M5/M6 ; date exacte non attestée
outputs/article1_pilot_automatic/burgers_quick/m3/seed_00022/metrics.csv,4151,.csv,2b9c4b00809752a1886c93f11f7add83abb0ef0ba8b67fb73bf87ddba8641da7,V06,preserved,local_commit:656050cae337f96fdab3b47ec862ccae4f1c9601,outputs/article1_pilot_automatic/burgers_quick/m3/seed_00022/metrics.csv,Expériences antérieures M0/M1/M3/M5/M6 ; date exacte non attestée
outputs/article1_pilot_automatic/burgers_quick/m3/seed_00022/model.pt,21105,.pt,c1b398a476c812a15e0298d253c2835f15972cea542b862aea13a4986949d9a3,V06,preserved,local_commit:656050cae337f96fdab3b47ec862ccae4f1c9601,outputs/article1_pilot_automatic/burgers_quick/m3/seed_00022/model.pt,Expériences antérieures M0/M1/M3/M5/M6 ; date exacte non attestée
outputs/article1_pilot_automatic/burgers_quick/m3/seed_00022/summary.json,2115,.json,47c9db5fc2e271f7a8358abcbb2c1cfb56704e7e11153b1ca1d6d88084d479ee,V06,preserved,local_commit:656050cae337f96fdab3b47ec862ccae4f1c9601,outputs/article1_pilot_automatic/burgers_quick/m3/seed_00022/summary.json,Expériences antérieures M0/M1/M3/M5/M6 ; date exacte non attestée
outputs/article1_pilot_automatic/burgers_quick/m3/seed_00033/checkpoint_0000120.pt,21799,.pt,9d90f4e69d4cf1872f676c200b0d6c8792ffeafd39fb79266a04f18edce9b9fb,V06,preserved,local_commit:656050cae337f96fdab3b47ec862ccae4f1c9601,outputs/article1_pilot_automatic/burgers_quick/m3/seed_00033/checkpoint_0000120.pt,Expériences antérieures M0/M1/M3/M5/M6 ; date exacte non attestée
outputs/article1_pilot_automatic/burgers_quick/m3/seed_00033/config.resolved.yaml,1301,.yaml,4a798567ca37ee10fb177d88e0b1607683d23d77242b4ed73142323f022a3c7a,V06,preserved,local_commit:656050cae337f96fdab3b47ec862ccae4f1c9601,outputs/article1_pilot_automatic/burgers_quick/m3/seed_00033/config.resolved.yaml,Expériences antérieures M0/M1/M3/M5/M6 ; date exacte non attestée
outputs/article1_pilot_automatic/burgers_quick/m3/seed_00033/environment.json,270,.json,81e8b8ec1f0e36812a60c59a8df82f8463f4b7cdc0f374d41177cd34430c2417,V06,preserved,local_commit:656050cae337f96fdab3b47ec862ccae4f1c9601,outputs/article1_pilot_automatic/burgers_quick/m3/seed_00033/environment.json,Expériences antérieures M0/M1/M3/M5/M6 ; date exacte non attestée
outputs/article1_pilot_automatic/burgers_quick/m3/seed_00033/metrics.csv,4470,.csv,97333ce23bf7701e5328df4def84bff097d493a967a633b38bacce213264e64a,V06,preserved,local_commit:656050cae337f96fdab3b47ec862ccae4f1c9601,outputs/article1_pilot_automatic/burgers_quick/m3/seed_00033/metrics.csv,Expériences antérieures M0/M1/M3/M5/M6 ; date exacte non attestée
outputs/article1_pilot_automatic/burgers_quick/m3/seed_00033/model.pt,21105,.pt,449e821e91627a0acad67361f669f9e82a40f52a21e0f7faec745676ad16626a,V06,preserved,local_commit:656050cae337f96fdab3b47ec862ccae4f1c9601,outputs/article1_pilot_automatic/burgers_quick/m3/seed_00033/model.pt,Expériences antérieures M0/M1/M3/M5/M6 ; date exacte non attestée
outputs/article1_pilot_automatic/burgers_quick/m3/seed_00033/summary.json,2116,.json,209209341e69a88f418dc57888a28c4340976f9b6c4ae0d4a6d1c86c23cfc64a,V06,preserved,local_commit:656050cae337f96fdab3b47ec862ccae4f1c9601,outputs/article1_pilot_automatic/burgers_quick/m3/seed_00033/summary.json,Expériences antérieures M0/M1/M3/M5/M6 ; date exacte non attestée
outputs/article1_pilot_automatic/burgers_quick/m5/seed_00011/checkpoint_0000120.pt,21799,.pt,53e060423021a0952c2babfd69da473308a45333fe97e16cdc8207438083afd2,V06,preserved,local_commit:656050cae337f96fdab3b47ec862ccae4f1c9601,outputs/article1_pilot_automatic/burgers_quick/m5/seed_00011/checkpoint_0000120.pt,Expériences antérieures M0/M1/M3/M5/M6 ; date exacte non attestée
outputs/article1_pilot_automatic/burgers_quick/m5/seed_00011/config.resolved.yaml,1301,.yaml,83b82e664dc923421f83530a80665e84fc91d71eef7d531b9f976786cd331114,V06,preserved,local_commit:656050cae337f96fdab3b47ec862ccae4f1c9601,outputs/article1_pilot_automatic/burgers_quick/m5/seed_00011/config.resolved.yaml,Expériences antérieures M0/M1/M3/M5/M6 ; date exacte non attestée
outputs/article1_pilot_automatic/burgers_quick/m5/seed_00011/environment.json,270,.json,81e8b8ec1f0e36812a60c59a8df82f8463f4b7cdc0f374d41177cd34430c2417,V06,preserved,local_commit:656050cae337f96fdab3b47ec862ccae4f1c9601,outputs/article1_pilot_automatic/burgers_quick/m5/seed_00011/environment.json,Expériences antérieures M0/M1/M3/M5/M6 ; date exacte non attestée
outputs/article1_pilot_automatic/burgers_quick/m5/seed_00011/metrics.csv,5481,.csv,09e6875a2cfe899f5e3ff46843bcdc12f14759b099fc521460b9acd64f36b900,V06,preserved,local_commit:656050cae337f96fdab3b47ec862ccae4f1c9601,outputs/article1_pilot_automatic/burgers_quick/m5/seed_00011/metrics.csv,Expériences antérieures M0/M1/M3/M5/M6 ; date exacte non attestée
outputs/article1_pilot_automatic/burgers_quick/m5/seed_00011/model.pt,21105,.pt,d034e5b12874207b4c01155cb202615f52c0e8fe3e24cf5c1c1c902ac0a26be9,V06,preserved,local_commit:656050cae337f96fdab3b47ec862ccae4f1c9601,outputs/article1_pilot_automatic/burgers_quick/m5/seed_00011/model.pt,Expériences antérieures M0/M1/M3/M5/M6 ; date exacte non attestée
outputs/article1_pilot_automatic/burgers_quick/m5/seed_00011/summary.json,2223,.json,18c81f125ff8d497360800f99f9044f6aec6d8b835228471a5038f2649742a58,V06,preserved,local_commit:656050cae337f96fdab3b47ec862ccae4f1c9601,outputs/article1_pilot_automatic/burgers_quick/m5/seed_00011/summary.json,Expériences antérieures M0/M1/M3/M5/M6 ; date exacte non attestée
outputs/article1_pilot_automatic/burgers_quick/m5/seed_00022/checkpoint_0000120.pt,21799,.pt,4a48b8a7e0730d4f8d719d4dd95db900ff1e89d10119325a09911a29e7be4fdf,V06,preserved,local_commit:656050cae337f96fdab3b47ec862ccae4f1c9601,outputs/article1_pilot_automatic/burgers_quick/m5/seed_00022/checkpoint_0000120.pt,Expériences antérieures M0/M1/M3/M5/M6 ; date exacte non attestée
outputs/article1_pilot_automatic/burgers_quick/m5/seed_00022/config.resolved.yaml,1301,.yaml,4e6697489b0db1c7e7285733009822a9a59018b84188df203912bd5883d5c358,V06,preserved,local_commit:656050cae337f96fdab3b47ec862ccae4f1c9601,outputs/article1_pilot_automatic/burgers_quick/m5/seed_00022/config.resolved.yaml,Expériences antérieures M0/M1/M3/M5/M6 ; date exacte non attestée
outputs/article1_pilot_automatic/burgers_quick/m5/seed_00022/environment.json,270,.json,81e8b8ec1f0e36812a60c59a8df82f8463f4b7cdc0f374d41177cd34430c2417,V06,preserved,local_commit:656050cae337f96fdab3b47ec862ccae4f1c9601,outputs/article1_pilot_automatic/burgers_quick/m5/seed_00022/environment.json,Expériences antérieures M0/M1/M3/M5/M6 ; date exacte non attestée
outputs/article1_pilot_automatic/burgers_quick/m5/seed_00022/metrics.csv,5466,.csv,aff805b4a81bdfe23185496300709a6e5e56230b2dc4be3130aa314ed08e0342,V06,preserved,local_commit:656050cae337f96fdab3b47ec862ccae4f1c9601,outputs/article1_pilot_automatic/burgers_quick/m5/seed_00022/metrics.csv,Expériences antérieures M0/M1/M3/M5/M6 ; date exacte non attestée
outputs/article1_pilot_automatic/burgers_quick/m5/seed_00022/model.pt,21105,.pt,5369e7c2595d3d517dc1ac57127b9622fa0953c2422e62d187a7c9b294768937,V06,preserved,local_commit:656050cae337f96fdab3b47ec862ccae4f1c9601,outputs/article1_pilot_automatic/burgers_quick/m5/seed_00022/model.pt,Expériences antérieures M0/M1/M3/M5/M6 ; date exacte non attestée
outputs/article1_pilot_automatic/burgers_quick/m5/seed_00022/summary.json,2217,.json,4543bc784ccb5165002eab49cfaad49e49e3503ac3b1422ae67222db7c6acb30,V06,preserved,local_commit:656050cae337f96fdab3b47ec862ccae4f1c9601,outputs/article1_pilot_automatic/burgers_quick/m5/seed_00022/summary.json,Expériences antérieures M0/M1/M3/M5/M6 ; date exacte non attestée
outputs/article1_pilot_automatic/burgers_quick/m5/seed_00033/checkpoint_0000120.pt,21799,.pt,4f03d17121d4cefd0d2b2b2f214d7b5460cb5c74e82b43ba99c0ff93af4a8cf7,V06,preserved,local_commit:656050cae337f96fdab3b47ec862ccae4f1c9601,outputs/article1_pilot_automatic/burgers_quick/m5/seed_00033/checkpoint_0000120.pt,Expériences antérieures M0/M1/M3/M5/M6 ; date exacte non attestée
outputs/article1_pilot_automatic/burgers_quick/m5/seed_00033/config.resolved.yaml,1301,.yaml,c2898243c3103f5beec70f7682512c5c2798c06def03f54ab5445529f84e519d,V06,preserved,local_commit:656050cae337f96fdab3b47ec862ccae4f1c9601,outputs/article1_pilot_automatic/burgers_quick/m5/seed_00033/config.resolved.yaml,Expériences antérieures M0/M1/M3/M5/M6 ; date exacte non attestée
outputs/article1_pilot_automatic/burgers_quick/m5/seed_00033/environment.json,270,.json,81e8b8ec1f0e36812a60c59a8df82f8463f4b7cdc0f374d41177cd34430c2417,V06,preserved,local_commit:656050cae337f96fdab3b47ec862ccae4f1c9601,outputs/article1_pilot_automatic/burgers_quick/m5/seed_00033/environment.json,Expériences antérieures M0/M1/M3/M5/M6 ; date exacte non attestée
outputs/article1_pilot_automatic/burgers_quick/m5/seed_00033/metrics.csv,5501,.csv,6167daf30eab81fa651a48a714faaf2778cbabb3fbe3ae1f0b5aa16f31dfc462,V06,preserved,local_commit:656050cae337f96fdab3b47ec862ccae4f1c9601,outputs/article1_pilot_automatic/burgers_quick/m5/seed_00033/metrics.csv,Expériences antérieures M0/M1/M3/M5/M6 ; date exacte non attestée
outputs/article1_pilot_automatic/burgers_quick/m5/seed_00033/model.pt,21105,.pt,c89d8614471c3873e0eb81c85a78cbaf1d930889600f63f3c9eaf8291bc33e31,V06,preserved,local_commit:656050cae337f96fdab3b47ec862ccae4f1c9601,outputs/article1_pilot_automatic/burgers_quick/m5/seed_00033/model.pt,Expériences antérieures M0/M1/M3/M5/M6 ; date exacte non attestée
outputs/article1_pilot_automatic/burgers_quick/m5/seed_00033/summary.json,2217,.json,bc2e3f8dcb8a9cee3e358a7d74142b983d95fe51e43f0fa05f0e60d1cb99f3d9,V06,preserved,local_commit:656050cae337f96fdab3b47ec862ccae4f1c9601,outputs/article1_pilot_automatic/burgers_quick/m5/seed_00033/summary.json,Expériences antérieures M0/M1/M3/M5/M6 ; date exacte non attestée
outputs/article1_pilot_automatic/burgers_quick/m6/seed_00011/checkpoint_0000120.pt,21799,.pt,324082548460af3e89009b92827a384cb636e544193c03b62a336ab86fd4547a,V06,preserved,local_commit:656050cae337f96fdab3b47ec862ccae4f1c9601,outputs/article1_pilot_automatic/burgers_quick/m6/seed_00011/checkpoint_0000120.pt,Expériences antérieures M0/M1/M3/M5/M6 ; date exacte non attestée
outputs/article1_pilot_automatic/burgers_quick/m6/seed_00011/config.resolved.yaml,1301,.yaml,ee78418d570ad76c6ce8e34e0e8d1b70c2c97acd8504edbccbf8c35509607f87,V06,preserved,local_commit:656050cae337f96fdab3b47ec862ccae4f1c9601,outputs/article1_pilot_automatic/burgers_quick/m6/seed_00011/config.resolved.yaml,Expériences antérieures M0/M1/M3/M5/M6 ; date exacte non attestée
outputs/article1_pilot_automatic/burgers_quick/m6/seed_00011/environment.json,270,.json,81e8b8ec1f0e36812a60c59a8df82f8463f4b7cdc0f374d41177cd34430c2417,V06,preserved,local_commit:656050cae337f96fdab3b47ec862ccae4f1c9601,outputs/article1_pilot_automatic/burgers_quick/m6/seed_00011/environment.json,Expériences antérieures M0/M1/M3/M5/M6 ; date exacte non attestée
outputs/article1_pilot_automatic/burgers_quick/m6/seed_00011/metrics.csv,5495,.csv,8e52019e52dd7a67cecd7bc81aedc3f9eef0777f5500598b967621d600db0e87,V06,preserved,local_commit:656050cae337f96fdab3b47ec862ccae4f1c9601,outputs/article1_pilot_automatic/burgers_quick/m6/seed_00011/metrics.csv,Expériences antérieures M0/M1/M3/M5/M6 ; date exacte non attestée
outputs/article1_pilot_automatic/burgers_quick/m6/seed_00011/model.pt,21105,.pt,dddfafa323803b60f8eb55d474f6cfe6a1f76f20b5418341d4bdb766949c1bc8,V06,preserved,local_commit:656050cae337f96fdab3b47ec862ccae4f1c9601,outputs/article1_pilot_automatic/burgers_quick/m6/seed_00011/model.pt,Expériences antérieures M0/M1/M3/M5/M6 ; date exacte non attestée
outputs/article1_pilot_automatic/burgers_quick/m6/seed_00011/summary.json,2218,.json,081b297f625693190999dcc9c695ac211cc8b64e588c2055a754089dcac71576,V06,preserved,local_commit:656050cae337f96fdab3b47ec862ccae4f1c9601,outputs/article1_pilot_automatic/burgers_quick/m6/seed_00011/summary.json,Expériences antérieures M0/M1/M3/M5/M6 ; date exacte non attestée
outputs/article1_pilot_automatic/burgers_quick/m6/seed_00022/checkpoint_0000120.pt,21799,.pt,69cc5fc04f852e5befcfa2b0688b7bb7b9b90a21812fe4264b3680827d45ed12,V06,preserved,local_commit:656050cae337f96fdab3b47ec862ccae4f1c9601,outputs/article1_pilot_automatic/burgers_quick/m6/seed_00022/checkpoint_0000120.pt,Expériences antérieures M0/M1/M3/M5/M6 ; date exacte non attestée
outputs/article1_pilot_automatic/burgers_quick/m6/seed_00022/config.resolved.yaml,1301,.yaml,018b776d8bb6c21bdedead920af4f8826d09b8e0911fb66612b5c0179bd20015,V06,preserved,local_commit:656050cae337f96fdab3b47ec862ccae4f1c9601,outputs/article1_pilot_automatic/burgers_quick/m6/seed_00022/config.resolved.yaml,Expériences antérieures M0/M1/M3/M5/M6 ; date exacte non attestée
outputs/article1_pilot_automatic/burgers_quick/m6/seed_00022/environment.json,270,.json,81e8b8ec1f0e36812a60c59a8df82f8463f4b7cdc0f374d41177cd34430c2417,V06,preserved,local_commit:656050cae337f96fdab3b47ec862ccae4f1c9601,outputs/article1_pilot_automatic/burgers_quick/m6/seed_00022/environment.json,Expériences antérieures M0/M1/M3/M5/M6 ; date exacte non attestée
outputs/article1_pilot_automatic/burgers_quick/m6/seed_00022/metrics.csv,5477,.csv,2bdfb1905deb4389541ce48638f883a3a1e3f796e56e7eef4d7fae5b39df6ad4,V06,preserved,local_commit:656050cae337f96fdab3b47ec862ccae4f1c9601,outputs/article1_pilot_automatic/burgers_quick/m6/seed_00022/metrics.csv,Expériences antérieures M0/M1/M3/M5/M6 ; date exacte non attestée
outputs/article1_pilot_automatic/burgers_quick/m6/seed_00022/model.pt,21105,.pt,6645c55f86c9a24c15d1db184ef3ed8255481c64e639b30f6b405f4fe7701214,V06,preserved,local_commit:656050cae337f96fdab3b47ec862ccae4f1c9601,outputs/article1_pilot_automatic/burgers_quick/m6/seed_00022/model.pt,Expériences antérieures M0/M1/M3/M5/M6 ; date exacte non attestée
outputs/article1_pilot_automatic/burgers_quick/m6/seed_00022/summary.json,2216,.json,877268175634b9ea3bacaca9b42e0b5bda7146ec1c21e03d1bcb79819893606a,V06,preserved,local_commit:656050cae337f96fdab3b47ec862ccae4f1c9601,outputs/article1_pilot_automatic/burgers_quick/m6/seed_00022/summary.json,Expériences antérieures M0/M1/M3/M5/M6 ; date exacte non attestée
outputs/article1_pilot_automatic/burgers_quick/m6/seed_00033/checkpoint_0000120.pt,21799,.pt,8f8431838eb6ffe5b4bcc6474717d9859386845788a2c17f6574cc0095d17e34,V06,preserved,local_commit:656050cae337f96fdab3b47ec862ccae4f1c9601,outputs/article1_pilot_automatic/burgers_quick/m6/seed_00033/checkpoint_0000120.pt,Expériences antérieures M0/M1/M3/M5/M6 ; date exacte non attestée
outputs/article1_pilot_automatic/burgers_quick/m6/seed_00033/config.resolved.yaml,1301,.yaml,6dc525e13c33a171682599b42dc5e110b3b600160cde4d463266ed4ee443474f,V06,preserved,local_commit:656050cae337f96fdab3b47ec862ccae4f1c9601,outputs/article1_pilot_automatic/burgers_quick/m6/seed_00033/config.resolved.yaml,Expériences antérieures M0/M1/M3/M5/M6 ; date exacte non attestée
outputs/article1_pilot_automatic/burgers_quick/m6/seed_00033/environment.json,270,.json,81e8b8ec1f0e36812a60c59a8df82f8463f4b7cdc0f374d41177cd34430c2417,V06,preserved,local_commit:656050cae337f96fdab3b47ec862ccae4f1c9601,outputs/article1_pilot_automatic/burgers_quick/m6/seed_00033/environment.json,Expériences antérieures M0/M1/M3/M5/M6 ; date exacte non attestée
outputs/article1_pilot_automatic/burgers_quick/m6/seed_00033/metrics.csv,5503,.csv,5ddd03660092ad17354f5d458b1732f20f484f939af726904fdcebc25c7b2c9e,V06,preserved,local_commit:656050cae337f96fdab3b47ec862ccae4f1c9601,outputs/article1_pilot_automatic/burgers_quick/m6/seed_00033/metrics.csv,Expériences antérieures M0/M1/M3/M5/M6 ; date exacte non attestée
outputs/article1_pilot_automatic/burgers_quick/m6/seed_00033/model.pt,21105,.pt,cdfc0e14362bbb115e9a5cbe93f75bd8371e4a03e2021d5f9cb5125881160aaa,V06,preserved,local_commit:656050cae337f96fdab3b47ec862ccae4f1c9601,outputs/article1_pilot_automatic/burgers_quick/m6/seed_00033/model.pt,Expériences antérieures M0/M1/M3/M5/M6 ; date exacte non attestée
outputs/article1_pilot_automatic/burgers_quick/m6/seed_00033/summary.json,2217,.json,90f34f6334f68800f0b727407f43aaff1792f8bf2a9bb94e5c01042b86c0676d,V06,preserved,local_commit:656050cae337f96fdab3b47ec862ccae4f1c9601,outputs/article1_pilot_automatic/burgers_quick/m6/seed_00033/summary.json,Expériences antérieures M0/M1/M3/M5/M6 ; date exacte non attestée
outputs/burgers_ablation_screen_v1/a0_fixed_reference/m6/seed_00011/checkpoint_0000600.pt,21799,.pt,c3b36c17baef39cc6506f77bb462fdbcfefb3b5dcb0f0330219fbc17124c5cf1,V06,preserved,local_commit:656050cae337f96fdab3b47ec862ccae4f1c9601,outputs/burgers_ablation_screen_v1/a0_fixed_reference/m6/seed_00011/checkpoint_0000600.pt,Expériences antérieures M0/M1/M3/M5/M6 ; date exacte non attestée
outputs/burgers_ablation_screen_v1/a0_fixed_reference/m6/seed_00011/config.resolved.yaml,1238,.yaml,0672092991ae56c23846c6144731baf686d99c0566a57ab16e6d534a62bf8c13,V06,preserved,local_commit:656050cae337f96fdab3b47ec862ccae4f1c9601,outputs/burgers_ablation_screen_v1/a0_fixed_reference/m6/seed_00011/config.resolved.yaml,Expériences antérieures M0/M1/M3/M5/M6 ; date exacte non attestée
outputs/burgers_ablation_screen_v1/a0_fixed_reference/m6/seed_00011/environment.json,270,.json,81e8b8ec1f0e36812a60c59a8df82f8463f4b7cdc0f374d41177cd34430c2417,V06,preserved,local_commit:656050cae337f96fdab3b47ec862ccae4f1c9601,outputs/burgers_ablation_screen_v1/a0_fixed_reference/m6/seed_00011/environment.json,Expériences antérieures M0/M1/M3/M5/M6 ; date exacte non attestée
outputs/burgers_ablation_screen_v1/a0_fixed_reference/m6/seed_00011/metrics.csv,10148,.csv,8c451891c2f0fbdd3f76b6555c3bac4e2ee579a71d69cc65fdc595ae17b01700,V06,preserved,local_commit:656050cae337f96fdab3b47ec862ccae4f1c9601,outputs/burgers_ablation_screen_v1/a0_fixed_reference/m6/seed_00011/metrics.csv,Expériences antérieures M0/M1/M3/M5/M6 ; date exacte non attestée
outputs/burgers_ablation_screen_v1/a0_fixed_reference/m6/seed_00011/model.pt,21105,.pt,6b3a03869dab391849d2eaac40fbd412f69ed5a12175868a7f43dcf392100324,V06,preserved,local_commit:656050cae337f96fdab3b47ec862ccae4f1c9601,outputs/burgers_ablation_screen_v1/a0_fixed_reference/m6/seed_00011/model.pt,Expériences antérieures M0/M1/M3/M5/M6 ; date exacte non attestée
outputs/burgers_ablation_screen_v1/a0_fixed_reference/m6/seed_00011/summary.json,1978,.json,612ee9fefe0b74427101222fef27ba4111d1182475f30d3ef655b143e184de72,V06,preserved,local_commit:656050cae337f96fdab3b47ec862ccae4f1c9601,outputs/burgers_ablation_screen_v1/a0_fixed_reference/m6/seed_00011/summary.json,Expériences antérieures M0/M1/M3/M5/M6 ; date exacte non attestée
outputs/burgers_ablation_screen_v1/a0_fixed_reference/m6/seed_00022/checkpoint_0000600.pt,21799,.pt,c20b6e727bc4621176d69faa1b00738d6c72e5d8fcaff36bf3604939bcc009f5,V06,preserved,local_commit:656050cae337f96fdab3b47ec862ccae4f1c9601,outputs/burgers_ablation_screen_v1/a0_fixed_reference/m6/seed_00022/checkpoint_0000600.pt,Expériences antérieures M0/M1/M3/M5/M6 ; date exacte non attestée
outputs/burgers_ablation_screen_v1/a0_fixed_reference/m6/seed_00022/config.resolved.yaml,1238,.yaml,0a4cb0d78cd9d8854a66900648d8eff6f07b7a4e65f716c0322f2045c56e6093,V06,preserved,local_commit:656050cae337f96fdab3b47ec862ccae4f1c9601,outputs/burgers_ablation_screen_v1/a0_fixed_reference/m6/seed_00022/config.resolved.yaml,Expériences antérieures M0/M1/M3/M5/M6 ; date exacte non attestée
outputs/burgers_ablation_screen_v1/a0_fixed_reference/m6/seed_00022/environment.json,270,.json,81e8b8ec1f0e36812a60c59a8df82f8463f4b7cdc0f374d41177cd34430c2417,V06,preserved,local_commit:656050cae337f96fdab3b47ec862ccae4f1c9601,outputs/burgers_ablation_screen_v1/a0_fixed_reference/m6/seed_00022/environment.json,Expériences antérieures M0/M1/M3/M5/M6 ; date exacte non attestée
outputs/burgers_ablation_screen_v1/a0_fixed_reference/m6/seed_00022/metrics.csv,10137,.csv,5cb14dbfa070c6727bc70cc4ec97b33a4593ce6e25a18365899bf2300389f18b,V06,preserved,local_commit:656050cae337f96fdab3b47ec862ccae4f1c9601,outputs/burgers_ablation_screen_v1/a0_fixed_reference/m6/seed_00022/metrics.csv,Expériences antérieures M0/M1/M3/M5/M6 ; date exacte non attestée
outputs/burgers_ablation_screen_v1/a0_fixed_reference/m6/seed_00022/model.pt,21105,.pt,e9f046effac6cd973b67c7d83bbd0483d7ed1590697276ba1423227f946b41c8,V06,preserved,local_commit:656050cae337f96fdab3b47ec862ccae4f1c9601,outputs/burgers_ablation_screen_v1/a0_fixed_reference/m6/seed_00022/model.pt,Expériences antérieures M0/M1/M3/M5/M6 ; date exacte non attestée
outputs/burgers_ablation_screen_v1/a0_fixed_reference/m6/seed_00022/summary.json,1977,.json,bea316a2a02e8e4aeda749a58034b845bff7350b25328b8ba4615d29c7f23d1d,V06,preserved,local_commit:656050cae337f96fdab3b47ec862ccae4f1c9601,outputs/burgers_ablation_screen_v1/a0_fixed_reference/m6/seed_00022/summary.json,Expériences antérieures M0/M1/M3/M5/M6 ; date exacte non attestée
outputs/burgers_ablation_screen_v1/a0_fixed_reference/m6/seed_00033/checkpoint_0000600.pt,21799,.pt,7c3b8affd04d5aaaa9f0a69d3d4d33c7dbf393e96052ba7e472764bec3613a34,V06,preserved,local_commit:656050cae337f96fdab3b47ec862ccae4f1c9601,outputs/burgers_ablation_screen_v1/a0_fixed_reference/m6/seed_00033/checkpoint_0000600.pt,Expériences antérieures M0/M1/M3/M5/M6 ; date exacte non attestée
outputs/burgers_ablation_screen_v1/a0_fixed_reference/m6/seed_00033/config.resolved.yaml,1238,.yaml,e933cba9eefee706a849d082c4f58739a0d7fde4c5a0d92882073bfaed8b2612,V06,preserved,local_commit:656050cae337f96fdab3b47ec862ccae4f1c9601,outputs/burgers_ablation_screen_v1/a0_fixed_reference/m6/seed_00033/config.resolved.yaml,Expériences antérieures M0/M1/M3/M5/M6 ; date exacte non attestée
outputs/burgers_ablation_screen_v1/a0_fixed_reference/m6/seed_00033/environment.json,270,.json,81e8b8ec1f0e36812a60c59a8df82f8463f4b7cdc0f374d41177cd34430c2417,V06,preserved,local_commit:656050cae337f96fdab3b47ec862ccae4f1c9601,outputs/burgers_ablation_screen_v1/a0_fixed_reference/m6/seed_00033/environment.json,Expériences antérieures M0/M1/M3/M5/M6 ; date exacte non attestée
outputs/burgers_ablation_screen_v1/a0_fixed_reference/m6/seed_00033/metrics.csv,10159,.csv,5a8871b7fdf7d52a77d8bd30ed1a4f88aedd2ca71671937b2f0390fb2cfa9623,V06,preserved,local_commit:656050cae337f96fdab3b47ec862ccae4f1c9601,outputs/burgers_ablation_screen_v1/a0_fixed_reference/m6/seed_00033/metrics.csv,Expériences antérieures M0/M1/M3/M5/M6 ; date exacte non attestée
outputs/burgers_ablation_screen_v1/a0_fixed_reference/m6/seed_00033/model.pt,21105,.pt,4a5051a8b52c980a8a462b6f41aea41ad60130e6f44946845f0e3ec635d836db,V06,preserved,local_commit:656050cae337f96fdab3b47ec862ccae4f1c9601,outputs/burgers_ablation_screen_v1/a0_fixed_reference/m6/seed_00033/model.pt,Expériences antérieures M0/M1/M3/M5/M6 ; date exacte non attestée
outputs/burgers_ablation_screen_v1/a0_fixed_reference/m6/seed_00033/summary.json,1974,.json,84f0b9f9a2baa25ec99a3c98d1819225655610ebcc58fae8a5908e1aa964e584,V06,preserved,local_commit:656050cae337f96fdab3b47ec862ccae4f1c9601,outputs/burgers_ablation_screen_v1/a0_fixed_reference/m6/seed_00033/summary.json,Expériences antérieures M0/M1/M3/M5/M6 ; date exacte non attestée
outputs/burgers_ablation_screen_v1/a0_fixed_reference/m6/seed_00044/checkpoint_0000600.pt,21799,.pt,03d02df3b4c094050d607ab8e8cba3e005c4eccc691dc46226aa178982169f25,V06,preserved,local_commit:656050cae337f96fdab3b47ec862ccae4f1c9601,outputs/burgers_ablation_screen_v1/a0_fixed_reference/m6/seed_00044/checkpoint_0000600.pt,Expériences antérieures M0/M1/M3/M5/M6 ; date exacte non attestée
outputs/burgers_ablation_screen_v1/a0_fixed_reference/m6/seed_00044/config.resolved.yaml,1238,.yaml,f9ca0f4f084a4ba0c0ff882a4aa74b20e09bea6f4915204fdbce9416eee60e0b,V06,preserved,local_commit:656050cae337f96fdab3b47ec862ccae4f1c9601,outputs/burgers_ablation_screen_v1/a0_fixed_reference/m6/seed_00044/config.resolved.yaml,Expériences antérieures M0/M1/M3/M5/M6 ; date exacte non attestée
outputs/burgers_ablation_screen_v1/a0_fixed_reference/m6/seed_00044/environment.json,270,.json,81e8b8ec1f0e36812a60c59a8df82f8463f4b7cdc0f374d41177cd34430c2417,V06,preserved,local_commit:656050cae337f96fdab3b47ec862ccae4f1c9601,outputs/burgers_ablation_screen_v1/a0_fixed_reference/m6/seed_00044/environment.json,Expériences antérieures M0/M1/M3/M5/M6 ; date exacte non attestée
outputs/burgers_ablation_screen_v1/a0_fixed_reference/m6/seed_00044/metrics.csv,10150,.csv,36610713c3903eed9e70d29b5a47269bca963095d0cece006f25788d6c8da307,V06,preserved,local_commit:656050cae337f96fdab3b47ec862ccae4f1c9601,outputs/burgers_ablation_screen_v1/a0_fixed_reference/m6/seed_00044/metrics.csv,Expériences antérieures M0/M1/M3/M5/M6 ; date exacte non attestée
outputs/burgers_ablation_screen_v1/a0_fixed_reference/m6/seed_00044/model.pt,21105,.pt,52f9e60607794881e53bea0af92b8dc676e7d4c02c6ae624956bfa54179bd45c,V06,preserved,local_commit:656050cae337f96fdab3b47ec862ccae4f1c9601,outputs/burgers_ablation_screen_v1/a0_fixed_reference/m6/seed_00044/model.pt,Expériences antérieures M0/M1/M3/M5/M6 ; date exacte non attestée
outputs/burgers_ablation_screen_v1/a0_fixed_reference/m6/seed_00044/summary.json,1974,.json,03c1308c31c9dee293760d6238b00104a96991b50b26e024d346fe21f64f7de3,V06,preserved,local_commit:656050cae337f96fdab3b47ec862ccae4f1c9601,outputs/burgers_ablation_screen_v1/a0_fixed_reference/m6/seed_00044/summary.json,Expériences antérieures M0/M1/M3/M5/M6 ; date exacte non attestée
outputs/burgers_ablation_screen_v1/a0_fixed_reference/m6/seed_00055/checkpoint_0000600.pt,21799,.pt,82bb09c0619feb83ad833afd70644532d122f9cf773d542330268d0ff159da9d,V06,preserved,local_commit:656050cae337f96fdab3b47ec862ccae4f1c9601,outputs/burgers_ablation_screen_v1/a0_fixed_reference/m6/seed_00055/checkpoint_0000600.pt,Expériences antérieures M0/M1/M3/M5/M6 ; date exacte non attestée
outputs/burgers_ablation_screen_v1/a0_fixed_reference/m6/seed_00055/config.resolved.yaml,1238,.yaml,3a5519adb20ec526ad2bfdf9bf5fa935f062f7492b6d9f86e590a69ed6778fec,V06,preserved,local_commit:656050cae337f96fdab3b47ec862ccae4f1c9601,outputs/burgers_ablation_screen_v1/a0_fixed_reference/m6/seed_00055/config.resolved.yaml,Expériences antérieures M0/M1/M3/M5/M6 ; date exacte non attestée
outputs/burgers_ablation_screen_v1/a0_fixed_reference/m6/seed_00055/environment.json,270,.json,81e8b8ec1f0e36812a60c59a8df82f8463f4b7cdc0f374d41177cd34430c2417,V06,preserved,local_commit:656050cae337f96fdab3b47ec862ccae4f1c9601,outputs/burgers_ablation_screen_v1/a0_fixed_reference/m6/seed_00055/environment.json,Expériences antérieures M0/M1/M3/M5/M6 ; date exacte non attestée
outputs/burgers_ablation_screen_v1/a0_fixed_reference/m6/seed_00055/metrics.csv,10169,.csv,79dbdca766bc5e487fa7c1efa6d05afc69922596f310454530cee44e7b93f9ad,V06,preserved,local_commit:656050cae337f96fdab3b47ec862ccae4f1c9601,outputs/burgers_ablation_screen_v1/a0_fixed_reference/m6/seed_00055/metrics.csv,Expériences antérieures M0/M1/M3/M5/M6 ; date exacte non attestée
outputs/burgers_ablation_screen_v1/a0_fixed_reference/m6/seed_00055/model.pt,21105,.pt,18749336d894825151c0190491eae781d51c123d6cc20eabdeb0ec72ba05fd2f,V06,preserved,local_commit:656050cae337f96fdab3b47ec862ccae4f1c9601,outputs/burgers_ablation_screen_v1/a0_fixed_reference/m6/seed_00055/model.pt,Expériences antérieures M0/M1/M3/M5/M6 ; date exacte non attestée
outputs/burgers_ablation_screen_v1/a0_fixed_reference/m6/seed_00055/summary.json,1975,.json,ab011ba8874aad070446fe4488e46b57225b83f66c64a7534a086235fb33e363,V06,preserved,local_commit:656050cae337f96fdab3b47ec862ccae4f1c9601,outputs/burgers_ablation_screen_v1/a0_fixed_reference/m6/seed_00055/summary.json,Expériences antérieures M0/M1/M3/M5/M6 ; date exacte non attestée
outputs/burgers_ablation_screen_v1/a1_adaptive_batch/m5/seed_00011/checkpoint_0000600.pt,21799,.pt,ed4a653ce345155ab49214ee069781c38fbfb50ef4ee76b730ceea2b8a209929,V06,preserved,local_commit:656050cae337f96fdab3b47ec862ccae4f1c9601,outputs/burgers_ablation_screen_v1/a1_adaptive_batch/m5/seed_00011/checkpoint_0000600.pt,Expériences antérieures M0/M1/M3/M5/M6 ; date exacte non attestée
outputs/burgers_ablation_screen_v1/a1_adaptive_batch/m5/seed_00011/config.resolved.yaml,1237,.yaml,ccaff50e592f090bf65bde09a0110751ab716be89e506456763183663f055b8f,V06,preserved,local_commit:656050cae337f96fdab3b47ec862ccae4f1c9601,outputs/burgers_ablation_screen_v1/a1_adaptive_batch/m5/seed_00011/config.resolved.yaml,Expériences antérieures M0/M1/M3/M5/M6 ; date exacte non attestée
outputs/burgers_ablation_screen_v1/a1_adaptive_batch/m5/seed_00011/environment.json,270,.json,81e8b8ec1f0e36812a60c59a8df82f8463f4b7cdc0f374d41177cd34430c2417,V06,preserved,local_commit:656050cae337f96fdab3b47ec862ccae4f1c9601,outputs/burgers_ablation_screen_v1/a1_adaptive_batch/m5/seed_00011/environment.json,Expériences antérieures M0/M1/M3/M5/M6 ; date exacte non attestée
outputs/burgers_ablation_screen_v1/a1_adaptive_batch/m5/seed_00011/metrics.csv,10133,.csv,96ee1f47b5d8206adf196715edd60b3c51106120466685675df2509a141beaf0,V06,preserved,local_commit:656050cae337f96fdab3b47ec862ccae4f1c9601,outputs/burgers_ablation_screen_v1/a1_adaptive_batch/m5/seed_00011/metrics.csv,Expériences antérieures M0/M1/M3/M5/M6 ; date exacte non attestée
outputs/burgers_ablation_screen_v1/a1_adaptive_batch/m5/seed_00011/model.pt,21105,.pt,b79050b5ee792f0c1ecca22c03b983c9ec67e79fda27cb2b49f324cf6b4e563f,V06,preserved,local_commit:656050cae337f96fdab3b47ec862ccae4f1c9601,outputs/burgers_ablation_screen_v1/a1_adaptive_batch/m5/seed_00011/model.pt,Expériences antérieures M0/M1/M3/M5/M6 ; date exacte non attestée
outputs/burgers_ablation_screen_v1/a1_adaptive_batch/m5/seed_00011/summary.json,1980,.json,c98d6c99f037db1434f6daca30ed03761abd1aab2b6da4e352f10c1fa7a94ced,V06,preserved,local_commit:656050cae337f96fdab3b47ec862ccae4f1c9601,outputs/burgers_ablation_screen_v1/a1_adaptive_batch/m5/seed_00011/summary.json,Expériences antérieures M0/M1/M3/M5/M6 ; date exacte non attestée
outputs/burgers_ablation_screen_v1/a1_adaptive_batch/m5/seed_00022/checkpoint_0000600.pt,21799,.pt,f6bd192817f1e5ac73037fac7674e1eb29365c8c6dca3ce558bcd4c837221ad6,V06,preserved,local_commit:656050cae337f96fdab3b47ec862ccae4f1c9601,outputs/burgers_ablation_screen_v1/a1_adaptive_batch/m5/seed_00022/checkpoint_0000600.pt,Expériences antérieures M0/M1/M3/M5/M6 ; date exacte non attestée
outputs/burgers_ablation_screen_v1/a1_adaptive_batch/m5/seed_00022/config.resolved.yaml,1237,.yaml,7e259cfd713bf46f9a325ddbdcc1f30eb02f9bfa72cb0491abdcd447de7d01b6,V06,preserved,local_commit:656050cae337f96fdab3b47ec862ccae4f1c9601,outputs/burgers_ablation_screen_v1/a1_adaptive_batch/m5/seed_00022/config.resolved.yaml,Expériences antérieures M0/M1/M3/M5/M6 ; date exacte non attestée
outputs/burgers_ablation_screen_v1/a1_adaptive_batch/m5/seed_00022/environment.json,270,.json,81e8b8ec1f0e36812a60c59a8df82f8463f4b7cdc0f374d41177cd34430c2417,V06,preserved,local_commit:656050cae337f96fdab3b47ec862ccae4f1c9601,outputs/burgers_ablation_screen_v1/a1_adaptive_batch/m5/seed_00022/environment.json,Expériences antérieures M0/M1/M3/M5/M6 ; date exacte non attestée
outputs/burgers_ablation_screen_v1/a1_adaptive_batch/m5/seed_00022/metrics.csv,10117,.csv,bb7a1eb85f2d77b3e290aaee9684ebd4d82c677562dd799d0ba1ba8f3170a432,V06,preserved,local_commit:656050cae337f96fdab3b47ec862ccae4f1c9601,outputs/burgers_ablation_screen_v1/a1_adaptive_batch/m5/seed_00022/metrics.csv,Expériences antérieures M0/M1/M3/M5/M6 ; date exacte non attestée
outputs/burgers_ablation_screen_v1/a1_adaptive_batch/m5/seed_00022/model.pt,21105,.pt,71c95a7a89d6278ca73b299c6cd2a92e8363b6aec39bd9ab2bf38d2ff7822f5a,V06,preserved,local_commit:656050cae337f96fdab3b47ec862ccae4f1c9601,outputs/burgers_ablation_screen_v1/a1_adaptive_batch/m5/seed_00022/model.pt,Expériences antérieures M0/M1/M3/M5/M6 ; date exacte non attestée
outputs/burgers_ablation_screen_v1/a1_adaptive_batch/m5/seed_00022/summary.json,1978,.json,dc1c58272d4ddffdda118f5c657dab62ec888a253771e92ad1eea877010e8def,V06,preserved,local_commit:656050cae337f96fdab3b47ec862ccae4f1c9601,outputs/burgers_ablation_screen_v1/a1_adaptive_batch/m5/seed_00022/summary.json,Expériences antérieures M0/M1/M3/M5/M6 ; date exacte non attestée
outputs/burgers_ablation_screen_v1/a1_adaptive_batch/m5/seed_00033/checkpoint_0000600.pt,21799,.pt,932930b011a76c7bd94a2bd842fcb87b7afd30a9de6c556da0493c09c7c856d8,V06,preserved,local_commit:656050cae337f96fdab3b47ec862ccae4f1c9601,outputs/burgers_ablation_screen_v1/a1_adaptive_batch/m5/seed_00033/checkpoint_0000600.pt,Expériences antérieures M0/M1/M3/M5/M6 ; date exacte non attestée
outputs/burgers_ablation_screen_v1/a1_adaptive_batch/m5/seed_00033/config.resolved.yaml,1237,.yaml,5eb695f6da6b6f32eaa150af6fc61e051f45092a19e9a9bc7cb1cdb05149e0ae,V06,preserved,local_commit:656050cae337f96fdab3b47ec862ccae4f1c9601,outputs/burgers_ablation_screen_v1/a1_adaptive_batch/m5/seed_00033/config.resolved.yaml,Expériences antérieures M0/M1/M3/M5/M6 ; date exacte non attestée
outputs/burgers_ablation_screen_v1/a1_adaptive_batch/m5/seed_00033/environment.json,270,.json,81e8b8ec1f0e36812a60c59a8df82f8463f4b7cdc0f374d41177cd34430c2417,V06,preserved,local_commit:656050cae337f96fdab3b47ec862ccae4f1c9601,outputs/burgers_ablation_screen_v1/a1_adaptive_batch/m5/seed_00033/environment.json,Expériences antérieures M0/M1/M3/M5/M6 ; date exacte non attestée
outputs/burgers_ablation_screen_v1/a1_adaptive_batch/m5/seed_00033/metrics.csv,10156,.csv,74adfb93e3689c589d07f42c558b3805ef5a386cfa479798b456f9099ab7e343,V06,preserved,local_commit:656050cae337f96fdab3b47ec862ccae4f1c9601,outputs/burgers_ablation_screen_v1/a1_adaptive_batch/m5/seed_00033/metrics.csv,Expériences antérieures M0/M1/M3/M5/M6 ; date exacte non attestée
outputs/burgers_ablation_screen_v1/a1_adaptive_batch/m5/seed_00033/model.pt,21105,.pt,aced316faf09c4877b9f8897dcaa89d86c84fa000614b068dea32e618f15df78,V06,preserved,local_commit:656050cae337f96fdab3b47ec862ccae4f1c9601,outputs/burgers_ablation_screen_v1/a1_adaptive_batch/m5/seed_00033/model.pt,Expériences antérieures M0/M1/M3/M5/M6 ; date exacte non attestée
outputs/burgers_ablation_screen_v1/a1_adaptive_batch/m5/seed_00033/summary.json,1980,.json,ff0de4d223cde9da0c67d06e225233c6b2538e7e720be47f03dbeb474cbe2ef9,V06,preserved,local_commit:656050cae337f96fdab3b47ec862ccae4f1c9601,outputs/burgers_ablation_screen_v1/a1_adaptive_batch/m5/seed_00033/summary.json,Expériences antérieures M0/M1/M3/M5/M6 ; date exacte non attestée
outputs/burgers_ablation_screen_v1/a1_adaptive_batch/m5/seed_00044/checkpoint_0000600.pt,21799,.pt,c7438999d06170cc7761591e49db0f7c0e4287cb8c4fd98d380ae03e94ab465e,V06,preserved,local_commit:656050cae337f96fdab3b47ec862ccae4f1c9601,outputs/burgers_ablation_screen_v1/a1_adaptive_batch/m5/seed_00044/checkpoint_0000600.pt,Expériences antérieures M0/M1/M3/M5/M6 ; date exacte non attestée
outputs/burgers_ablation_screen_v1/a1_adaptive_batch/m5/seed_00044/config.resolved.yaml,1237,.yaml,2ebf1e10f839c6f8fe02cc178d728eec1a6381825940dace2eafd26087d558d5,V06,preserved,local_commit:656050cae337f96fdab3b47ec862ccae4f1c9601,outputs/burgers_ablation_screen_v1/a1_adaptive_batch/m5/seed_00044/config.resolved.yaml,Expériences antérieures M0/M1/M3/M5/M6 ; date exacte non attestée
outputs/burgers_ablation_screen_v1/a1_adaptive_batch/m5/seed_00044/environment.json,270,.json,81e8b8ec1f0e36812a60c59a8df82f8463f4b7cdc0f374d41177cd34430c2417,V06,preserved,local_commit:656050cae337f96fdab3b47ec862ccae4f1c9601,outputs/burgers_ablation_screen_v1/a1_adaptive_batch/m5/seed_00044/environment.json,Expériences antérieures M0/M1/M3/M5/M6 ; date exacte non attestée
outputs/burgers_ablation_screen_v1/a1_adaptive_batch/m5/seed_00044/metrics.csv,10131,.csv,b96d88daf3eee727ae7438eada8944f5d571dc2e61c702a1da1214138b861bb2,V06,preserved,local_commit:656050cae337f96fdab3b47ec862ccae4f1c9601,outputs/burgers_ablation_screen_v1/a1_adaptive_batch/m5/seed_00044/metrics.csv,Expériences antérieures M0/M1/M3/M5/M6 ; date exacte non attestée
outputs/burgers_ablation_screen_v1/a1_adaptive_batch/m5/seed_00044/model.pt,21105,.pt,09e70e93a666612289f5712d35c3391ce8b1831c4e11a67952edf2b85044f491,V06,preserved,local_commit:656050cae337f96fdab3b47ec862ccae4f1c9601,outputs/burgers_ablation_screen_v1/a1_adaptive_batch/m5/seed_00044/model.pt,Expériences antérieures M0/M1/M3/M5/M6 ; date exacte non attestée
outputs/burgers_ablation_screen_v1/a1_adaptive_batch/m5/seed_00044/summary.json,1982,.json,e7064cc6225baee49a763683c1b9f7523d4b2bfb0db43d148f10ac13e6441444,V06,preserved,local_commit:656050cae337f96fdab3b47ec862ccae4f1c9601,outputs/burgers_ablation_screen_v1/a1_adaptive_batch/m5/seed_00044/summary.json,Expériences antérieures M0/M1/M3/M5/M6 ; date exacte non attestée
outputs/burgers_ablation_screen_v1/a1_adaptive_batch/m5/seed_00055/checkpoint_0000600.pt,21799,.pt,5dee069d48c44293b9c8350b8b8842f4a43fd1fcbd1afe0958c7faf8033dbc95,V06,preserved,local_commit:656050cae337f96fdab3b47ec862ccae4f1c9601,outputs/burgers_ablation_screen_v1/a1_adaptive_batch/m5/seed_00055/checkpoint_0000600.pt,Expériences antérieures M0/M1/M3/M5/M6 ; date exacte non attestée
outputs/burgers_ablation_screen_v1/a1_adaptive_batch/m5/seed_00055/config.resolved.yaml,1237,.yaml,d79abb83180f9da9d50687fefba252a6ac027c744e3cef6263905b46d6f01c34,V06,preserved,local_commit:656050cae337f96fdab3b47ec862ccae4f1c9601,outputs/burgers_ablation_screen_v1/a1_adaptive_batch/m5/seed_00055/config.resolved.yaml,Expériences antérieures M0/M1/M3/M5/M6 ; date exacte non attestée
outputs/burgers_ablation_screen_v1/a1_adaptive_batch/m5/seed_00055/environment.json,270,.json,81e8b8ec1f0e36812a60c59a8df82f8463f4b7cdc0f374d41177cd34430c2417,V06,preserved,local_commit:656050cae337f96fdab3b47ec862ccae4f1c9601,outputs/burgers_ablation_screen_v1/a1_adaptive_batch/m5/seed_00055/environment.json,Expériences antérieures M0/M1/M3/M5/M6 ; date exacte non attestée
outputs/burgers_ablation_screen_v1/a1_adaptive_batch/m5/seed_00055/metrics.csv,10162,.csv,ff9f33ba2613edd43fb409d431c185be4d6000fc9a22c862cd5a276660af826c,V06,preserved,local_commit:656050cae337f96fdab3b47ec862ccae4f1c9601,outputs/burgers_ablation_screen_v1/a1_adaptive_batch/m5/seed_00055/metrics.csv,Expériences antérieures M0/M1/M3/M5/M6 ; date exacte non attestée
outputs/burgers_ablation_screen_v1/a1_adaptive_batch/m5/seed_00055/model.pt,21105,.pt,1cb503ee238ff008c8a7ceea294fe6858e7effd5c79fa04781915cf959b7967f,V06,preserved,local_commit:656050cae337f96fdab3b47ec862ccae4f1c9601,outputs/burgers_ablation_screen_v1/a1_adaptive_batch/m5/seed_00055/model.pt,Expériences antérieures M0/M1/M3/M5/M6 ; date exacte non attestée
outputs/burgers_ablation_screen_v1/a1_adaptive_batch/m5/seed_00055/summary.json,1980,.json,d79b9f9178bbcbc60a823001b107e28c272f1c0ede71fd3751b068d9e2ff7877,V06,preserved,local_commit:656050cae337f96fdab3b47ec862ccae4f1c9601,outputs/burgers_ablation_screen_v1/a1_adaptive_batch/m5/seed_00055/summary.json,Expériences antérieures M0/M1/M3/M5/M6 ; date exacte non attestée
outputs/burgers_ablation_screen_v1/ablation_summary.json,151047,.json,1d2163e0c6ea3a44cafae836c54df99c4bf9cb7b9220475fa056c13315a2c574,V06,preserved,local_commit:656050cae337f96fdab3b47ec862ccae4f1c9601,outputs/burgers_ablation_screen_v1/ablation_summary.json,Expériences antérieures M0/M1/M3/M5/M6 ; date exacte non attestée
outputs/burgers_ablation_screen_v1/audit_latin_hypercube/m6/seed_00011/checkpoint_0000600.pt,21799,.pt,914a6c7d4834609f0f6896e079da691b61dd2a928c284f66704929009b934cbf,V06,preserved,local_commit:656050cae337f96fdab3b47ec862ccae4f1c9601,outputs/burgers_ablation_screen_v1/audit_latin_hypercube/m6/seed_00011/checkpoint_0000600.pt,Expériences antérieures M0/M1/M3/M5/M6 ; date exacte non attestée
outputs/burgers_ablation_screen_v1/audit_latin_hypercube/m6/seed_00011/config.resolved.yaml,1250,.yaml,59b0ecdc5736d717f6ff4ce33e6b142bd4a43a90b0504808d6407fd2b21d6d59,V06,preserved,local_commit:656050cae337f96fdab3b47ec862ccae4f1c9601,outputs/burgers_ablation_screen_v1/audit_latin_hypercube/m6/seed_00011/config.resolved.yaml,Expériences antérieures M0/M1/M3/M5/M6 ; date exacte non attestée
outputs/burgers_ablation_screen_v1/audit_latin_hypercube/m6/seed_00011/environment.json,270,.json,81e8b8ec1f0e36812a60c59a8df82f8463f4b7cdc0f374d41177cd34430c2417,V06,preserved,local_commit:656050cae337f96fdab3b47ec862ccae4f1c9601,outputs/burgers_ablation_screen_v1/audit_latin_hypercube/m6/seed_00011/environment.json,Expériences antérieures M0/M1/M3/M5/M6 ; date exacte non attestée
outputs/burgers_ablation_screen_v1/audit_latin_hypercube/m6/seed_00011/metrics.csv,10117,.csv,5fb23b17984dd2be7a376366a31cb7342fb443ea11756605d33af6fd4a1d1f83,V06,preserved,local_commit:656050cae337f96fdab3b47ec862ccae4f1c9601,outputs/burgers_ablation_screen_v1/audit_latin_hypercube/m6/seed_00011/metrics.csv,Expériences antérieures M0/M1/M3/M5/M6 ; date exacte non attestée
outputs/burgers_ablation_screen_v1/audit_latin_hypercube/m6/seed_00011/model.pt,21105,.pt,6d8f505dbc2374394ac176ca54ced161fada169cb1d912812a529c973d83e2c7,V06,preserved,local_commit:656050cae337f96fdab3b47ec862ccae4f1c9601,outputs/burgers_ablation_screen_v1/audit_latin_hypercube/m6/seed_00011/model.pt,Expériences antérieures M0/M1/M3/M5/M6 ; date exacte non attestée
outputs/burgers_ablation_screen_v1/audit_latin_hypercube/m6/seed_00011/summary.json,1986,.json,dc46794db11c16d1c6cb096eba9bd579791478f594c4d2432b0dfc129537cfc1,V06,preserved,local_commit:656050cae337f96fdab3b47ec862ccae4f1c9601,outputs/burgers_ablation_screen_v1/audit_latin_hypercube/m6/seed_00011/summary.json,Expériences antérieures M0/M1/M3/M5/M6 ; date exacte non attestée
outputs/burgers_ablation_screen_v1/audit_latin_hypercube/m6/seed_00022/checkpoint_0000600.pt,21799,.pt,45d2a2a830f87872022606a997e10caad879228dbe66a106a5408e7dbd692101,V06,preserved,local_commit:656050cae337f96fdab3b47ec862ccae4f1c9601,outputs/burgers_ablation_screen_v1/audit_latin_hypercube/m6/seed_00022/checkpoint_0000600.pt,Expériences antérieures M0/M1/M3/M5/M6 ; date exacte non attestée
outputs/burgers_ablation_screen_v1/audit_latin_hypercube/m6/seed_00022/config.resolved.yaml,1250,.yaml,c3720eb473045783e84dce2c74d364055604e3ba4eb1390640ddb3c15840eff9,V06,preserved,local_commit:656050cae337f96fdab3b47ec862ccae4f1c9601,outputs/burgers_ablation_screen_v1/audit_latin_hypercube/m6/seed_00022/config.resolved.yaml,Expériences antérieures M0/M1/M3/M5/M6 ; date exacte non attestée
outputs/burgers_ablation_screen_v1/audit_latin_hypercube/m6/seed_00022/environment.json,270,.json,81e8b8ec1f0e36812a60c59a8df82f8463f4b7cdc0f374d41177cd34430c2417,V06,preserved,local_commit:656050cae337f96fdab3b47ec862ccae4f1c9601,outputs/burgers_ablation_screen_v1/audit_latin_hypercube/m6/seed_00022/environment.json,Expériences antérieures M0/M1/M3/M5/M6 ; date exacte non attestée
outputs/burgers_ablation_screen_v1/audit_latin_hypercube/m6/seed_00022/metrics.csv,10140,.csv,365eb8f0a77e61268462a41d55055e43ef5caf792c1e36ed7b5f56f20644056b,V06,preserved,local_commit:656050cae337f96fdab3b47ec862ccae4f1c9601,outputs/burgers_ablation_screen_v1/audit_latin_hypercube/m6/seed_00022/metrics.csv,Expériences antérieures M0/M1/M3/M5/M6 ; date exacte non attestée
outputs/burgers_ablation_screen_v1/audit_latin_hypercube/m6/seed_00022/model.pt,21105,.pt,b7eacec20d3fa1674cb49523c685f083be541c72fc4a4533f97f54a1c2ae469e,V06,preserved,local_commit:656050cae337f96fdab3b47ec862ccae4f1c9601,outputs/burgers_ablation_screen_v1/audit_latin_hypercube/m6/seed_00022/model.pt,Expériences antérieures M0/M1/M3/M5/M6 ; date exacte non attestée
outputs/burgers_ablation_screen_v1/audit_latin_hypercube/m6/seed_00022/summary.json,1985,.json,a3d2a4d3939f3b52fe798fc89ce150f21b1eaad493b3421d8dcb4d031de89c95,V06,preserved,local_commit:656050cae337f96fdab3b47ec862ccae4f1c9601,outputs/burgers_ablation_screen_v1/audit_latin_hypercube/m6/seed_00022/summary.json,Expériences antérieures M0/M1/M3/M5/M6 ; date exacte non attestée
outputs/burgers_ablation_screen_v1/audit_latin_hypercube/m6/seed_00033/checkpoint_0000600.pt,21799,.pt,96062e8c126f7fed7f0d52ded501baa9de90d1c1d39ee1dc02110834ec2b5442,V06,preserved,local_commit:656050cae337f96fdab3b47ec862ccae4f1c9601,outputs/burgers_ablation_screen_v1/audit_latin_hypercube/m6/seed_00033/checkpoint_0000600.pt,Expériences antérieures M0/M1/M3/M5/M6 ; date exacte non attestée
outputs/burgers_ablation_screen_v1/audit_latin_hypercube/m6/seed_00033/config.resolved.yaml,1250,.yaml,e76a7ab85afe78cdef519405071def3942ea018a08bc429741635901c9907d7b,V06,preserved,local_commit:656050cae337f96fdab3b47ec862ccae4f1c9601,outputs/burgers_ablation_screen_v1/audit_latin_hypercube/m6/seed_00033/config.resolved.yaml,Expériences antérieures M0/M1/M3/M5/M6 ; date exacte non attestée
outputs/burgers_ablation_screen_v1/audit_latin_hypercube/m6/seed_00033/environment.json,270,.json,81e8b8ec1f0e36812a60c59a8df82f8463f4b7cdc0f374d41177cd34430c2417,V06,preserved,local_commit:656050cae337f96fdab3b47ec862ccae4f1c9601,outputs/burgers_ablation_screen_v1/audit_latin_hypercube/m6/seed_00033/environment.json,Expériences antérieures M0/M1/M3/M5/M6 ; date exacte non attestée
outputs/burgers_ablation_screen_v1/audit_latin_hypercube/m6/seed_00033/metrics.csv,10153,.csv,2d096610bf57223da5b25bf0cce52e3c3bc824c462f965125df7aa857f796d64,V06,preserved,local_commit:656050cae337f96fdab3b47ec862ccae4f1c9601,outputs/burgers_ablation_screen_v1/audit_latin_hypercube/m6/seed_00033/metrics.csv,Expériences antérieures M0/M1/M3/M5/M6 ; date exacte non attestée
outputs/burgers_ablation_screen_v1/audit_latin_hypercube/m6/seed_00033/model.pt,21105,.pt,83f28bf70c9887e1e5a03c10b9532fb1f6d29449ce3a2d2a6da16d6d64a006cf,V06,preserved,local_commit:656050cae337f96fdab3b47ec862ccae4f1c9601,outputs/burgers_ablation_screen_v1/audit_latin_hypercube/m6/seed_00033/model.pt,Expériences antérieures M0/M1/M3/M5/M6 ; date exacte non attestée
outputs/burgers_ablation_screen_v1/audit_latin_hypercube/m6/seed_00033/summary.json,1991,.json,9334dba18bd87fd061677905d171bc6713e1af06fd7b6b703cf93d97395d1527,V06,preserved,local_commit:656050cae337f96fdab3b47ec862ccae4f1c9601,outputs/burgers_ablation_screen_v1/audit_latin_hypercube/m6/seed_00033/summary.json,Expériences antérieures M0/M1/M3/M5/M6 ; date exacte non attestée
outputs/burgers_ablation_screen_v1/audit_latin_hypercube/m6/seed_00044/checkpoint_0000600.pt,21799,.pt,b32374d027d0ee325a05e2cc6c4ab71c0b6b2f52aacbcecb97b1ec273069879c,V06,preserved,local_commit:656050cae337f96fdab3b47ec862ccae4f1c9601,outputs/burgers_ablation_screen_v1/audit_latin_hypercube/m6/seed_00044/checkpoint_0000600.pt,Expériences antérieures M0/M1/M3/M5/M6 ; date exacte non attestée
outputs/burgers_ablation_screen_v1/audit_latin_hypercube/m6/seed_00044/config.resolved.yaml,1250,.yaml,3b463b01daf3ba0f34bfc9ca31744b926db93d7d873adba3c3b34562b098ee9b,V06,preserved,local_commit:656050cae337f96fdab3b47ec862ccae4f1c9601,outputs/burgers_ablation_screen_v1/audit_latin_hypercube/m6/seed_00044/config.resolved.yaml,Expériences antérieures M0/M1/M3/M5/M6 ; date exacte non attestée
outputs/burgers_ablation_screen_v1/audit_latin_hypercube/m6/seed_00044/environment.json,270,.json,81e8b8ec1f0e36812a60c59a8df82f8463f4b7cdc0f374d41177cd34430c2417,V06,preserved,local_commit:656050cae337f96fdab3b47ec862ccae4f1c9601,outputs/burgers_ablation_screen_v1/audit_latin_hypercube/m6/seed_00044/environment.json,Expériences antérieures M0/M1/M3/M5/M6 ; date exacte non attestée
outputs/burgers_ablation_screen_v1/audit_latin_hypercube/m6/seed_00044/metrics.csv,7350,.csv,5c57784fdac7361d2714494d7c396cbe6e04ba5f5d79098de8b6e8adb925a8d9,V06,preserved,local_commit:656050cae337f96fdab3b47ec862ccae4f1c9601,outputs/burgers_ablation_screen_v1/audit_latin_hypercube/m6/seed_00044/metrics.csv,Expériences antérieures M0/M1/M3/M5/M6 ; date exacte non attestée
outputs/burgers_ablation_screen_v1/audit_latin_hypercube/m6/seed_00044/model.pt,21105,.pt,2d63b5adf36cb811c00fe5472b6a5a7dcbb00c2b69b0e21bbee2b37ab8ce1db6,V06,preserved,local_commit:656050cae337f96fdab3b47ec862ccae4f1c9601,outputs/burgers_ablation_screen_v1/audit_latin_hypercube/m6/seed_00044/model.pt,Expériences antérieures M0/M1/M3/M5/M6 ; date exacte non attestée
outputs/burgers_ablation_screen_v1/audit_latin_hypercube/m6/seed_00044/summary.json,1990,.json,69160dc20d0ffacd071b2190f4b561c326f8330ff424d64598054c341346f91d,V06,preserved,local_commit:656050cae337f96fdab3b47ec862ccae4f1c9601,outputs/burgers_ablation_screen_v1/audit_latin_hypercube/m6/seed_00044/summary.json,Expériences antérieures M0/M1/M3/M5/M6 ; date exacte non attestée
outputs/burgers_ablation_screen_v1/audit_latin_hypercube/m6/seed_00055/checkpoint_0000600.pt,21799,.pt,888281c44f1839277832d4054632cc475cda1feb35fa58ea4b14c83c224e4cab,V06,preserved,local_commit:656050cae337f96fdab3b47ec862ccae4f1c9601,outputs/burgers_ablation_screen_v1/audit_latin_hypercube/m6/seed_00055/checkpoint_0000600.pt,Expériences antérieures M0/M1/M3/M5/M6 ; date exacte non attestée
outputs/burgers_ablation_screen_v1/audit_latin_hypercube/m6/seed_00055/config.resolved.yaml,1250,.yaml,89eda186b7c20199d18095d74a560318e66ff6333c1c208c00f74e26aacba731,V06,preserved,local_commit:656050cae337f96fdab3b47ec862ccae4f1c9601,outputs/burgers_ablation_screen_v1/audit_latin_hypercube/m6/seed_00055/config.resolved.yaml,Expériences antérieures M0/M1/M3/M5/M6 ; date exacte non attestée
outputs/burgers_ablation_screen_v1/audit_latin_hypercube/m6/seed_00055/environment.json,270,.json,81e8b8ec1f0e36812a60c59a8df82f8463f4b7cdc0f374d41177cd34430c2417,V06,preserved,local_commit:656050cae337f96fdab3b47ec862ccae4f1c9601,outputs/burgers_ablation_screen_v1/audit_latin_hypercube/m6/seed_00055/environment.json,Expériences antérieures M0/M1/M3/M5/M6 ; date exacte non attestée
outputs/burgers_ablation_screen_v1/audit_latin_hypercube/m6/seed_00055/metrics.csv,6962,.csv,7504d39d7d44cf4238f5fe10d3fc24dc35020ca9290b94d2cd662c331a5b6066,V06,preserved,local_commit:656050cae337f96fdab3b47ec862ccae4f1c9601,outputs/burgers_ablation_screen_v1/audit_latin_hypercube/m6/seed_00055/metrics.csv,Expériences antérieures M0/M1/M3/M5/M6 ; date exacte non attestée
outputs/burgers_ablation_screen_v1/audit_latin_hypercube/m6/seed_00055/model.pt,21105,.pt,e04828c459e2f0957873eda60dc47c7cee8e19cc79f2438ea91d41538202783b,V06,preserved,local_commit:656050cae337f96fdab3b47ec862ccae4f1c9601,outputs/burgers_ablation_screen_v1/audit_latin_hypercube/m6/seed_00055/model.pt,Expériences antérieures M0/M1/M3/M5/M6 ; date exacte non attestée
outputs/burgers_ablation_screen_v1/audit_latin_hypercube/m6/seed_00055/summary.json,1985,.json,174ad3e84ea46e1c0a7bfd5e787aad78604b0e9f2ac7fa1cee7959b7d345aa0d,V06,preserved,local_commit:656050cae337f96fdab3b47ec862ccae4f1c9601,outputs/burgers_ablation_screen_v1/audit_latin_hypercube/m6/seed_00055/summary.json,Expériences antérieures M0/M1/M3/M5/M6 ; date exacte non attestée
outputs/burgers_ablation_screen_v1/audit_size_025/m6/seed_00011/checkpoint_0000600.pt,21799,.pt,32df651b5f18a7b4859de7dfe9f1ec879dc51a5b07c6e4ed4b86b54f2a25e8a1,V06,preserved,local_commit:656050cae337f96fdab3b47ec862ccae4f1c9601,outputs/burgers_ablation_screen_v1/audit_size_025/m6/seed_00011/checkpoint_0000600.pt,Expériences antérieures M0/M1/M3/M5/M6 ; date exacte non attestée
outputs/burgers_ablation_screen_v1/audit_size_025/m6/seed_00011/config.resolved.yaml,1235,.yaml,306ca21b3bad40c54ea935c7bb6240f605ed825a3e0fd26cedf9e3d095e5843d,V06,preserved,local_commit:656050cae337f96fdab3b47ec862ccae4f1c9601,outputs/burgers_ablation_screen_v1/audit_size_025/m6/seed_00011/config.resolved.yaml,Expériences antérieures M0/M1/M3/M5/M6 ; date exacte non attestée
outputs/burgers_ablation_screen_v1/audit_size_025/m6/seed_00011/environment.json,270,.json,81e8b8ec1f0e36812a60c59a8df82f8463f4b7cdc0f374d41177cd34430c2417,V06,preserved,local_commit:656050cae337f96fdab3b47ec862ccae4f1c9601,outputs/burgers_ablation_screen_v1/audit_size_025/m6/seed_00011/environment.json,Expériences antérieures M0/M1/M3/M5/M6 ; date exacte non attestée
outputs/burgers_ablation_screen_v1/audit_size_025/m6/seed_00011/metrics.csv,10148,.csv,be14031a46130f3dc2d1caf26389f0b877995c243773e51d3938e5279002076a,V06,preserved,local_commit:656050cae337f96fdab3b47ec862ccae4f1c9601,outputs/burgers_ablation_screen_v1/audit_size_025/m6/seed_00011/metrics.csv,Expériences antérieures M0/M1/M3/M5/M6 ; date exacte non attestée
outputs/burgers_ablation_screen_v1/audit_size_025/m6/seed_00011/model.pt,21105,.pt,0f1d6ea94d64d82fa46eb906dcd003e78abe2e28dd37b0ca23145b194af75976,V06,preserved,local_commit:656050cae337f96fdab3b47ec862ccae4f1c9601,outputs/burgers_ablation_screen_v1/audit_size_025/m6/seed_00011/model.pt,Expériences antérieures M0/M1/M3/M5/M6 ; date exacte non attestée
outputs/burgers_ablation_screen_v1/audit_size_025/m6/seed_00011/summary.json,1975,.json,847f954d2879f21e1d3b7c9dd750764a165f09cfb21506f264dd8e5a24b113c4,V06,preserved,local_commit:656050cae337f96fdab3b47ec862ccae4f1c9601,outputs/burgers_ablation_screen_v1/audit_size_025/m6/seed_00011/summary.json,Expériences antérieures M0/M1/M3/M5/M6 ; date exacte non attestée
outputs/burgers_ablation_screen_v1/audit_size_025/m6/seed_00022/checkpoint_0000600.pt,21799,.pt,d42054639603a2d819c5e0a921efebd155445f1e717c25d69a498d478f2986ff,V06,preserved,local_commit:656050cae337f96fdab3b47ec862ccae4f1c9601,outputs/burgers_ablation_screen_v1/audit_size_025/m6/seed_00022/checkpoint_0000600.pt,Expériences antérieures M0/M1/M3/M5/M6 ; date exacte non attestée
outputs/burgers_ablation_screen_v1/audit_size_025/m6/seed_00022/config.resolved.yaml,1235,.yaml,2338097eec488549891464f7a0b2bab41c143c82a977a7d91e2817d4914e351c,V06,preserved,local_commit:656050cae337f96fdab3b47ec862ccae4f1c9601,outputs/burgers_ablation_screen_v1/audit_size_025/m6/seed_00022/config.resolved.yaml,Expériences antérieures M0/M1/M3/M5/M6 ; date exacte non attestée
outputs/burgers_ablation_screen_v1/audit_size_025/m6/seed_00022/environment.json,270,.json,81e8b8ec1f0e36812a60c59a8df82f8463f4b7cdc0f374d41177cd34430c2417,V06,preserved,local_commit:656050cae337f96fdab3b47ec862ccae4f1c9601,outputs/burgers_ablation_screen_v1/audit_size_025/m6/seed_00022/environment.json,Expériences antérieures M0/M1/M3/M5/M6 ; date exacte non attestée
outputs/burgers_ablation_screen_v1/audit_size_025/m6/seed_00022/metrics.csv,10105,.csv,f0c9f0f394c27534af074cac8c1915a1bb6a1ce45a510fa920df7b6e7c5d18a5,V06,preserved,local_commit:656050cae337f96fdab3b47ec862ccae4f1c9601,outputs/burgers_ablation_screen_v1/audit_size_025/m6/seed_00022/metrics.csv,Expériences antérieures M0/M1/M3/M5/M6 ; date exacte non attestée
outputs/burgers_ablation_screen_v1/audit_size_025/m6/seed_00022/model.pt,21105,.pt,afdb2c075ec468a5eb5f78baf815208e9ff001563e7ba2487c9bd6d2e3c1ac27,V06,preserved,local_commit:656050cae337f96fdab3b47ec862ccae4f1c9601,outputs/burgers_ablation_screen_v1/audit_size_025/m6/seed_00022/model.pt,Expériences antérieures M0/M1/M3/M5/M6 ; date exacte non attestée
outputs/burgers_ablation_screen_v1/audit_size_025/m6/seed_00022/summary.json,1971,.json,0a1f6e2b734f6e3f716f16a883ff4a54cef196ef74522e9122c243029ed2cef6,V06,preserved,local_commit:656050cae337f96fdab3b47ec862ccae4f1c9601,outputs/burgers_ablation_screen_v1/audit_size_025/m6/seed_00022/summary.json,Expériences antérieures M0/M1/M3/M5/M6 ; date exacte non attestée
outputs/burgers_ablation_screen_v1/audit_size_025/m6/seed_00033/checkpoint_0000600.pt,21799,.pt,bb96d1b3e37a786b638fcf293958762e9648e24bf316ed8110ee4cf9e16f948a,V06,preserved,local_commit:656050cae337f96fdab3b47ec862ccae4f1c9601,outputs/burgers_ablation_screen_v1/audit_size_025/m6/seed_00033/checkpoint_0000600.pt,Expériences antérieures M0/M1/M3/M5/M6 ; date exacte non attestée
outputs/burgers_ablation_screen_v1/audit_size_025/m6/seed_00033/config.resolved.yaml,1235,.yaml,76906f3000ccc15c1a3c7972667bb54b6fc716faf5a5d272659105599893a460,V06,preserved,local_commit:656050cae337f96fdab3b47ec862ccae4f1c9601,outputs/burgers_ablation_screen_v1/audit_size_025/m6/seed_00033/config.resolved.yaml,Expériences antérieures M0/M1/M3/M5/M6 ; date exacte non attestée
outputs/burgers_ablation_screen_v1/audit_size_025/m6/seed_00033/environment.json,270,.json,81e8b8ec1f0e36812a60c59a8df82f8463f4b7cdc0f374d41177cd34430c2417,V06,preserved,local_commit:656050cae337f96fdab3b47ec862ccae4f1c9601,outputs/burgers_ablation_screen_v1/audit_size_025/m6/seed_00033/environment.json,Expériences antérieures M0/M1/M3/M5/M6 ; date exacte non attestée
outputs/burgers_ablation_screen_v1/audit_size_025/m6/seed_00033/metrics.csv,10137,.csv,02e012e20bb7f401481f1bbc04e9cb16e5fe938606802c7d820ef95d16f74f20,V06,preserved,local_commit:656050cae337f96fdab3b47ec862ccae4f1c9601,outputs/burgers_ablation_screen_v1/audit_size_025/m6/seed_00033/metrics.csv,Expériences antérieures M0/M1/M3/M5/M6 ; date exacte non attestée
outputs/burgers_ablation_screen_v1/audit_size_025/m6/seed_00033/model.pt,21105,.pt,2f8ddf626054406bd904632396c418d839f18bddb18ebc2673ce1a89f833d5de,V06,preserved,local_commit:656050cae337f96fdab3b47ec862ccae4f1c9601,outputs/burgers_ablation_screen_v1/audit_size_025/m6/seed_00033/model.pt,Expériences antérieures M0/M1/M3/M5/M6 ; date exacte non attestée
outputs/burgers_ablation_screen_v1/audit_size_025/m6/seed_00033/summary.json,1971,.json,994bfcea2e614ea05e7b5c0d0e8bc323d57d8e1abefa976f78159d493af2d024,V06,preserved,local_commit:656050cae337f96fdab3b47ec862ccae4f1c9601,outputs/burgers_ablation_screen_v1/audit_size_025/m6/seed_00033/summary.json,Expériences antérieures M0/M1/M3/M5/M6 ; date exacte non attestée
outputs/burgers_ablation_screen_v1/audit_size_025/m6/seed_00044/checkpoint_0000600.pt,21799,.pt,0469c45f7585958953017e2824dd7307656787d5a528dc60336fa097e2c7846a,V06,preserved,local_commit:656050cae337f96fdab3b47ec862ccae4f1c9601,outputs/burgers_ablation_screen_v1/audit_size_025/m6/seed_00044/checkpoint_0000600.pt,Expériences antérieures M0/M1/M3/M5/M6 ; date exacte non attestée
outputs/burgers_ablation_screen_v1/audit_size_025/m6/seed_00044/config.resolved.yaml,1235,.yaml,35d004bdbd01ae61cea75157c73f2d986c6cf7a4471c83c447ad17a39c60b60c,V06,preserved,local_commit:656050cae337f96fdab3b47ec862ccae4f1c9601,outputs/burgers_ablation_screen_v1/audit_size_025/m6/seed_00044/config.resolved.yaml,Expériences antérieures M0/M1/M3/M5/M6 ; date exacte non attestée
outputs/burgers_ablation_screen_v1/audit_size_025/m6/seed_00044/environment.json,270,.json,81e8b8ec1f0e36812a60c59a8df82f8463f4b7cdc0f374d41177cd34430c2417,V06,preserved,local_commit:656050cae337f96fdab3b47ec862ccae4f1c9601,outputs/burgers_ablation_screen_v1/audit_size_025/m6/seed_00044/environment.json,Expériences antérieures M0/M1/M3/M5/M6 ; date exacte non attestée
outputs/burgers_ablation_screen_v1/audit_size_025/m6/seed_00044/metrics.csv,10134,.csv,bcfcce6d997cbeac111184ab7d65fb201182b8ed6f95120235cb19d765fa30e2,V06,preserved,local_commit:656050cae337f96fdab3b47ec862ccae4f1c9601,outputs/burgers_ablation_screen_v1/audit_size_025/m6/seed_00044/metrics.csv,Expériences antérieures M0/M1/M3/M5/M6 ; date exacte non attestée
outputs/burgers_ablation_screen_v1/audit_size_025/m6/seed_00044/model.pt,21105,.pt,ed8cae9bce4484ae0ed88037e1b4100b69f7994c089ad69239b231f5184a8f2f,V06,preserved,local_commit:656050cae337f96fdab3b47ec862ccae4f1c9601,outputs/burgers_ablation_screen_v1/audit_size_025/m6/seed_00044/model.pt,Expériences antérieures M0/M1/M3/M5/M6 ; date exacte non attestée
outputs/burgers_ablation_screen_v1/audit_size_025/m6/seed_00044/summary.json,1972,.json,5e7fafbbab2e5efb5fc0da9d08c51fe81c273b416f6fafe5d323b12d709e05bb,V06,preserved,local_commit:656050cae337f96fdab3b47ec862ccae4f1c9601,outputs/burgers_ablation_screen_v1/audit_size_025/m6/seed_00044/summary.json,Expériences antérieures M0/M1/M3/M5/M6 ; date exacte non attestée
outputs/burgers_ablation_screen_v1/audit_size_025/m6/seed_00055/checkpoint_0000600.pt,21799,.pt,f886c619ee91c6b668366339cff60c2ce122a4c35af45d0e2f0bbee6c6a2f239,V06,preserved,local_commit:656050cae337f96fdab3b47ec862ccae4f1c9601,outputs/burgers_ablation_screen_v1/audit_size_025/m6/seed_00055/checkpoint_0000600.pt,Expériences antérieures M0/M1/M3/M5/M6 ; date exacte non attestée
outputs/burgers_ablation_screen_v1/audit_size_025/m6/seed_00055/config.resolved.yaml,1235,.yaml,c309807bb511be29fdce4d3ba7a8d2b0cdfe12d2c16e2ef9dc3ae83559fede49,V06,preserved,local_commit:656050cae337f96fdab3b47ec862ccae4f1c9601,outputs/burgers_ablation_screen_v1/audit_size_025/m6/seed_00055/config.resolved.yaml,Expériences antérieures M0/M1/M3/M5/M6 ; date exacte non attestée
outputs/burgers_ablation_screen_v1/audit_size_025/m6/seed_00055/environment.json,270,.json,81e8b8ec1f0e36812a60c59a8df82f8463f4b7cdc0f374d41177cd34430c2417,V06,preserved,local_commit:656050cae337f96fdab3b47ec862ccae4f1c9601,outputs/burgers_ablation_screen_v1/audit_size_025/m6/seed_00055/environment.json,Expériences antérieures M0/M1/M3/M5/M6 ; date exacte non attestée
outputs/burgers_ablation_screen_v1/audit_size_025/m6/seed_00055/metrics.csv,10150,.csv,54523b436cfc7a0a40749674dd4dca3e6a7b9bdd1d21588cd6f0f59a3c927e54,V06,preserved,local_commit:656050cae337f96fdab3b47ec862ccae4f1c9601,outputs/burgers_ablation_screen_v1/audit_size_025/m6/seed_00055/metrics.csv,Expériences antérieures M0/M1/M3/M5/M6 ; date exacte non attestée
outputs/burgers_ablation_screen_v1/audit_size_025/m6/seed_00055/model.pt,21105,.pt,17d4f5de2e24d911840d5f01823497c26249c3840f590660c0400da11f462309,V06,preserved,local_commit:656050cae337f96fdab3b47ec862ccae4f1c9601,outputs/burgers_ablation_screen_v1/audit_size_025/m6/seed_00055/model.pt,Expériences antérieures M0/M1/M3/M5/M6 ; date exacte non attestée
outputs/burgers_ablation_screen_v1/audit_size_025/m6/seed_00055/summary.json,1973,.json,a03fb0d15f80c608afd92f9bc6d956e3e47ffa95bd7045df7a6ccd5248dd7b0c,V06,preserved,local_commit:656050cae337f96fdab3b47ec862ccae4f1c9601,outputs/burgers_ablation_screen_v1/audit_size_025/m6/seed_00055/summary.json,Expériences antérieures M0/M1/M3/M5/M6 ; date exacte non attestée
outputs/burgers_ablation_screen_v1/audit_size_050/m6/seed_00011/checkpoint_0000600.pt,21799,.pt,41f817686bb28bd895f8abc11d11d3f6d882669ea1e88d425109323d97a1bd86,V06,preserved,local_commit:656050cae337f96fdab3b47ec862ccae4f1c9601,outputs/burgers_ablation_screen_v1/audit_size_050/m6/seed_00011/checkpoint_0000600.pt,Expériences antérieures M0/M1/M3/M5/M6 ; date exacte non attestée
outputs/burgers_ablation_screen_v1/audit_size_050/m6/seed_00011/config.resolved.yaml,1234,.yaml,3773794955a28807621a4f1efef9530b9553bb77d7dd288469c95cd42f90aa40,V06,preserved,local_commit:656050cae337f96fdab3b47ec862ccae4f1c9601,outputs/burgers_ablation_screen_v1/audit_size_050/m6/seed_00011/config.resolved.yaml,Expériences antérieures M0/M1/M3/M5/M6 ; date exacte non attestée
outputs/burgers_ablation_screen_v1/audit_size_050/m6/seed_00011/environment.json,270,.json,81e8b8ec1f0e36812a60c59a8df82f8463f4b7cdc0f374d41177cd34430c2417,V06,preserved,local_commit:656050cae337f96fdab3b47ec862ccae4f1c9601,outputs/burgers_ablation_screen_v1/audit_size_050/m6/seed_00011/environment.json,Expériences antérieures M0/M1/M3/M5/M6 ; date exacte non attestée
outputs/burgers_ablation_screen_v1/audit_size_050/m6/seed_00011/metrics.csv,10138,.csv,3493ebe240967068df26a93d029ebd95bcd7f870584300356a718ebb6cf58592,V06,preserved,local_commit:656050cae337f96fdab3b47ec862ccae4f1c9601,outputs/burgers_ablation_screen_v1/audit_size_050/m6/seed_00011/metrics.csv,Expériences antérieures M0/M1/M3/M5/M6 ; date exacte non attestée
outputs/burgers_ablation_screen_v1/audit_size_050/m6/seed_00011/model.pt,21105,.pt,5958d31f1698a694b34dd77db0fd9498fca8fc050d1db8487e1dffbd90ac9764,V06,preserved,local_commit:656050cae337f96fdab3b47ec862ccae4f1c9601,outputs/burgers_ablation_screen_v1/audit_size_050/m6/seed_00011/model.pt,Expériences antérieures M0/M1/M3/M5/M6 ; date exacte non attestée
outputs/burgers_ablation_screen_v1/audit_size_050/m6/seed_00011/summary.json,1971,.json,ede43e4b42f2c47e8179a6c7d565c846a6a8ab4a2fcbf32984d638846d061859,V06,preserved,local_commit:656050cae337f96fdab3b47ec862ccae4f1c9601,outputs/burgers_ablation_screen_v1/audit_size_050/m6/seed_00011/summary.json,Expériences antérieures M0/M1/M3/M5/M6 ; date exacte non attestée
outputs/burgers_ablation_screen_v1/audit_size_050/m6/seed_00022/checkpoint_0000600.pt,21799,.pt,91a149224ba28240004c89f83831c5baad738fd382b565fb656b53aa7bc411a4,V06,preserved,local_commit:656050cae337f96fdab3b47ec862ccae4f1c9601,outputs/burgers_ablation_screen_v1/audit_size_050/m6/seed_00022/checkpoint_0000600.pt,Expériences antérieures M0/M1/M3/M5/M6 ; date exacte non attestée
outputs/burgers_ablation_screen_v1/audit_size_050/m6/seed_00022/config.resolved.yaml,1234,.yaml,93b4606ab7916a82d8b873995b7c74eed15ec266f8ad7242cfe506198f74cd53,V06,preserved,local_commit:656050cae337f96fdab3b47ec862ccae4f1c9601,outputs/burgers_ablation_screen_v1/audit_size_050/m6/seed_00022/config.resolved.yaml,Expériences antérieures M0/M1/M3/M5/M6 ; date exacte non attestée
outputs/burgers_ablation_screen_v1/audit_size_050/m6/seed_00022/environment.json,270,.json,81e8b8ec1f0e36812a60c59a8df82f8463f4b7cdc0f374d41177cd34430c2417,V06,preserved,local_commit:656050cae337f96fdab3b47ec862ccae4f1c9601,outputs/burgers_ablation_screen_v1/audit_size_050/m6/seed_00022/environment.json,Expériences antérieures M0/M1/M3/M5/M6 ; date exacte non attestée
outputs/burgers_ablation_screen_v1/audit_size_050/m6/seed_00022/metrics.csv,10139,.csv,8afee5b290fc38153bf32d87cb0a8552247f170db4c4649221232488af37e39a,V06,preserved,local_commit:656050cae337f96fdab3b47ec862ccae4f1c9601,outputs/burgers_ablation_screen_v1/audit_size_050/m6/seed_00022/metrics.csv,Expériences antérieures M0/M1/M3/M5/M6 ; date exacte non attestée
outputs/burgers_ablation_screen_v1/audit_size_050/m6/seed_00022/model.pt,21105,.pt,ab8a7d1415eec4adfee6fefba7c367dad324373c08e9b3a586725b85ebdf624a,V06,preserved,local_commit:656050cae337f96fdab3b47ec862ccae4f1c9601,outputs/burgers_ablation_screen_v1/audit_size_050/m6/seed_00022/model.pt,Expériences antérieures M0/M1/M3/M5/M6 ; date exacte non attestée
outputs/burgers_ablation_screen_v1/audit_size_050/m6/seed_00022/summary.json,1971,.json,7513f26c8a83e67425dc82d70867cb8fea456fae72bb3945a873fe4ac9577bbe,V06,preserved,local_commit:656050cae337f96fdab3b47ec862ccae4f1c9601,outputs/burgers_ablation_screen_v1/audit_size_050/m6/seed_00022/summary.json,Expériences antérieures M0/M1/M3/M5/M6 ; date exacte non attestée
outputs/burgers_ablation_screen_v1/audit_size_050/m6/seed_00033/checkpoint_0000600.pt,21799,.pt,689138e48c5ceb584af3e62bdef72ca71d25ca26119f8c63f2e87321ed961e1e,V06,preserved,local_commit:656050cae337f96fdab3b47ec862ccae4f1c9601,outputs/burgers_ablation_screen_v1/audit_size_050/m6/seed_00033/checkpoint_0000600.pt,Expériences antérieures M0/M1/M3/M5/M6 ; date exacte non attestée
outputs/burgers_ablation_screen_v1/audit_size_050/m6/seed_00033/config.resolved.yaml,1234,.yaml,64791c9a6a81229b8fb846c5dc8173701567b7ab75f163636c6abf226064e1a0,V06,preserved,local_commit:656050cae337f96fdab3b47ec862ccae4f1c9601,outputs/burgers_ablation_screen_v1/audit_size_050/m6/seed_00033/config.resolved.yaml,Expériences antérieures M0/M1/M3/M5/M6 ; date exacte non attestée
outputs/burgers_ablation_screen_v1/audit_size_050/m6/seed_00033/environment.json,270,.json,81e8b8ec1f0e36812a60c59a8df82f8463f4b7cdc0f374d41177cd34430c2417,V06,preserved,local_commit:656050cae337f96fdab3b47ec862ccae4f1c9601,outputs/burgers_ablation_screen_v1/audit_size_050/m6/seed_00033/environment.json,Expériences antérieures M0/M1/M3/M5/M6 ; date exacte non attestée
outputs/burgers_ablation_screen_v1/audit_size_050/m6/seed_00033/metrics.csv,10147,.csv,b1a35e7810941f47c6627f9ea8160941ccdd200391c5021b4134337de7b97291,V06,preserved,local_commit:656050cae337f96fdab3b47ec862ccae4f1c9601,outputs/burgers_ablation_screen_v1/audit_size_050/m6/seed_00033/metrics.csv,Expériences antérieures M0/M1/M3/M5/M6 ; date exacte non attestée
outputs/burgers_ablation_screen_v1/audit_size_050/m6/seed_00033/model.pt,21105,.pt,dcf5be395e2cfce7610028b62e2b41fc3f1a873b94cbc9430ab97a7817379c7a,V06,preserved,local_commit:656050cae337f96fdab3b47ec862ccae4f1c9601,outputs/burgers_ablation_screen_v1/audit_size_050/m6/seed_00033/model.pt,Expériences antérieures M0/M1/M3/M5/M6 ; date exacte non attestée
outputs/burgers_ablation_screen_v1/audit_size_050/m6/seed_00033/summary.json,1973,.json,6fc1acda07e8be53c815999cdfa51d14dfe2e8ad5a12b1cecb209276fca18c82,V06,preserved,local_commit:656050cae337f96fdab3b47ec862ccae4f1c9601,outputs/burgers_ablation_screen_v1/audit_size_050/m6/seed_00033/summary.json,Expériences antérieures M0/M1/M3/M5/M6 ; date exacte non attestée
outputs/burgers_ablation_screen_v1/audit_size_050/m6/seed_00044/checkpoint_0000600.pt,21799,.pt,c0e6573d8d909d55645a87d716ea34670fae27fca7bb309c786d8372f1506102,V06,preserved,local_commit:656050cae337f96fdab3b47ec862ccae4f1c9601,outputs/burgers_ablation_screen_v1/audit_size_050/m6/seed_00044/checkpoint_0000600.pt,Expériences antérieures M0/M1/M3/M5/M6 ; date exacte non attestée
outputs/burgers_ablation_screen_v1/audit_size_050/m6/seed_00044/config.resolved.yaml,1234,.yaml,819f7ddaa6fd3f86f13ea3bb0bfa19afbede1c1ec91998237399f43558d288b4,V06,preserved,local_commit:656050cae337f96fdab3b47ec862ccae4f1c9601,outputs/burgers_ablation_screen_v1/audit_size_050/m6/seed_00044/config.resolved.yaml,Expériences antérieures M0/M1/M3/M5/M6 ; date exacte non attestée
outputs/burgers_ablation_screen_v1/audit_size_050/m6/seed_00044/environment.json,270,.json,81e8b8ec1f0e36812a60c59a8df82f8463f4b7cdc0f374d41177cd34430c2417,V06,preserved,local_commit:656050cae337f96fdab3b47ec862ccae4f1c9601,outputs/burgers_ablation_screen_v1/audit_size_050/m6/seed_00044/environment.json,Expériences antérieures M0/M1/M3/M5/M6 ; date exacte non attestée
outputs/burgers_ablation_screen_v1/audit_size_050/m6/seed_00044/metrics.csv,10136,.csv,3bf54cbf5706e1e80bc5f9014c98bdaa9f3b9ad2f64690341f705652391966e5,V06,preserved,local_commit:656050cae337f96fdab3b47ec862ccae4f1c9601,outputs/burgers_ablation_screen_v1/audit_size_050/m6/seed_00044/metrics.csv,Expériences antérieures M0/M1/M3/M5/M6 ; date exacte non attestée
outputs/burgers_ablation_screen_v1/audit_size_050/m6/seed_00044/model.pt,21105,.pt,1d7c4bb7cc5d8785247e7f94c01a6c2520406d17e6f76124241ceecb4cf43658,V06,preserved,local_commit:656050cae337f96fdab3b47ec862ccae4f1c9601,outputs/burgers_ablation_screen_v1/audit_size_050/m6/seed_00044/model.pt,Expériences antérieures M0/M1/M3/M5/M6 ; date exacte non attestée
outputs/burgers_ablation_screen_v1/audit_size_050/m6/seed_00044/summary.json,1974,.json,758c6ba834f962d165714a20b3ddf3e80de10b6a88b87a0290dc8bf0cf7b9fcd,V06,preserved,local_commit:656050cae337f96fdab3b47ec862ccae4f1c9601,outputs/burgers_ablation_screen_v1/audit_size_050/m6/seed_00044/summary.json,Expériences antérieures M0/M1/M3/M5/M6 ; date exacte non attestée
outputs/burgers_ablation_screen_v1/audit_size_050/m6/seed_00055/checkpoint_0000600.pt,21799,.pt,a526a56b84454e7c5d0a57bd9e4994bff3cb7a22c334f163ef9c4e025ed7d931,V06,preserved,local_commit:656050cae337f96fdab3b47ec862ccae4f1c9601,outputs/burgers_ablation_screen_v1/audit_size_050/m6/seed_00055/checkpoint_0000600.pt,Expériences antérieures M0/M1/M3/M5/M6 ; date exacte non attestée
outputs/burgers_ablation_screen_v1/audit_size_050/m6/seed_00055/config.resolved.yaml,1234,.yaml,00daa6aaca6b9edc14ac95316b182b23ae49fc7e82e15cd77da9236656adf96e,V06,preserved,local_commit:656050cae337f96fdab3b47ec862ccae4f1c9601,outputs/burgers_ablation_screen_v1/audit_size_050/m6/seed_00055/config.resolved.yaml,Expériences antérieures M0/M1/M3/M5/M6 ; date exacte non attestée
outputs/burgers_ablation_screen_v1/audit_size_050/m6/seed_00055/environment.json,270,.json,81e8b8ec1f0e36812a60c59a8df82f8463f4b7cdc0f374d41177cd34430c2417,V06,preserved,local_commit:656050cae337f96fdab3b47ec862ccae4f1c9601,outputs/burgers_ablation_screen_v1/audit_size_050/m6/seed_00055/environment.json,Expériences antérieures M0/M1/M3/M5/M6 ; date exacte non attestée
outputs/burgers_ablation_screen_v1/audit_size_050/m6/seed_00055/metrics.csv,10145,.csv,1c78ccfa7fb7fc96023c3e1f83ceae43b30d95cf834e82929438a93512e7c604,V06,preserved,local_commit:656050cae337f96fdab3b47ec862ccae4f1c9601,outputs/burgers_ablation_screen_v1/audit_size_050/m6/seed_00055/metrics.csv,Expériences antérieures M0/M1/M3/M5/M6 ; date exacte non attestée
outputs/burgers_ablation_screen_v1/audit_size_050/m6/seed_00055/model.pt,21105,.pt,ef34eefd3db6d32a438c678fa602866362c3041c37a1100d2d4d8d40b83a7724,V06,preserved,local_commit:656050cae337f96fdab3b47ec862ccae4f1c9601,outputs/burgers_ablation_screen_v1/audit_size_050/m6/seed_00055/model.pt,Expériences antérieures M0/M1/M3/M5/M6 ; date exacte non attestée
outputs/burgers_ablation_screen_v1/audit_size_050/m6/seed_00055/summary.json,1975,.json,05f91eb3d56f61fec9fee1038dab684559332c3f5d10ff1eab02e23740e2066f,V06,preserved,local_commit:656050cae337f96fdab3b47ec862ccae4f1c9601,outputs/burgers_ablation_screen_v1/audit_size_050/m6/seed_00055/summary.json,Expériences antérieures M0/M1/M3/M5/M6 ; date exacte non attestée
outputs/burgers_ablation_screen_v1/audit_size_200/m6/seed_00011/checkpoint_0000600.pt,21799,.pt,d6d6ca650c4999a8cf915858141ea213a4bc1dcce368552fac9798f3119bd95e,V06,preserved,local_commit:656050cae337f96fdab3b47ec862ccae4f1c9601,outputs/burgers_ablation_screen_v1/audit_size_200/m6/seed_00011/checkpoint_0000600.pt,Expériences antérieures M0/M1/M3/M5/M6 ; date exacte non attestée
outputs/burgers_ablation_screen_v1/audit_size_200/m6/seed_00011/config.resolved.yaml,1234,.yaml,8a8d5ef7842786ef191ab102ff2c30956e4e86580d90edd0395b93a217ad00cd,V06,preserved,local_commit:656050cae337f96fdab3b47ec862ccae4f1c9601,outputs/burgers_ablation_screen_v1/audit_size_200/m6/seed_00011/config.resolved.yaml,Expériences antérieures M0/M1/M3/M5/M6 ; date exacte non attestée
outputs/burgers_ablation_screen_v1/audit_size_200/m6/seed_00011/environment.json,270,.json,81e8b8ec1f0e36812a60c59a8df82f8463f4b7cdc0f374d41177cd34430c2417,V06,preserved,local_commit:656050cae337f96fdab3b47ec862ccae4f1c9601,outputs/burgers_ablation_screen_v1/audit_size_200/m6/seed_00011/environment.json,Expériences antérieures M0/M1/M3/M5/M6 ; date exacte non attestée
outputs/burgers_ablation_screen_v1/audit_size_200/m6/seed_00011/metrics.csv,10162,.csv,6869001668bdf2daf20ef26405c347c48455647d65fba304b3f0c154ed2c4b4d,V06,preserved,local_commit:656050cae337f96fdab3b47ec862ccae4f1c9601,outputs/burgers_ablation_screen_v1/audit_size_200/m6/seed_00011/metrics.csv,Expériences antérieures M0/M1/M3/M5/M6 ; date exacte non attestée
outputs/burgers_ablation_screen_v1/audit_size_200/m6/seed_00011/model.pt,21105,.pt,7660b44031cf0ced69aa8a88f718826674bc31ecba886aaf5df42a9b574b2a0b,V06,preserved,local_commit:656050cae337f96fdab3b47ec862ccae4f1c9601,outputs/burgers_ablation_screen_v1/audit_size_200/m6/seed_00011/model.pt,Expériences antérieures M0/M1/M3/M5/M6 ; date exacte non attestée
outputs/burgers_ablation_screen_v1/audit_size_200/m6/seed_00011/summary.json,1976,.json,cad27c195d53891dea24c5166b483651d479fb870ec3c0427f7f1585858e4703,V06,preserved,local_commit:656050cae337f96fdab3b47ec862ccae4f1c9601,outputs/burgers_ablation_screen_v1/audit_size_200/m6/seed_00011/summary.json,Expériences antérieures M0/M1/M3/M5/M6 ; date exacte non attestée
outputs/burgers_ablation_screen_v1/audit_size_200/m6/seed_00022/checkpoint_0000600.pt,21799,.pt,66663102d87186fe66b06b76c6a7cc118d4e111b485ea6c53588f9dbbc218bee,V06,preserved,local_commit:656050cae337f96fdab3b47ec862ccae4f1c9601,outputs/burgers_ablation_screen_v1/audit_size_200/m6/seed_00022/checkpoint_0000600.pt,Expériences antérieures M0/M1/M3/M5/M6 ; date exacte non attestée
outputs/burgers_ablation_screen_v1/audit_size_200/m6/seed_00022/config.resolved.yaml,1234,.yaml,5d513a82aac77ee42caf6b8c84f5ffc6b72e016867ac4f69a601037f01602175,V06,preserved,local_commit:656050cae337f96fdab3b47ec862ccae4f1c9601,outputs/burgers_ablation_screen_v1/audit_size_200/m6/seed_00022/config.resolved.yaml,Expériences antérieures M0/M1/M3/M5/M6 ; date exacte non attestée
outputs/burgers_ablation_screen_v1/audit_size_200/m6/seed_00022/environment.json,270,.json,81e8b8ec1f0e36812a60c59a8df82f8463f4b7cdc0f374d41177cd34430c2417,V06,preserved,local_commit:656050cae337f96fdab3b47ec862ccae4f1c9601,outputs/burgers_ablation_screen_v1/audit_size_200/m6/seed_00022/environment.json,Expériences antérieures M0/M1/M3/M5/M6 ; date exacte non attestée
outputs/burgers_ablation_screen_v1/audit_size_200/m6/seed_00022/metrics.csv,10155,.csv,a04912dc6b843dbd212471b4b7aa65ef2d3e3076b12621f1a47b2346b6c89577,V06,preserved,local_commit:656050cae337f96fdab3b47ec862ccae4f1c9601,outputs/burgers_ablation_screen_v1/audit_size_200/m6/seed_00022/metrics.csv,Expériences antérieures M0/M1/M3/M5/M6 ; date exacte non attestée
outputs/burgers_ablation_screen_v1/audit_size_200/m6/seed_00022/model.pt,21105,.pt,189542151b6f77ba11225b5ec299a2c02d15ab5668ac500974d9eaa82eeebcc5,V06,preserved,local_commit:656050cae337f96fdab3b47ec862ccae4f1c9601,outputs/burgers_ablation_screen_v1/audit_size_200/m6/seed_00022/model.pt,Expériences antérieures M0/M1/M3/M5/M6 ; date exacte non attestée
outputs/burgers_ablation_screen_v1/audit_size_200/m6/seed_00022/summary.json,1972,.json,36c34a4438a5066aa56758e92e2241a6c202a4c6abd6e1a0c486d25cd1476763,V06,preserved,local_commit:656050cae337f96fdab3b47ec862ccae4f1c9601,outputs/burgers_ablation_screen_v1/audit_size_200/m6/seed_00022/summary.json,Expériences antérieures M0/M1/M3/M5/M6 ; date exacte non attestée
outputs/burgers_ablation_screen_v1/audit_size_200/m6/seed_00033/checkpoint_0000600.pt,21799,.pt,29c536f765d2c8ae29e202a474c273afae88a1b4cb9547b3d2ca6dbbd529a5fd,V06,preserved,local_commit:656050cae337f96fdab3b47ec862ccae4f1c9601,outputs/burgers_ablation_screen_v1/audit_size_200/m6/seed_00033/checkpoint_0000600.pt,Expériences antérieures M0/M1/M3/M5/M6 ; date exacte non attestée
outputs/burgers_ablation_screen_v1/audit_size_200/m6/seed_00033/config.resolved.yaml,1234,.yaml,88e4ed3980565fc80f3b7518450815e1222ca493a1ea6e6170897538349751c4,V06,preserved,local_commit:656050cae337f96fdab3b47ec862ccae4f1c9601,outputs/burgers_ablation_screen_v1/audit_size_200/m6/seed_00033/config.resolved.yaml,Expériences antérieures M0/M1/M3/M5/M6 ; date exacte non attestée
outputs/burgers_ablation_screen_v1/audit_size_200/m6/seed_00033/environment.json,270,.json,81e8b8ec1f0e36812a60c59a8df82f8463f4b7cdc0f374d41177cd34430c2417,V06,preserved,local_commit:656050cae337f96fdab3b47ec862ccae4f1c9601,outputs/burgers_ablation_screen_v1/audit_size_200/m6/seed_00033/environment.json,Expériences antérieures M0/M1/M3/M5/M6 ; date exacte non attestée
outputs/burgers_ablation_screen_v1/audit_size_200/m6/seed_00033/metrics.csv,10169,.csv,89622c9a72e02582ce5a60db7f6e590a1d187fa18e8a49b902c84abf3f97976c,V06,preserved,local_commit:656050cae337f96fdab3b47ec862ccae4f1c9601,outputs/burgers_ablation_screen_v1/audit_size_200/m6/seed_00033/metrics.csv,Expériences antérieures M0/M1/M3/M5/M6 ; date exacte non attestée
outputs/burgers_ablation_screen_v1/audit_size_200/m6/seed_00033/model.pt,21105,.pt,028803c22055d049494bb484fad5e3bf886837d4cfb2ed07203c2f254013abfc,V06,preserved,local_commit:656050cae337f96fdab3b47ec862ccae4f1c9601,outputs/burgers_ablation_screen_v1/audit_size_200/m6/seed_00033/model.pt,Expériences antérieures M0/M1/M3/M5/M6 ; date exacte non attestée
outputs/burgers_ablation_screen_v1/audit_size_200/m6/seed_00033/summary.json,1975,.json,7307c9995140104b6ea27e500be3261228242fc2b6a5bf178dd8fdf29db20cb2,V06,preserved,local_commit:656050cae337f96fdab3b47ec862ccae4f1c9601,outputs/burgers_ablation_screen_v1/audit_size_200/m6/seed_00033/summary.json,Expériences antérieures M0/M1/M3/M5/M6 ; date exacte non attestée
outputs/burgers_ablation_screen_v1/audit_size_200/m6/seed_00044/checkpoint_0000600.pt,21799,.pt,2471e6bc0e35053273625af4906f2a27aa0661bf489b2ff66b51690bd5c28335,V06,preserved,local_commit:656050cae337f96fdab3b47ec862ccae4f1c9601,outputs/burgers_ablation_screen_v1/audit_size_200/m6/seed_00044/checkpoint_0000600.pt,Expériences antérieures M0/M1/M3/M5/M6 ; date exacte non attestée
outputs/burgers_ablation_screen_v1/audit_size_200/m6/seed_00044/config.resolved.yaml,1234,.yaml,95a89949d5e5a2a2de8e480bc88853527c3b9e20e6122f2b0ca84dff61e8230a,V06,preserved,local_commit:656050cae337f96fdab3b47ec862ccae4f1c9601,outputs/burgers_ablation_screen_v1/audit_size_200/m6/seed_00044/config.resolved.yaml,Expériences antérieures M0/M1/M3/M5/M6 ; date exacte non attestée
outputs/burgers_ablation_screen_v1/audit_size_200/m6/seed_00044/environment.json,270,.json,81e8b8ec1f0e36812a60c59a8df82f8463f4b7cdc0f374d41177cd34430c2417,V06,preserved,local_commit:656050cae337f96fdab3b47ec862ccae4f1c9601,outputs/burgers_ablation_screen_v1/audit_size_200/m6/seed_00044/environment.json,Expériences antérieures M0/M1/M3/M5/M6 ; date exacte non attestée
outputs/burgers_ablation_screen_v1/audit_size_200/m6/seed_00044/metrics.csv,10173,.csv,1ed65a1c3776b07a892ea6b23caf5b318e52448046c98705c0262f28cdfc33ad,V06,preserved,local_commit:656050cae337f96fdab3b47ec862ccae4f1c9601,outputs/burgers_ablation_screen_v1/audit_size_200/m6/seed_00044/metrics.csv,Expériences antérieures M0/M1/M3/M5/M6 ; date exacte non attestée
outputs/burgers_ablation_screen_v1/audit_size_200/m6/seed_00044/model.pt,21105,.pt,631f641eaca1898ab5c24d2abb1a38fe5c0f26b57ef3004afd9d4dbc23c2eb3d,V06,preserved,local_commit:656050cae337f96fdab3b47ec862ccae4f1c9601,outputs/burgers_ablation_screen_v1/audit_size_200/m6/seed_00044/model.pt,Expériences antérieures M0/M1/M3/M5/M6 ; date exacte non attestée
outputs/burgers_ablation_screen_v1/audit_size_200/m6/seed_00044/summary.json,1974,.json,dde4c29ea4124bc74ac67612ac3513b4c11067814e535cbc0205152eac393586,V06,preserved,local_commit:656050cae337f96fdab3b47ec862ccae4f1c9601,outputs/burgers_ablation_screen_v1/audit_size_200/m6/seed_00044/summary.json,Expériences antérieures M0/M1/M3/M5/M6 ; date exacte non attestée
outputs/burgers_ablation_screen_v1/audit_size_200/m6/seed_00055/checkpoint_0000600.pt,21799,.pt,9136a457ef20fac395dac6a1871fce8a0013489fe9d0be8cfe4be989a2b87d31,V06,preserved,local_commit:656050cae337f96fdab3b47ec862ccae4f1c9601,outputs/burgers_ablation_screen_v1/audit_size_200/m6/seed_00055/checkpoint_0000600.pt,Expériences antérieures M0/M1/M3/M5/M6 ; date exacte non attestée
outputs/burgers_ablation_screen_v1/audit_size_200/m6/seed_00055/config.resolved.yaml,1234,.yaml,cd68301ce405fb4093f4fa22b8eddb60d9709325de6104b9b97bdb0eaaafa333,V06,preserved,local_commit:656050cae337f96fdab3b47ec862ccae4f1c9601,outputs/burgers_ablation_screen_v1/audit_size_200/m6/seed_00055/config.resolved.yaml,Expériences antérieures M0/M1/M3/M5/M6 ; date exacte non attestée
outputs/burgers_ablation_screen_v1/audit_size_200/m6/seed_00055/environment.json,270,.json,81e8b8ec1f0e36812a60c59a8df82f8463f4b7cdc0f374d41177cd34430c2417,V06,preserved,local_commit:656050cae337f96fdab3b47ec862ccae4f1c9601,outputs/burgers_ablation_screen_v1/audit_size_200/m6/seed_00055/environment.json,Expériences antérieures M0/M1/M3/M5/M6 ; date exacte non attestée
outputs/burgers_ablation_screen_v1/audit_size_200/m6/seed_00055/metrics.csv,10181,.csv,c24a2c7e4eb26bd363b015b790ccd9074958abb516c1aff5bc0370653f2387aa,V06,preserved,local_commit:656050cae337f96fdab3b47ec862ccae4f1c9601,outputs/burgers_ablation_screen_v1/audit_size_200/m6/seed_00055/metrics.csv,Expériences antérieures M0/M1/M3/M5/M6 ; date exacte non attestée
outputs/burgers_ablation_screen_v1/audit_size_200/m6/seed_00055/model.pt,21105,.pt,1cc9734fb6c9174aced3db87ffb60dd6e89f86c2a41b2d803cd6685eae8f597d,V06,preserved,local_commit:656050cae337f96fdab3b47ec862ccae4f1c9601,outputs/burgers_ablation_screen_v1/audit_size_200/m6/seed_00055/model.pt,Expériences antérieures M0/M1/M3/M5/M6 ; date exacte non attestée
outputs/burgers_ablation_screen_v1/audit_size_200/m6/seed_00055/summary.json,1972,.json,e067a132fad614b6813d63bf8eb7594725907502224c942e4a521693fa833acf,V06,preserved,local_commit:656050cae337f96fdab3b47ec862ccae4f1c9601,outputs/burgers_ablation_screen_v1/audit_size_200/m6/seed_00055/summary.json,Expériences antérieures M0/M1/M3/M5/M6 ; date exacte non attestée
outputs/burgers_ablation_screen_v1/audit_slow_rotation/m6/seed_00011/checkpoint_0000600.pt,21799,.pt,da784276af2c2b86369bdfb8feda7b82e274b07ac35e4037d48e9f501b1aafe0,V06,preserved,local_commit:656050cae337f96fdab3b47ec862ccae4f1c9601,outputs/burgers_ablation_screen_v1/audit_slow_rotation/m6/seed_00011/checkpoint_0000600.pt,Expériences antérieures M0/M1/M3/M5/M6 ; date exacte non attestée
outputs/burgers_ablation_screen_v1/audit_slow_rotation/m6/seed_00011/config.resolved.yaml,1241,.yaml,6163506fbdfef9c0952c6f08cde17f0440fa8569f61ae17763f973693184f157,V06,preserved,local_commit:656050cae337f96fdab3b47ec862ccae4f1c9601,outputs/burgers_ablation_screen_v1/audit_slow_rotation/m6/seed_00011/config.resolved.yaml,Expériences antérieures M0/M1/M3/M5/M6 ; date exacte non attestée
outputs/burgers_ablation_screen_v1/audit_slow_rotation/m6/seed_00011/environment.json,270,.json,81e8b8ec1f0e36812a60c59a8df82f8463f4b7cdc0f374d41177cd34430c2417,V06,preserved,local_commit:656050cae337f96fdab3b47ec862ccae4f1c9601,outputs/burgers_ablation_screen_v1/audit_slow_rotation/m6/seed_00011/environment.json,Expériences antérieures M0/M1/M3/M5/M6 ; date exacte non attestée
outputs/burgers_ablation_screen_v1/audit_slow_rotation/m6/seed_00011/metrics.csv,10154,.csv,6126d67f648dfd3714679ade45a3bcc2772e7108e1b4c51c479dcf5759eb6424,V06,preserved,local_commit:656050cae337f96fdab3b47ec862ccae4f1c9601,outputs/burgers_ablation_screen_v1/audit_slow_rotation/m6/seed_00011/metrics.csv,Expériences antérieures M0/M1/M3/M5/M6 ; date exacte non attestée
outputs/burgers_ablation_screen_v1/audit_slow_rotation/m6/seed_00011/model.pt,21105,.pt,089db92bb43a65293c4f734257e1cac07805a48ac15b33960290df36f7872cc1,V06,preserved,local_commit:656050cae337f96fdab3b47ec862ccae4f1c9601,outputs/burgers_ablation_screen_v1/audit_slow_rotation/m6/seed_00011/model.pt,Expériences antérieures M0/M1/M3/M5/M6 ; date exacte non attestée
outputs/burgers_ablation_screen_v1/audit_slow_rotation/m6/seed_00011/summary.json,1980,.json,75bef275dfee40a094c2208579c71b7611994c244b395a74e386d61448f07eaa,V06,preserved,local_commit:656050cae337f96fdab3b47ec862ccae4f1c9601,outputs/burgers_ablation_screen_v1/audit_slow_rotation/m6/seed_00011/summary.json,Expériences antérieures M0/M1/M3/M5/M6 ; date exacte non attestée
outputs/burgers_ablation_screen_v1/audit_slow_rotation/m6/seed_00022/checkpoint_0000600.pt,21799,.pt,f77728f2e630429f47251d97f02267185dc3eeafb7277765fb61a586662ae461,V06,preserved,local_commit:656050cae337f96fdab3b47ec862ccae4f1c9601,outputs/burgers_ablation_screen_v1/audit_slow_rotation/m6/seed_00022/checkpoint_0000600.pt,Expériences antérieures M0/M1/M3/M5/M6 ; date exacte non attestée
outputs/burgers_ablation_screen_v1/audit_slow_rotation/m6/seed_00022/config.resolved.yaml,1241,.yaml,9ae8c5765b18db9d16760f68fccef5944ecb08268c6ba88abc9304edf5ce7dc0,V06,preserved,local_commit:656050cae337f96fdab3b47ec862ccae4f1c9601,outputs/burgers_ablation_screen_v1/audit_slow_rotation/m6/seed_00022/config.resolved.yaml,Expériences antérieures M0/M1/M3/M5/M6 ; date exacte non attestée
outputs/burgers_ablation_screen_v1/audit_slow_rotation/m6/seed_00022/environment.json,270,.json,81e8b8ec1f0e36812a60c59a8df82f8463f4b7cdc0f374d41177cd34430c2417,V06,preserved,local_commit:656050cae337f96fdab3b47ec862ccae4f1c9601,outputs/burgers_ablation_screen_v1/audit_slow_rotation/m6/seed_00022/environment.json,Expériences antérieures M0/M1/M3/M5/M6 ; date exacte non attestée
outputs/burgers_ablation_screen_v1/audit_slow_rotation/m6/seed_00022/metrics.csv,10124,.csv,b863f3f4a4c229c98548a2f835e6419776f0d7184183b965573841b96c27e534,V06,preserved,local_commit:656050cae337f96fdab3b47ec862ccae4f1c9601,outputs/burgers_ablation_screen_v1/audit_slow_rotation/m6/seed_00022/metrics.csv,Expériences antérieures M0/M1/M3/M5/M6 ; date exacte non attestée
outputs/burgers_ablation_screen_v1/audit_slow_rotation/m6/seed_00022/model.pt,21105,.pt,5630fddaca70b68f471ab350c8cdefaeb6d4f69a4711523b816bfd2dd295e226,V06,preserved,local_commit:656050cae337f96fdab3b47ec862ccae4f1c9601,outputs/burgers_ablation_screen_v1/audit_slow_rotation/m6/seed_00022/model.pt,Expériences antérieures M0/M1/M3/M5/M6 ; date exacte non attestée
outputs/burgers_ablation_screen_v1/audit_slow_rotation/m6/seed_00022/summary.json,1978,.json,879d3704c20d5bc2ba08c7d1296c6a20892d2a6ca2c435c6768f7484fe886237,V06,preserved,local_commit:656050cae337f96fdab3b47ec862ccae4f1c9601,outputs/burgers_ablation_screen_v1/audit_slow_rotation/m6/seed_00022/summary.json,Expériences antérieures M0/M1/M3/M5/M6 ; date exacte non attestée
outputs/burgers_ablation_screen_v1/audit_slow_rotation/m6/seed_00033/checkpoint_0000600.pt,21799,.pt,c4f4ff6c6366ff749887ae5e8d8804631832b70ebd67c78cd7cc261e2a836ba0,V06,preserved,local_commit:656050cae337f96fdab3b47ec862ccae4f1c9601,outputs/burgers_ablation_screen_v1/audit_slow_rotation/m6/seed_00033/checkpoint_0000600.pt,Expériences antérieures M0/M1/M3/M5/M6 ; date exacte non attestée
outputs/burgers_ablation_screen_v1/audit_slow_rotation/m6/seed_00033/config.resolved.yaml,1241,.yaml,5675001ac49e96cd93491fa16db16c072efccf5260bc46bc244a769cacf74c76,V06,preserved,local_commit:656050cae337f96fdab3b47ec862ccae4f1c9601,outputs/burgers_ablation_screen_v1/audit_slow_rotation/m6/seed_00033/config.resolved.yaml,Expériences antérieures M0/M1/M3/M5/M6 ; date exacte non attestée
outputs/burgers_ablation_screen_v1/audit_slow_rotation/m6/seed_00033/environment.json,270,.json,81e8b8ec1f0e36812a60c59a8df82f8463f4b7cdc0f374d41177cd34430c2417,V06,preserved,local_commit:656050cae337f96fdab3b47ec862ccae4f1c9601,outputs/burgers_ablation_screen_v1/audit_slow_rotation/m6/seed_00033/environment.json,Expériences antérieures M0/M1/M3/M5/M6 ; date exacte non attestée
outputs/burgers_ablation_screen_v1/audit_slow_rotation/m6/seed_00033/metrics.csv,10171,.csv,96d9edf83ba0904eed2104bdf79462afdbb180a90170572ee51ce106ef1cf764,V06,preserved,local_commit:656050cae337f96fdab3b47ec862ccae4f1c9601,outputs/burgers_ablation_screen_v1/audit_slow_rotation/m6/seed_00033/metrics.csv,Expériences antérieures M0/M1/M3/M5/M6 ; date exacte non attestée
outputs/burgers_ablation_screen_v1/audit_slow_rotation/m6/seed_00033/model.pt,21105,.pt,9eb9e31a5bf710b1dd27b2f5bfc149e71de2b2b8671e6e49e16af295355cf7ad,V06,preserved,local_commit:656050cae337f96fdab3b47ec862ccae4f1c9601,outputs/burgers_ablation_screen_v1/audit_slow_rotation/m6/seed_00033/model.pt,Expériences antérieures M0/M1/M3/M5/M6 ; date exacte non attestée
outputs/burgers_ablation_screen_v1/audit_slow_rotation/m6/seed_00033/summary.json,1979,.json,1bee59d5fa5ac05993c648f5a8082a99698098875c08023be55a2656c96850f5,V06,preserved,local_commit:656050cae337f96fdab3b47ec862ccae4f1c9601,outputs/burgers_ablation_screen_v1/audit_slow_rotation/m6/seed_00033/summary.json,Expériences antérieures M0/M1/M3/M5/M6 ; date exacte non attestée
outputs/burgers_ablation_screen_v1/audit_slow_rotation/m6/seed_00044/checkpoint_0000600.pt,21799,.pt,d8e7b69ad720639d5ab8635aee26a8b8c2c1ade573b90024cf5339b60bfe876a,V06,preserved,local_commit:656050cae337f96fdab3b47ec862ccae4f1c9601,outputs/burgers_ablation_screen_v1/audit_slow_rotation/m6/seed_00044/checkpoint_0000600.pt,Expériences antérieures M0/M1/M3/M5/M6 ; date exacte non attestée
outputs/burgers_ablation_screen_v1/audit_slow_rotation/m6/seed_00044/config.resolved.yaml,1241,.yaml,8c2f9544119f6b6947e634405f5726e57a2f679699a2a86a5deddaae84b1003f,V06,preserved,local_commit:656050cae337f96fdab3b47ec862ccae4f1c9601,outputs/burgers_ablation_screen_v1/audit_slow_rotation/m6/seed_00044/config.resolved.yaml,Expériences antérieures M0/M1/M3/M5/M6 ; date exacte non attestée
outputs/burgers_ablation_screen_v1/audit_slow_rotation/m6/seed_00044/environment.json,270,.json,81e8b8ec1f0e36812a60c59a8df82f8463f4b7cdc0f374d41177cd34430c2417,V06,preserved,local_commit:656050cae337f96fdab3b47ec862ccae4f1c9601,outputs/burgers_ablation_screen_v1/audit_slow_rotation/m6/seed_00044/environment.json,Expériences antérieures M0/M1/M3/M5/M6 ; date exacte non attestée
outputs/burgers_ablation_screen_v1/audit_slow_rotation/m6/seed_00044/metrics.csv,10115,.csv,95a946a2f033ae42a1986f35530a4d94a17c9914e47b70d6ad7642622984de38,V06,preserved,local_commit:656050cae337f96fdab3b47ec862ccae4f1c9601,outputs/burgers_ablation_screen_v1/audit_slow_rotation/m6/seed_00044/metrics.csv,Expériences antérieures M0/M1/M3/M5/M6 ; date exacte non attestée
outputs/burgers_ablation_screen_v1/audit_slow_rotation/m6/seed_00044/model.pt,21105,.pt,25760f69baacfd673e1953aa6cdbdf51bda41cf0cd072f681bbbadb4d4f7ce73,V06,preserved,local_commit:656050cae337f96fdab3b47ec862ccae4f1c9601,outputs/burgers_ablation_screen_v1/audit_slow_rotation/m6/seed_00044/model.pt,Expériences antérieures M0/M1/M3/M5/M6 ; date exacte non attestée
outputs/burgers_ablation_screen_v1/audit_slow_rotation/m6/seed_00044/summary.json,1975,.json,00f18f2931ac4ccca1313db1136cbded0e0f9e8a32afb9c0cff78920b7f40a97,V06,preserved,local_commit:656050cae337f96fdab3b47ec862ccae4f1c9601,outputs/burgers_ablation_screen_v1/audit_slow_rotation/m6/seed_00044/summary.json,Expériences antérieures M0/M1/M3/M5/M6 ; date exacte non attestée
outputs/burgers_ablation_screen_v1/audit_slow_rotation/m6/seed_00055/checkpoint_0000600.pt,21799,.pt,31636e7070526940d9c592320fa739dbe662f99db8b5dcb5c769e3ab540e4040,V06,preserved,local_commit:656050cae337f96fdab3b47ec862ccae4f1c9601,outputs/burgers_ablation_screen_v1/audit_slow_rotation/m6/seed_00055/checkpoint_0000600.pt,Expériences antérieures M0/M1/M3/M5/M6 ; date exacte non attestée
outputs/burgers_ablation_screen_v1/audit_slow_rotation/m6/seed_00055/config.resolved.yaml,1241,.yaml,db753a6e21e8ed696f3792265d5206ccad5266b43451fee6cef8e3fc1bd9dcf0,V06,preserved,local_commit:656050cae337f96fdab3b47ec862ccae4f1c9601,outputs/burgers_ablation_screen_v1/audit_slow_rotation/m6/seed_00055/config.resolved.yaml,Expériences antérieures M0/M1/M3/M5/M6 ; date exacte non attestée
outputs/burgers_ablation_screen_v1/audit_slow_rotation/m6/seed_00055/environment.json,270,.json,81e8b8ec1f0e36812a60c59a8df82f8463f4b7cdc0f374d41177cd34430c2417,V06,preserved,local_commit:656050cae337f96fdab3b47ec862ccae4f1c9601,outputs/burgers_ablation_screen_v1/audit_slow_rotation/m6/seed_00055/environment.json,Expériences antérieures M0/M1/M3/M5/M6 ; date exacte non attestée
outputs/burgers_ablation_screen_v1/audit_slow_rotation/m6/seed_00055/metrics.csv,10169,.csv,4ae8f5b5da6c9cd6f08d7140dec5b6a7f54cf41a0db51e69464eab64a2c95632,V06,preserved,local_commit:656050cae337f96fdab3b47ec862ccae4f1c9601,outputs/burgers_ablation_screen_v1/audit_slow_rotation/m6/seed_00055/metrics.csv,Expériences antérieures M0/M1/M3/M5/M6 ; date exacte non attestée
outputs/burgers_ablation_screen_v1/audit_slow_rotation/m6/seed_00055/model.pt,21105,.pt,737505314eef55dfc224f888d2327dd2c476b38538fb7c6048161f87c7aae8e9,V06,preserved,local_commit:656050cae337f96fdab3b47ec862ccae4f1c9601,outputs/burgers_ablation_screen_v1/audit_slow_rotation/m6/seed_00055/model.pt,Expériences antérieures M0/M1/M3/M5/M6 ; date exacte non attestée
outputs/burgers_ablation_screen_v1/audit_slow_rotation/m6/seed_00055/summary.json,1981,.json,95f9c50421bb5f2157f62d7290fbeddc4a7035e831448a24a40ca1f47acce8e7,V06,preserved,local_commit:656050cae337f96fdab3b47ec862ccae4f1c9601,outputs/burgers_ablation_screen_v1/audit_slow_rotation/m6/seed_00055/summary.json,Expériences antérieures M0/M1/M3/M5/M6 ; date exacte non attestée
outputs/burgers_ablation_screen_v1/audit_sobol/m6/seed_00011/checkpoint_0000600.pt,21799,.pt,2214d901c42f82a04d7e7c184f7f79f05c383fd9a0c3d6c27fa63baad7669351,V06,preserved,local_commit:656050cae337f96fdab3b47ec862ccae4f1c9601,outputs/burgers_ablation_screen_v1/audit_sobol/m6/seed_00011/checkpoint_0000600.pt,Expériences antérieures M0/M1/M3/M5/M6 ; date exacte non attestée
outputs/burgers_ablation_screen_v1/audit_sobol/m6/seed_00011/config.resolved.yaml,1230,.yaml,9dd93d97a39a38546f78f6ed9c42d6a72ab196cb8ccf5d92ba3ed2a2fbe2e23b,V06,preserved,local_commit:656050cae337f96fdab3b47ec862ccae4f1c9601,outputs/burgers_ablation_screen_v1/audit_sobol/m6/seed_00011/config.resolved.yaml,Expériences antérieures M0/M1/M3/M5/M6 ; date exacte non attestée
outputs/burgers_ablation_screen_v1/audit_sobol/m6/seed_00011/environment.json,270,.json,81e8b8ec1f0e36812a60c59a8df82f8463f4b7cdc0f374d41177cd34430c2417,V06,preserved,local_commit:656050cae337f96fdab3b47ec862ccae4f1c9601,outputs/burgers_ablation_screen_v1/audit_sobol/m6/seed_00011/environment.json,Expériences antérieures M0/M1/M3/M5/M6 ; date exacte non attestée
outputs/burgers_ablation_screen_v1/audit_sobol/m6/seed_00011/metrics.csv,10138,.csv,bb472260254cb4fd90a8250103f72b77f57f4508d42ccffcd023b3bb79d91dad,V06,preserved,local_commit:656050cae337f96fdab3b47ec862ccae4f1c9601,outputs/burgers_ablation_screen_v1/audit_sobol/m6/seed_00011/metrics.csv,Expériences antérieures M0/M1/M3/M5/M6 ; date exacte non attestée
outputs/burgers_ablation_screen_v1/audit_sobol/m6/seed_00011/model.pt,21105,.pt,5cdaf5d44c0ea44919a8c441d610c0d14084114fb7721d6f905856e51aba5ca4,V06,preserved,local_commit:656050cae337f96fdab3b47ec862ccae4f1c9601,outputs/burgers_ablation_screen_v1/audit_sobol/m6/seed_00011/model.pt,Expériences antérieures M0/M1/M3/M5/M6 ; date exacte non attestée
outputs/burgers_ablation_screen_v1/audit_sobol/m6/seed_00011/summary.json,1967,.json,90d7d31021fd80d97a51b4ef90b71f3f55f7f04701a5c69b7ba8a4a55a620f26,V06,preserved,local_commit:656050cae337f96fdab3b47ec862ccae4f1c9601,outputs/burgers_ablation_screen_v1/audit_sobol/m6/seed_00011/summary.json,Expériences antérieures M0/M1/M3/M5/M6 ; date exacte non attestée
outputs/burgers_ablation_screen_v1/audit_sobol/m6/seed_00022/checkpoint_0000600.pt,21799,.pt,1f7892a533b0f054cb61871646a85f15fd4df40171948cfffaa9418fdf4faae6,V06,preserved,local_commit:656050cae337f96fdab3b47ec862ccae4f1c9601,outputs/burgers_ablation_screen_v1/audit_sobol/m6/seed_00022/checkpoint_0000600.pt,Expériences antérieures M0/M1/M3/M5/M6 ; date exacte non attestée
outputs/burgers_ablation_screen_v1/audit_sobol/m6/seed_00022/config.resolved.yaml,1230,.yaml,9fb0eade74d7bcc9fa9751c556a037a7318403d594be28d8507da25e606ac597,V06,preserved,local_commit:656050cae337f96fdab3b47ec862ccae4f1c9601,outputs/burgers_ablation_screen_v1/audit_sobol/m6/seed_00022/config.resolved.yaml,Expériences antérieures M0/M1/M3/M5/M6 ; date exacte non attestée
outputs/burgers_ablation_screen_v1/audit_sobol/m6/seed_00022/environment.json,270,.json,81e8b8ec1f0e36812a60c59a8df82f8463f4b7cdc0f374d41177cd34430c2417,V06,preserved,local_commit:656050cae337f96fdab3b47ec862ccae4f1c9601,outputs/burgers_ablation_screen_v1/audit_sobol/m6/seed_00022/environment.json,Expériences antérieures M0/M1/M3/M5/M6 ; date exacte non attestée
outputs/burgers_ablation_screen_v1/audit_sobol/m6/seed_00022/metrics.csv,10141,.csv,c78afe6e1fb1f3fcf4b8c8fbe368e5fd17e59c965da71b4944f3c66069ba5fcd,V06,preserved,local_commit:656050cae337f96fdab3b47ec862ccae4f1c9601,outputs/burgers_ablation_screen_v1/audit_sobol/m6/seed_00022/metrics.csv,Expériences antérieures M0/M1/M3/M5/M6 ; date exacte non attestée
outputs/burgers_ablation_screen_v1/audit_sobol/m6/seed_00022/model.pt,21105,.pt,ffcfce60cbdff4532e6edfd745d78c70cb49c4ca6e4da559058a45246ef61737,V06,preserved,local_commit:656050cae337f96fdab3b47ec862ccae4f1c9601,outputs/burgers_ablation_screen_v1/audit_sobol/m6/seed_00022/model.pt,Expériences antérieures M0/M1/M3/M5/M6 ; date exacte non attestée
outputs/burgers_ablation_screen_v1/audit_sobol/m6/seed_00022/summary.json,1967,.json,cbb186ffd0ab3bccebb894a7bd8d7c77ad7af21da823fe09d70d3e1c7b979cfa,V06,preserved,local_commit:656050cae337f96fdab3b47ec862ccae4f1c9601,outputs/burgers_ablation_screen_v1/audit_sobol/m6/seed_00022/summary.json,Expériences antérieures M0/M1/M3/M5/M6 ; date exacte non attestée
outputs/burgers_ablation_screen_v1/audit_sobol/m6/seed_00033/checkpoint_0000600.pt,21799,.pt,6a5f597f4fa3f2cafdc866fcf59ccdddbbf5a44657553008a76309d261234bca,V06,preserved,local_commit:656050cae337f96fdab3b47ec862ccae4f1c9601,outputs/burgers_ablation_screen_v1/audit_sobol/m6/seed_00033/checkpoint_0000600.pt,Expériences antérieures M0/M1/M3/M5/M6 ; date exacte non attestée
outputs/burgers_ablation_screen_v1/audit_sobol/m6/seed_00033/config.resolved.yaml,1230,.yaml,3be865e496ad94081f8e1b0f79088899dcf792d34fa245cfb50e6d868a1956aa,V06,preserved,local_commit:656050cae337f96fdab3b47ec862ccae4f1c9601,outputs/burgers_ablation_screen_v1/audit_sobol/m6/seed_00033/config.resolved.yaml,Expériences antérieures M0/M1/M3/M5/M6 ; date exacte non attestée
outputs/burgers_ablation_screen_v1/audit_sobol/m6/seed_00033/environment.json,270,.json,81e8b8ec1f0e36812a60c59a8df82f8463f4b7cdc0f374d41177cd34430c2417,V06,preserved,local_commit:656050cae337f96fdab3b47ec862ccae4f1c9601,outputs/burgers_ablation_screen_v1/audit_sobol/m6/seed_00033/environment.json,Expériences antérieures M0/M1/M3/M5/M6 ; date exacte non attestée
outputs/burgers_ablation_screen_v1/audit_sobol/m6/seed_00033/metrics.csv,10150,.csv,43df932eb7ca354a0a880165b64e56f3881cf04d98df6aeb4f3787eb06a09274,V06,preserved,local_commit:656050cae337f96fdab3b47ec862ccae4f1c9601,outputs/burgers_ablation_screen_v1/audit_sobol/m6/seed_00033/metrics.csv,Expériences antérieures M0/M1/M3/M5/M6 ; date exacte non attestée
outputs/burgers_ablation_screen_v1/audit_sobol/m6/seed_00033/model.pt,21105,.pt,2cc00b7dc15740a2de0d360b5bac43378703192f6bf451f006a5af4d8f1d9061,V06,preserved,local_commit:656050cae337f96fdab3b47ec862ccae4f1c9601,outputs/burgers_ablation_screen_v1/audit_sobol/m6/seed_00033/model.pt,Expériences antérieures M0/M1/M3/M5/M6 ; date exacte non attestée
outputs/burgers_ablation_screen_v1/audit_sobol/m6/seed_00033/summary.json,1962,.json,bf40d5d7788f0a230cec0e71615d1ff962a4e3cc3b7fb52b2743f67733c0cc04,V06,preserved,local_commit:656050cae337f96fdab3b47ec862ccae4f1c9601,outputs/burgers_ablation_screen_v1/audit_sobol/m6/seed_00033/summary.json,Expériences antérieures M0/M1/M3/M5/M6 ; date exacte non attestée
outputs/burgers_ablation_screen_v1/audit_sobol/m6/seed_00044/checkpoint_0000600.pt,21799,.pt,3b15c85c2e3d96fff8b1a776bb6c3207170188e58dfa08cd13b882e3c3d4b775,V06,preserved,local_commit:656050cae337f96fdab3b47ec862ccae4f1c9601,outputs/burgers_ablation_screen_v1/audit_sobol/m6/seed_00044/checkpoint_0000600.pt,Expériences antérieures M0/M1/M3/M5/M6 ; date exacte non attestée
outputs/burgers_ablation_screen_v1/audit_sobol/m6/seed_00044/config.resolved.yaml,1230,.yaml,15eab376d4df54e7a02ba287e666cbfe458e6a69591a1b97aa039918c78ef954,V06,preserved,local_commit:656050cae337f96fdab3b47ec862ccae4f1c9601,outputs/burgers_ablation_screen_v1/audit_sobol/m6/seed_00044/config.resolved.yaml,Expériences antérieures M0/M1/M3/M5/M6 ; date exacte non attestée
outputs/burgers_ablation_screen_v1/audit_sobol/m6/seed_00044/environment.json,270,.json,81e8b8ec1f0e36812a60c59a8df82f8463f4b7cdc0f374d41177cd34430c2417,V06,preserved,local_commit:656050cae337f96fdab3b47ec862ccae4f1c9601,outputs/burgers_ablation_screen_v1/audit_sobol/m6/seed_00044/environment.json,Expériences antérieures M0/M1/M3/M5/M6 ; date exacte non attestée
outputs/burgers_ablation_screen_v1/audit_sobol/m6/seed_00044/metrics.csv,10130,.csv,4751eb65dada0051752371d19ec4d588ebfa355259f0e85bb36bc685db218b6a,V06,preserved,local_commit:656050cae337f96fdab3b47ec862ccae4f1c9601,outputs/burgers_ablation_screen_v1/audit_sobol/m6/seed_00044/metrics.csv,Expériences antérieures M0/M1/M3/M5/M6 ; date exacte non attestée
outputs/burgers_ablation_screen_v1/audit_sobol/m6/seed_00044/model.pt,21105,.pt,51770e4dbf322f848b4a262892dcdf9b91d01cab40e75066753edc105116030d,V06,preserved,local_commit:656050cae337f96fdab3b47ec862ccae4f1c9601,outputs/burgers_ablation_screen_v1/audit_sobol/m6/seed_00044/model.pt,Expériences antérieures M0/M1/M3/M5/M6 ; date exacte non attestée
outputs/burgers_ablation_screen_v1/audit_sobol/m6/seed_00044/summary.json,1966,.json,20e72be64f95ac527e8eb603dfdb7a831746e8e8dc4ce59374880752a72186d0,V06,preserved,local_commit:656050cae337f96fdab3b47ec862ccae4f1c9601,outputs/burgers_ablation_screen_v1/audit_sobol/m6/seed_00044/summary.json,Expériences antérieures M0/M1/M3/M5/M6 ; date exacte non attestée
outputs/burgers_ablation_screen_v1/audit_sobol/m6/seed_00055/checkpoint_0000600.pt,21799,.pt,0197e5f087487ab9c8a68360e7b4b4d107fc4f068995abc9da192373e674faea,V06,preserved,local_commit:656050cae337f96fdab3b47ec862ccae4f1c9601,outputs/burgers_ablation_screen_v1/audit_sobol/m6/seed_00055/checkpoint_0000600.pt,Expériences antérieures M0/M1/M3/M5/M6 ; date exacte non attestée
outputs/burgers_ablation_screen_v1/audit_sobol/m6/seed_00055/config.resolved.yaml,1230,.yaml,223bddb1146eaef263a07573490318157949cba2222d045e329bf08c6debca1e,V06,preserved,local_commit:656050cae337f96fdab3b47ec862ccae4f1c9601,outputs/burgers_ablation_screen_v1/audit_sobol/m6/seed_00055/config.resolved.yaml,Expériences antérieures M0/M1/M3/M5/M6 ; date exacte non attestée
outputs/burgers_ablation_screen_v1/audit_sobol/m6/seed_00055/environment.json,270,.json,81e8b8ec1f0e36812a60c59a8df82f8463f4b7cdc0f374d41177cd34430c2417,V06,preserved,local_commit:656050cae337f96fdab3b47ec862ccae4f1c9601,outputs/burgers_ablation_screen_v1/audit_sobol/m6/seed_00055/environment.json,Expériences antérieures M0/M1/M3/M5/M6 ; date exacte non attestée
outputs/burgers_ablation_screen_v1/audit_sobol/m6/seed_00055/metrics.csv,10168,.csv,ed25a2ab3ba45107296f220b97d34a9824cc78860288fe56a8c676d6b472b45b,V06,preserved,local_commit:656050cae337f96fdab3b47ec862ccae4f1c9601,outputs/burgers_ablation_screen_v1/audit_sobol/m6/seed_00055/metrics.csv,Expériences antérieures M0/M1/M3/M5/M6 ; date exacte non attestée
outputs/burgers_ablation_screen_v1/audit_sobol/m6/seed_00055/model.pt,21105,.pt,82fd9d2203c50fcb2a8dc276feebb02d39e4362188f81b528abfbcbe192abc1b,V06,preserved,local_commit:656050cae337f96fdab3b47ec862ccae4f1c9601,outputs/burgers_ablation_screen_v1/audit_sobol/m6/seed_00055/model.pt,Expériences antérieures M0/M1/M3/M5/M6 ; date exacte non attestée
outputs/burgers_ablation_screen_v1/audit_sobol/m6/seed_00055/summary.json,1968,.json,2100a1cc75e77ae87d5a837517d5856f26c5ce480cbb20df4e7a819b40a1b8fb,V06,preserved,local_commit:656050cae337f96fdab3b47ec862ccae4f1c9601,outputs/burgers_ablation_screen_v1/audit_sobol/m6/seed_00055/summary.json,Expériences antérieures M0/M1/M3/M5/M6 ; date exacte non attestée
outputs/burgers_ablation_screen_v1/controller_slower/m6/seed_00011/checkpoint_0000600.pt,21799,.pt,fcd19f860531828ccc307b38b45a42e23662d14bf076f401ad2fc4c3f3111f14,V06,preserved,local_commit:656050cae337f96fdab3b47ec862ccae4f1c9601,outputs/burgers_ablation_screen_v1/controller_slower/m6/seed_00011/checkpoint_0000600.pt,Expériences antérieures M0/M1/M3/M5/M6 ; date exacte non attestée
outputs/burgers_ablation_screen_v1/controller_slower/m6/seed_00011/config.resolved.yaml,1237,.yaml,aa45d944864a778fb58471de64348b6b8fb69c0f5cfd0288dcff8d9c62d0858a,V06,preserved,local_commit:656050cae337f96fdab3b47ec862ccae4f1c9601,outputs/burgers_ablation_screen_v1/controller_slower/m6/seed_00011/config.resolved.yaml,Expériences antérieures M0/M1/M3/M5/M6 ; date exacte non attestée
outputs/burgers_ablation_screen_v1/controller_slower/m6/seed_00011/environment.json,270,.json,81e8b8ec1f0e36812a60c59a8df82f8463f4b7cdc0f374d41177cd34430c2417,V06,preserved,local_commit:656050cae337f96fdab3b47ec862ccae4f1c9601,outputs/burgers_ablation_screen_v1/controller_slower/m6/seed_00011/environment.json,Expériences antérieures M0/M1/M3/M5/M6 ; date exacte non attestée
outputs/burgers_ablation_screen_v1/controller_slower/m6/seed_00011/metrics.csv,9939,.csv,ac239e00c20d300ecd15b8d9205ec5b2dfa8d327e5da6ff4cb907b23a3f5806a,V06,preserved,local_commit:656050cae337f96fdab3b47ec862ccae4f1c9601,outputs/burgers_ablation_screen_v1/controller_slower/m6/seed_00011/metrics.csv,Expériences antérieures M0/M1/M3/M5/M6 ; date exacte non attestée
outputs/burgers_ablation_screen_v1/controller_slower/m6/seed_00011/model.pt,21105,.pt,70199ea9cf786aa26bdba442a3c6db9c6e8b364a17052389513887675c11ca06,V06,preserved,local_commit:656050cae337f96fdab3b47ec862ccae4f1c9601,outputs/burgers_ablation_screen_v1/controller_slower/m6/seed_00011/model.pt,Expériences antérieures M0/M1/M3/M5/M6 ; date exacte non attestée
outputs/burgers_ablation_screen_v1/controller_slower/m6/seed_00011/summary.json,1972,.json,cbd8f1a9735a3045ab2bbbd121c0060a022a516c48d670bdb621cef2296c92e4,V06,preserved,local_commit:656050cae337f96fdab3b47ec862ccae4f1c9601,outputs/burgers_ablation_screen_v1/controller_slower/m6/seed_00011/summary.json,Expériences antérieures M0/M1/M3/M5/M6 ; date exacte non attestée
outputs/burgers_ablation_screen_v1/controller_slower/m6/seed_00022/checkpoint_0000600.pt,21799,.pt,1f465e9351500be5d3116280183dbb8f2531dbef7735b7ff1b2629c8f0fbd0d8,V06,preserved,local_commit:656050cae337f96fdab3b47ec862ccae4f1c9601,outputs/burgers_ablation_screen_v1/controller_slower/m6/seed_00022/checkpoint_0000600.pt,Expériences antérieures M0/M1/M3/M5/M6 ; date exacte non attestée
outputs/burgers_ablation_screen_v1/controller_slower/m6/seed_00022/config.resolved.yaml,1237,.yaml,ac78a0145f7a432d6ea14482c46a6be42c64ae1051a9bd5bde0bb012ee05f223,V06,preserved,local_commit:656050cae337f96fdab3b47ec862ccae4f1c9601,outputs/burgers_ablation_screen_v1/controller_slower/m6/seed_00022/config.resolved.yaml,Expériences antérieures M0/M1/M3/M5/M6 ; date exacte non attestée
outputs/burgers_ablation_screen_v1/controller_slower/m6/seed_00022/environment.json,270,.json,81e8b8ec1f0e36812a60c59a8df82f8463f4b7cdc0f374d41177cd34430c2417,V06,preserved,local_commit:656050cae337f96fdab3b47ec862ccae4f1c9601,outputs/burgers_ablation_screen_v1/controller_slower/m6/seed_00022/environment.json,Expériences antérieures M0/M1/M3/M5/M6 ; date exacte non attestée
outputs/burgers_ablation_screen_v1/controller_slower/m6/seed_00022/metrics.csv,9958,.csv,aaf22808c38f6d4f2ac1d523112dc1db9895162480867f762e2f71cc542742ba,V06,preserved,local_commit:656050cae337f96fdab3b47ec862ccae4f1c9601,outputs/burgers_ablation_screen_v1/controller_slower/m6/seed_00022/metrics.csv,Expériences antérieures M0/M1/M3/M5/M6 ; date exacte non attestée
outputs/burgers_ablation_screen_v1/controller_slower/m6/seed_00022/model.pt,21105,.pt,b87cc57a528baf73b2cabccc311f0eb14cd1fbe1f09999a9f85a92600e9f4962,V06,preserved,local_commit:656050cae337f96fdab3b47ec862ccae4f1c9601,outputs/burgers_ablation_screen_v1/controller_slower/m6/seed_00022/model.pt,Expériences antérieures M0/M1/M3/M5/M6 ; date exacte non attestée
outputs/burgers_ablation_screen_v1/controller_slower/m6/seed_00022/summary.json,1975,.json,29aef47a7a8ddc9aea200eb636907af8ea0bba026a0be4a8e5ff8a4b04d7f3f8,V06,preserved,local_commit:656050cae337f96fdab3b47ec862ccae4f1c9601,outputs/burgers_ablation_screen_v1/controller_slower/m6/seed_00022/summary.json,Expériences antérieures M0/M1/M3/M5/M6 ; date exacte non attestée
outputs/burgers_ablation_screen_v1/controller_slower/m6/seed_00033/checkpoint_0000600.pt,21799,.pt,23d42a0c9e67d99ca4f4f7505add4dbed4eb7040639922f343ff2c7b935718d8,V06,preserved,local_commit:656050cae337f96fdab3b47ec862ccae4f1c9601,outputs/burgers_ablation_screen_v1/controller_slower/m6/seed_00033/checkpoint_0000600.pt,Expériences antérieures M0/M1/M3/M5/M6 ; date exacte non attestée
outputs/burgers_ablation_screen_v1/controller_slower/m6/seed_00033/config.resolved.yaml,1237,.yaml,33355d39406bfdeb184d7a4660ee24e76c90fcad0bc9228e1d7afe2c4dc46b8d,V06,preserved,local_commit:656050cae337f96fdab3b47ec862ccae4f1c9601,outputs/burgers_ablation_screen_v1/controller_slower/m6/seed_00033/config.resolved.yaml,Expériences antérieures M0/M1/M3/M5/M6 ; date exacte non attestée
outputs/burgers_ablation_screen_v1/controller_slower/m6/seed_00033/environment.json,270,.json,81e8b8ec1f0e36812a60c59a8df82f8463f4b7cdc0f374d41177cd34430c2417,V06,preserved,local_commit:656050cae337f96fdab3b47ec862ccae4f1c9601,outputs/burgers_ablation_screen_v1/controller_slower/m6/seed_00033/environment.json,Expériences antérieures M0/M1/M3/M5/M6 ; date exacte non attestée
outputs/burgers_ablation_screen_v1/controller_slower/m6/seed_00033/metrics.csv,9908,.csv,bf8470f452aca382fc79a84c5fc8007ed9336c9f6fc2a5d25c12a1d85613f8f6,V06,preserved,local_commit:656050cae337f96fdab3b47ec862ccae4f1c9601,outputs/burgers_ablation_screen_v1/controller_slower/m6/seed_00033/metrics.csv,Expériences antérieures M0/M1/M3/M5/M6 ; date exacte non attestée
outputs/burgers_ablation_screen_v1/controller_slower/m6/seed_00033/model.pt,21105,.pt,23b97b392c2cc83cc9c0a4afb29483483158e5f3d5063c7a6a36a19d62278120,V06,preserved,local_commit:656050cae337f96fdab3b47ec862ccae4f1c9601,outputs/burgers_ablation_screen_v1/controller_slower/m6/seed_00033/model.pt,Expériences antérieures M0/M1/M3/M5/M6 ; date exacte non attestée
outputs/burgers_ablation_screen_v1/controller_slower/m6/seed_00033/summary.json,1970,.json,f5159e8dc7216fd391e7db9349c88baf9992c9e93e0d6e0e275791d973954fa9,V06,preserved,local_commit:656050cae337f96fdab3b47ec862ccae4f1c9601,outputs/burgers_ablation_screen_v1/controller_slower/m6/seed_00033/summary.json,Expériences antérieures M0/M1/M3/M5/M6 ; date exacte non attestée
outputs/burgers_ablation_screen_v1/controller_slower/m6/seed_00044/checkpoint_0000600.pt,21799,.pt,b660b5aff6234d6dc69571601f7fa3f666037f214c92fed3fcdf4db5cfc19f4d,V06,preserved,local_commit:656050cae337f96fdab3b47ec862ccae4f1c9601,outputs/burgers_ablation_screen_v1/controller_slower/m6/seed_00044/checkpoint_0000600.pt,Expériences antérieures M0/M1/M3/M5/M6 ; date exacte non attestée
outputs/burgers_ablation_screen_v1/controller_slower/m6/seed_00044/config.resolved.yaml,1237,.yaml,319cea27c7f69d7aa0b9ad94c6b6cac16e31d73598140854e96e1de1666b7629,V06,preserved,local_commit:656050cae337f96fdab3b47ec862ccae4f1c9601,outputs/burgers_ablation_screen_v1/controller_slower/m6/seed_00044/config.resolved.yaml,Expériences antérieures M0/M1/M3/M5/M6 ; date exacte non attestée
outputs/burgers_ablation_screen_v1/controller_slower/m6/seed_00044/environment.json,270,.json,81e8b8ec1f0e36812a60c59a8df82f8463f4b7cdc0f374d41177cd34430c2417,V06,preserved,local_commit:656050cae337f96fdab3b47ec862ccae4f1c9601,outputs/burgers_ablation_screen_v1/controller_slower/m6/seed_00044/environment.json,Expériences antérieures M0/M1/M3/M5/M6 ; date exacte non attestée
outputs/burgers_ablation_screen_v1/controller_slower/m6/seed_00044/metrics.csv,9939,.csv,3717196da7a2fa6238384374003f2c3381434797f7de98584cfb8c6a75c15efb,V06,preserved,local_commit:656050cae337f96fdab3b47ec862ccae4f1c9601,outputs/burgers_ablation_screen_v1/controller_slower/m6/seed_00044/metrics.csv,Expériences antérieures M0/M1/M3/M5/M6 ; date exacte non attestée
outputs/burgers_ablation_screen_v1/controller_slower/m6/seed_00044/model.pt,21105,.pt,db7c8770985e864ea052aacd3bf914cf1dcfa516c1e689497dac69ad6df42d04,V06,preserved,local_commit:656050cae337f96fdab3b47ec862ccae4f1c9601,outputs/burgers_ablation_screen_v1/controller_slower/m6/seed_00044/model.pt,Expériences antérieures M0/M1/M3/M5/M6 ; date exacte non attestée
outputs/burgers_ablation_screen_v1/controller_slower/m6/seed_00044/summary.json,1975,.json,f28c9260ccd4996944485a5fb4b5b5f1e9a89f13d60a11f10229a6b618f1e073,V06,preserved,local_commit:656050cae337f96fdab3b47ec862ccae4f1c9601,outputs/burgers_ablation_screen_v1/controller_slower/m6/seed_00044/summary.json,Expériences antérieures M0/M1/M3/M5/M6 ; date exacte non attestée
outputs/burgers_ablation_screen_v1/controller_slower/m6/seed_00055/checkpoint_0000600.pt,21799,.pt,c4c07c00b273334c05891fe527ad1c26997bd6a434a0b2cbd5115c7466c34d74,V06,preserved,local_commit:656050cae337f96fdab3b47ec862ccae4f1c9601,outputs/burgers_ablation_screen_v1/controller_slower/m6/seed_00055/checkpoint_0000600.pt,Expériences antérieures M0/M1/M3/M5/M6 ; date exacte non attestée
outputs/burgers_ablation_screen_v1/controller_slower/m6/seed_00055/config.resolved.yaml,1237,.yaml,7c6b19a81ab913ae2d2dfd22fcd868b00e3f75b142c9f08670fd1b5a6e4498e2,V06,preserved,local_commit:656050cae337f96fdab3b47ec862ccae4f1c9601,outputs/burgers_ablation_screen_v1/controller_slower/m6/seed_00055/config.resolved.yaml,Expériences antérieures M0/M1/M3/M5/M6 ; date exacte non attestée
outputs/burgers_ablation_screen_v1/controller_slower/m6/seed_00055/environment.json,270,.json,81e8b8ec1f0e36812a60c59a8df82f8463f4b7cdc0f374d41177cd34430c2417,V06,preserved,local_commit:656050cae337f96fdab3b47ec862ccae4f1c9601,outputs/burgers_ablation_screen_v1/controller_slower/m6/seed_00055/environment.json,Expériences antérieures M0/M1/M3/M5/M6 ; date exacte non attestée
outputs/burgers_ablation_screen_v1/controller_slower/m6/seed_00055/metrics.csv,9938,.csv,a01f7a90286ba18ed3fd32267eda90b325f2d0dfa8b30469cc0727ad217f5646,V06,preserved,local_commit:656050cae337f96fdab3b47ec862ccae4f1c9601,outputs/burgers_ablation_screen_v1/controller_slower/m6/seed_00055/metrics.csv,Expériences antérieures M0/M1/M3/M5/M6 ; date exacte non attestée
outputs/burgers_ablation_screen_v1/controller_slower/m6/seed_00055/model.pt,21105,.pt,f6af0548c5a0890f3341063b8af725eeb041c7d72a795d3b2a5e5eee48771020,V06,preserved,local_commit:656050cae337f96fdab3b47ec862ccae4f1c9601,outputs/burgers_ablation_screen_v1/controller_slower/m6/seed_00055/model.pt,Expériences antérieures M0/M1/M3/M5/M6 ; date exacte non attestée
outputs/burgers_ablation_screen_v1/controller_slower/m6/seed_00055/summary.json,1972,.json,58e10bb7df5437c5ae399759d73431318df07dad20d51da9817dcdd0b062b05d,V06,preserved,local_commit:656050cae337f96fdab3b47ec862ccae4f1c9601,outputs/burgers_ablation_screen_v1/controller_slower/m6/seed_00055/summary.json,Expériences antérieures M0/M1/M3/M5/M6 ; date exacte non attestée
outputs/burgers_ablation_screen_v1/sampler_slower/m6/seed_00011/checkpoint_0000600.pt,21799,.pt,f11159ce80d5e07fc37f36d9f251dd80417e85f7693cfa856bdffea1659630e3,V06,preserved,local_commit:656050cae337f96fdab3b47ec862ccae4f1c9601,outputs/burgers_ablation_screen_v1/sampler_slower/m6/seed_00011/checkpoint_0000600.pt,Expériences antérieures M0/M1/M3/M5/M6 ; date exacte non attestée
outputs/burgers_ablation_screen_v1/sampler_slower/m6/seed_00011/config.resolved.yaml,1234,.yaml,bb655bd4cd27fb1af8fa05255cbda8896b1d9b8f49bd61a58601e5bb1717babd,V06,preserved,local_commit:656050cae337f96fdab3b47ec862ccae4f1c9601,outputs/burgers_ablation_screen_v1/sampler_slower/m6/seed_00011/config.resolved.yaml,Expériences antérieures M0/M1/M3/M5/M6 ; date exacte non attestée
outputs/burgers_ablation_screen_v1/sampler_slower/m6/seed_00011/environment.json,270,.json,81e8b8ec1f0e36812a60c59a8df82f8463f4b7cdc0f374d41177cd34430c2417,V06,preserved,local_commit:656050cae337f96fdab3b47ec862ccae4f1c9601,outputs/burgers_ablation_screen_v1/sampler_slower/m6/seed_00011/environment.json,Expériences antérieures M0/M1/M3/M5/M6 ; date exacte non attestée
outputs/burgers_ablation_screen_v1/sampler_slower/m6/seed_00011/metrics.csv,10102,.csv,aa24f9a100b94a96e3750c2984c90a8697ccb335a041d896491cf82ace250c7c,V06,preserved,local_commit:656050cae337f96fdab3b47ec862ccae4f1c9601,outputs/burgers_ablation_screen_v1/sampler_slower/m6/seed_00011/metrics.csv,Expériences antérieures M0/M1/M3/M5/M6 ; date exacte non attestée
outputs/burgers_ablation_screen_v1/sampler_slower/m6/seed_00011/model.pt,21105,.pt,0d0effffb8f80a7744e30226eb1589fac8d31b1daf36252751fe95f36e94d5ad,V06,preserved,local_commit:656050cae337f96fdab3b47ec862ccae4f1c9601,outputs/burgers_ablation_screen_v1/sampler_slower/m6/seed_00011/model.pt,Expériences antérieures M0/M1/M3/M5/M6 ; date exacte non attestée
outputs/burgers_ablation_screen_v1/sampler_slower/m6/seed_00011/summary.json,1972,.json,24b658844aa14ed0f0687b4fe331e541e02a72192de4f6c4c4ae22a6c28cd945,V06,preserved,local_commit:656050cae337f96fdab3b47ec862ccae4f1c9601,outputs/burgers_ablation_screen_v1/sampler_slower/m6/seed_00011/summary.json,Expériences antérieures M0/M1/M3/M5/M6 ; date exacte non attestée
outputs/burgers_ablation_screen_v1/sampler_slower/m6/seed_00022/checkpoint_0000600.pt,21799,.pt,68fee4008ac3b94fe52696f7b4def4664bee4d8b3a09eb5db37a3a0351f2b01d,V06,preserved,local_commit:656050cae337f96fdab3b47ec862ccae4f1c9601,outputs/burgers_ablation_screen_v1/sampler_slower/m6/seed_00022/checkpoint_0000600.pt,Expériences antérieures M0/M1/M3/M5/M6 ; date exacte non attestée
outputs/burgers_ablation_screen_v1/sampler_slower/m6/seed_00022/config.resolved.yaml,1234,.yaml,b343099dae04b8153e723d92d564a87333e1ee1b6a02496943652d41d8063650,V06,preserved,local_commit:656050cae337f96fdab3b47ec862ccae4f1c9601,outputs/burgers_ablation_screen_v1/sampler_slower/m6/seed_00022/config.resolved.yaml,Expériences antérieures M0/M1/M3/M5/M6 ; date exacte non attestée
outputs/burgers_ablation_screen_v1/sampler_slower/m6/seed_00022/environment.json,270,.json,81e8b8ec1f0e36812a60c59a8df82f8463f4b7cdc0f374d41177cd34430c2417,V06,preserved,local_commit:656050cae337f96fdab3b47ec862ccae4f1c9601,outputs/burgers_ablation_screen_v1/sampler_slower/m6/seed_00022/environment.json,Expériences antérieures M0/M1/M3/M5/M6 ; date exacte non attestée
outputs/burgers_ablation_screen_v1/sampler_slower/m6/seed_00022/metrics.csv,10089,.csv,ec3b7623ccdb6cbdfbaf89fec0ad956c0bd18b0dd0ea90eb303d6bd10a599e8b,V06,preserved,local_commit:656050cae337f96fdab3b47ec862ccae4f1c9601,outputs/burgers_ablation_screen_v1/sampler_slower/m6/seed_00022/metrics.csv,Expériences antérieures M0/M1/M3/M5/M6 ; date exacte non attestée
outputs/burgers_ablation_screen_v1/sampler_slower/m6/seed_00022/model.pt,21105,.pt,2cfe32f1ffc290e44583996ac2868484cd0a9e811a997f5202624f7dac22f13d,V06,preserved,local_commit:656050cae337f96fdab3b47ec862ccae4f1c9601,outputs/burgers_ablation_screen_v1/sampler_slower/m6/seed_00022/model.pt,Expériences antérieures M0/M1/M3/M5/M6 ; date exacte non attestée
outputs/burgers_ablation_screen_v1/sampler_slower/m6/seed_00022/summary.json,1970,.json,d63a70124018d5517f26ddd805a65a7e46fcedf47f80f3de54a087c38c568f06,V06,preserved,local_commit:656050cae337f96fdab3b47ec862ccae4f1c9601,outputs/burgers_ablation_screen_v1/sampler_slower/m6/seed_00022/summary.json,Expériences antérieures M0/M1/M3/M5/M6 ; date exacte non attestée
outputs/burgers_ablation_screen_v1/sampler_slower/m6/seed_00033/checkpoint_0000600.pt,21799,.pt,354767f1b4583776fd1a56035d3e956a2e4606288c31c69e2592ba35ce0f76ab,V06,preserved,local_commit:656050cae337f96fdab3b47ec862ccae4f1c9601,outputs/burgers_ablation_screen_v1/sampler_slower/m6/seed_00033/checkpoint_0000600.pt,Expériences antérieures M0/M1/M3/M5/M6 ; date exacte non attestée
outputs/burgers_ablation_screen_v1/sampler_slower/m6/seed_00033/config.resolved.yaml,1234,.yaml,ee36a2f2333bd7dbb281e6f0790498170f3a3639104905c8647cf9ce6637bdbf,V06,preserved,local_commit:656050cae337f96fdab3b47ec862ccae4f1c9601,outputs/burgers_ablation_screen_v1/sampler_slower/m6/seed_00033/config.resolved.yaml,Expériences antérieures M0/M1/M3/M5/M6 ; date exacte non attestée
outputs/burgers_ablation_screen_v1/sampler_slower/m6/seed_00033/environment.json,270,.json,81e8b8ec1f0e36812a60c59a8df82f8463f4b7cdc0f374d41177cd34430c2417,V06,preserved,local_commit:656050cae337f96fdab3b47ec862ccae4f1c9601,outputs/burgers_ablation_screen_v1/sampler_slower/m6/seed_00033/environment.json,Expériences antérieures M0/M1/M3/M5/M6 ; date exacte non attestée
outputs/burgers_ablation_screen_v1/sampler_slower/m6/seed_00033/metrics.csv,10101,.csv,6ff5e35477215839b94b338701d2679cc3d0ce02f4d8633c4845f573ebd93889,V06,preserved,local_commit:656050cae337f96fdab3b47ec862ccae4f1c9601,outputs/burgers_ablation_screen_v1/sampler_slower/m6/seed_00033/metrics.csv,Expériences antérieures M0/M1/M3/M5/M6 ; date exacte non attestée
outputs/burgers_ablation_screen_v1/sampler_slower/m6/seed_00033/model.pt,21105,.pt,44c855fa233662e69683e271e175e729ad461bb11355c7371b0b57bea62500df,V06,preserved,local_commit:656050cae337f96fdab3b47ec862ccae4f1c9601,outputs/burgers_ablation_screen_v1/sampler_slower/m6/seed_00033/model.pt,Expériences antérieures M0/M1/M3/M5/M6 ; date exacte non attestée
outputs/burgers_ablation_screen_v1/sampler_slower/m6/seed_00033/summary.json,1974,.json,e90692c7c6cc11750f607622ab1e66e684075ba7ba36663ab302962bafb772d1,V06,preserved,local_commit:656050cae337f96fdab3b47ec862ccae4f1c9601,outputs/burgers_ablation_screen_v1/sampler_slower/m6/seed_00033/summary.json,Expériences antérieures M0/M1/M3/M5/M6 ; date exacte non attestée
outputs/burgers_ablation_screen_v1/sampler_slower/m6/seed_00044/checkpoint_0000600.pt,21799,.pt,7d8e926f12d6242baf677a7e644c6667e11e254b6fe12f9f874e40057aceb20b,V06,preserved,local_commit:656050cae337f96fdab3b47ec862ccae4f1c9601,outputs/burgers_ablation_screen_v1/sampler_slower/m6/seed_00044/checkpoint_0000600.pt,Expériences antérieures M0/M1/M3/M5/M6 ; date exacte non attestée
outputs/burgers_ablation_screen_v1/sampler_slower/m6/seed_00044/config.resolved.yaml,1234,.yaml,ce04b391f367ffa84a8048bcca0ca6b65370797ae2436bd2cb78ab4b744199fb,V06,preserved,local_commit:656050cae337f96fdab3b47ec862ccae4f1c9601,outputs/burgers_ablation_screen_v1/sampler_slower/m6/seed_00044/config.resolved.yaml,Expériences antérieures M0/M1/M3/M5/M6 ; date exacte non attestée
outputs/burgers_ablation_screen_v1/sampler_slower/m6/seed_00044/environment.json,270,.json,81e8b8ec1f0e36812a60c59a8df82f8463f4b7cdc0f374d41177cd34430c2417,V06,preserved,local_commit:656050cae337f96fdab3b47ec862ccae4f1c9601,outputs/burgers_ablation_screen_v1/sampler_slower/m6/seed_00044/environment.json,Expériences antérieures M0/M1/M3/M5/M6 ; date exacte non attestée
outputs/burgers_ablation_screen_v1/sampler_slower/m6/seed_00044/metrics.csv,10092,.csv,15d3fc638857d81d894ab84fb9068102133768a31f148488f4eeaa1095b18ca8,V06,preserved,local_commit:656050cae337f96fdab3b47ec862ccae4f1c9601,outputs/burgers_ablation_screen_v1/sampler_slower/m6/seed_00044/metrics.csv,Expériences antérieures M0/M1/M3/M5/M6 ; date exacte non attestée
outputs/burgers_ablation_screen_v1/sampler_slower/m6/seed_00044/model.pt,21105,.pt,883ec076052b3824dcd95cc436cbb23c972f9392dc8f15f37b2e9ae7e088c94f,V06,preserved,local_commit:656050cae337f96fdab3b47ec862ccae4f1c9601,outputs/burgers_ablation_screen_v1/sampler_slower/m6/seed_00044/model.pt,Expériences antérieures M0/M1/M3/M5/M6 ; date exacte non attestée
outputs/burgers_ablation_screen_v1/sampler_slower/m6/seed_00044/summary.json,1966,.json,4e8f33b68b90ee50959071c48a68d143a8f346b73f1c99e050f770eab8763ae3,V06,preserved,local_commit:656050cae337f96fdab3b47ec862ccae4f1c9601,outputs/burgers_ablation_screen_v1/sampler_slower/m6/seed_00044/summary.json,Expériences antérieures M0/M1/M3/M5/M6 ; date exacte non attestée
outputs/burgers_ablation_screen_v1/sampler_slower/m6/seed_00055/checkpoint_0000600.pt,21799,.pt,79d3430611f63a8a86474f7a96bde8fba220f89e8e81ad2154c104d24fbed2f8,V06,preserved,local_commit:656050cae337f96fdab3b47ec862ccae4f1c9601,outputs/burgers_ablation_screen_v1/sampler_slower/m6/seed_00055/checkpoint_0000600.pt,Expériences antérieures M0/M1/M3/M5/M6 ; date exacte non attestée
outputs/burgers_ablation_screen_v1/sampler_slower/m6/seed_00055/config.resolved.yaml,1234,.yaml,1c8f284a6cf0590a38d3773cff1eba9853f77c1e556d7bbe648480d511152a93,V06,preserved,local_commit:656050cae337f96fdab3b47ec862ccae4f1c9601,outputs/burgers_ablation_screen_v1/sampler_slower/m6/seed_00055/config.resolved.yaml,Expériences antérieures M0/M1/M3/M5/M6 ; date exacte non attestée
outputs/burgers_ablation_screen_v1/sampler_slower/m6/seed_00055/environment.json,270,.json,81e8b8ec1f0e36812a60c59a8df82f8463f4b7cdc0f374d41177cd34430c2417,V06,preserved,local_commit:656050cae337f96fdab3b47ec862ccae4f1c9601,outputs/burgers_ablation_screen_v1/sampler_slower/m6/seed_00055/environment.json,Expériences antérieures M0/M1/M3/M5/M6 ; date exacte non attestée
outputs/burgers_ablation_screen_v1/sampler_slower/m6/seed_00055/metrics.csv,6545,.csv,66ee2ce08461c429e04abb1beb7bf4abb13c9832b2b017ea607c2cb6b0e2843c,V06,preserved,local_commit:656050cae337f96fdab3b47ec862ccae4f1c9601,outputs/burgers_ablation_screen_v1/sampler_slower/m6/seed_00055/metrics.csv,Expériences antérieures M0/M1/M3/M5/M6 ; date exacte non attestée
outputs/burgers_ablation_screen_v1/sampler_slower/m6/seed_00055/model.pt,21105,.pt,b634c9e01bd6e81b9a1374806e3c9d042685b3613301b3a2dda96b93a90da87f,V06,preserved,local_commit:656050cae337f96fdab3b47ec862ccae4f1c9601,outputs/burgers_ablation_screen_v1/sampler_slower/m6/seed_00055/model.pt,Expériences antérieures M0/M1/M3/M5/M6 ; date exacte non attestée
outputs/burgers_ablation_screen_v1/sampler_slower/m6/seed_00055/summary.json,1971,.json,b8edeeda084b2176fd255c98c943236a5b3aca07b1fb2c62c0c4f813fec07c83,V06,preserved,local_commit:656050cae337f96fdab3b47ec862ccae4f1c9601,outputs/burgers_ablation_screen_v1/sampler_slower/m6/seed_00055/summary.json,Expériences antérieures M0/M1/M3/M5/M6 ; date exacte non attestée
outputs/burgers_ablation_screen_v1/without_bounds/m6/seed_00011/checkpoint_0000600.pt,21799,.pt,c3b36c17baef39cc6506f77bb462fdbcfefb3b5dcb0f0330219fbc17124c5cf1,V06,preserved,local_commit:656050cae337f96fdab3b47ec862ccae4f1c9601,outputs/burgers_ablation_screen_v1/without_bounds/m6/seed_00011/checkpoint_0000600.pt,Expériences antérieures M0/M1/M3/M5/M6 ; date exacte non attestée
outputs/burgers_ablation_screen_v1/without_bounds/m6/seed_00011/config.resolved.yaml,1233,.yaml,ed14d561223ec8403bb7ff875c5469f0a08e6d02b251c6461877bcbc0b64fdd1,V06,preserved,local_commit:656050cae337f96fdab3b47ec862ccae4f1c9601,outputs/burgers_ablation_screen_v1/without_bounds/m6/seed_00011/config.resolved.yaml,Expériences antérieures M0/M1/M3/M5/M6 ; date exacte non attestée
outputs/burgers_ablation_screen_v1/without_bounds/m6/seed_00011/environment.json,270,.json,81e8b8ec1f0e36812a60c59a8df82f8463f4b7cdc0f374d41177cd34430c2417,V06,preserved,local_commit:656050cae337f96fdab3b47ec862ccae4f1c9601,outputs/burgers_ablation_screen_v1/without_bounds/m6/seed_00011/environment.json,Expériences antérieures M0/M1/M3/M5/M6 ; date exacte non attestée
outputs/burgers_ablation_screen_v1/without_bounds/m6/seed_00011/metrics.csv,10150,.csv,cc9c4ca67adc25fe896901b3a5f870d2b77e2ba4b577e5012d0c6e91aac7fee4,V06,preserved,local_commit:656050cae337f96fdab3b47ec862ccae4f1c9601,outputs/burgers_ablation_screen_v1/without_bounds/m6/seed_00011/metrics.csv,Expériences antérieures M0/M1/M3/M5/M6 ; date exacte non attestée
outputs/burgers_ablation_screen_v1/without_bounds/m6/seed_00011/model.pt,21105,.pt,6b3a03869dab391849d2eaac40fbd412f69ed5a12175868a7f43dcf392100324,V06,preserved,local_commit:656050cae337f96fdab3b47ec862ccae4f1c9601,outputs/burgers_ablation_screen_v1/without_bounds/m6/seed_00011/model.pt,Expériences antérieures M0/M1/M3/M5/M6 ; date exacte non attestée
outputs/burgers_ablation_screen_v1/without_bounds/m6/seed_00011/summary.json,1973,.json,f44f09361c24f129cd32222b02fefb08976ac91c66ca3e59573e3f8eae65e821,V06,preserved,local_commit:656050cae337f96fdab3b47ec862ccae4f1c9601,outputs/burgers_ablation_screen_v1/without_bounds/m6/seed_00011/summary.json,Expériences antérieures M0/M1/M3/M5/M6 ; date exacte non attestée
outputs/burgers_ablation_screen_v1/without_bounds/m6/seed_00022/checkpoint_0000600.pt,21799,.pt,c20b6e727bc4621176d69faa1b00738d6c72e5d8fcaff36bf3604939bcc009f5,V06,preserved,local_commit:656050cae337f96fdab3b47ec862ccae4f1c9601,outputs/burgers_ablation_screen_v1/without_bounds/m6/seed_00022/checkpoint_0000600.pt,Expériences antérieures M0/M1/M3/M5/M6 ; date exacte non attestée
outputs/burgers_ablation_screen_v1/without_bounds/m6/seed_00022/config.resolved.yaml,1233,.yaml,b7da6e25ed35e337d1e9afe0b58359275824f30d0cf4d8ab5cca8a980eec5f9c,V06,preserved,local_commit:656050cae337f96fdab3b47ec862ccae4f1c9601,outputs/burgers_ablation_screen_v1/without_bounds/m6/seed_00022/config.resolved.yaml,Expériences antérieures M0/M1/M3/M5/M6 ; date exacte non attestée
outputs/burgers_ablation_screen_v1/without_bounds/m6/seed_00022/environment.json,270,.json,81e8b8ec1f0e36812a60c59a8df82f8463f4b7cdc0f374d41177cd34430c2417,V06,preserved,local_commit:656050cae337f96fdab3b47ec862ccae4f1c9601,outputs/burgers_ablation_screen_v1/without_bounds/m6/seed_00022/environment.json,Expériences antérieures M0/M1/M3/M5/M6 ; date exacte non attestée
outputs/burgers_ablation_screen_v1/without_bounds/m6/seed_00022/metrics.csv,10141,.csv,0309d2dc74966f77c9571c9026744b6292ad8e38dc75f8d8d8ce4d007bc4f9fc,V06,preserved,local_commit:656050cae337f96fdab3b47ec862ccae4f1c9601,outputs/burgers_ablation_screen_v1/without_bounds/m6/seed_00022/metrics.csv,Expériences antérieures M0/M1/M3/M5/M6 ; date exacte non attestée
outputs/burgers_ablation_screen_v1/without_bounds/m6/seed_00022/model.pt,21105,.pt,e9f046effac6cd973b67c7d83bbd0483d7ed1590697276ba1423227f946b41c8,V06,preserved,local_commit:656050cae337f96fdab3b47ec862ccae4f1c9601,outputs/burgers_ablation_screen_v1/without_bounds/m6/seed_00022/model.pt,Expériences antérieures M0/M1/M3/M5/M6 ; date exacte non attestée
outputs/burgers_ablation_screen_v1/without_bounds/m6/seed_00022/summary.json,1972,.json,cfe7cd21a698f0b080fdfebf52879fd3195d8d309c705c9c248c75f63d848a7f,V06,preserved,local_commit:656050cae337f96fdab3b47ec862ccae4f1c9601,outputs/burgers_ablation_screen_v1/without_bounds/m6/seed_00022/summary.json,Expériences antérieures M0/M1/M3/M5/M6 ; date exacte non attestée
outputs/burgers_ablation_screen_v1/without_bounds/m6/seed_00033/checkpoint_0000600.pt,21799,.pt,7c3b8affd04d5aaaa9f0a69d3d4d33c7dbf393e96052ba7e472764bec3613a34,V06,preserved,local_commit:656050cae337f96fdab3b47ec862ccae4f1c9601,outputs/burgers_ablation_screen_v1/without_bounds/m6/seed_00033/checkpoint_0000600.pt,Expériences antérieures M0/M1/M3/M5/M6 ; date exacte non attestée
outputs/burgers_ablation_screen_v1/without_bounds/m6/seed_00033/config.resolved.yaml,1233,.yaml,4b14b8839224e9bb4077533215d08310db169e826ec1ec16b332dad6a1a049ef,V06,preserved,local_commit:656050cae337f96fdab3b47ec862ccae4f1c9601,outputs/burgers_ablation_screen_v1/without_bounds/m6/seed_00033/config.resolved.yaml,Expériences antérieures M0/M1/M3/M5/M6 ; date exacte non attestée
outputs/burgers_ablation_screen_v1/without_bounds/m6/seed_00033/environment.json,270,.json,81e8b8ec1f0e36812a60c59a8df82f8463f4b7cdc0f374d41177cd34430c2417,V06,preserved,local_commit:656050cae337f96fdab3b47ec862ccae4f1c9601,outputs/burgers_ablation_screen_v1/without_bounds/m6/seed_00033/environment.json,Expériences antérieures M0/M1/M3/M5/M6 ; date exacte non attestée
outputs/burgers_ablation_screen_v1/without_bounds/m6/seed_00033/metrics.csv,10158,.csv,705f5b640e68df993b1c363db15c0cda5d0604a875bd0dd3a51bf6f0371af261,V06,preserved,local_commit:656050cae337f96fdab3b47ec862ccae4f1c9601,outputs/burgers_ablation_screen_v1/without_bounds/m6/seed_00033/metrics.csv,Expériences antérieures M0/M1/M3/M5/M6 ; date exacte non attestée
outputs/burgers_ablation_screen_v1/without_bounds/m6/seed_00033/model.pt,21105,.pt,4a5051a8b52c980a8a462b6f41aea41ad60130e6f44946845f0e3ec635d836db,V06,preserved,local_commit:656050cae337f96fdab3b47ec862ccae4f1c9601,outputs/burgers_ablation_screen_v1/without_bounds/m6/seed_00033/model.pt,Expériences antérieures M0/M1/M3/M5/M6 ; date exacte non attestée
outputs/burgers_ablation_screen_v1/without_bounds/m6/seed_00033/summary.json,1969,.json,d39b169e6a2bb3b8c59667a2cc9ff260f8a917261989cb7f1a488a26ffbb1612,V06,preserved,local_commit:656050cae337f96fdab3b47ec862ccae4f1c9601,outputs/burgers_ablation_screen_v1/without_bounds/m6/seed_00033/summary.json,Expériences antérieures M0/M1/M3/M5/M6 ; date exacte non attestée
outputs/burgers_ablation_screen_v1/without_bounds/m6/seed_00044/checkpoint_0000600.pt,21799,.pt,321087ba64c10e4e2b6f1ac14f45bd8a7e846961f14f4b89ae5e7560e8496f3a,V06,preserved,local_commit:656050cae337f96fdab3b47ec862ccae4f1c9601,outputs/burgers_ablation_screen_v1/without_bounds/m6/seed_00044/checkpoint_0000600.pt,Expériences antérieures M0/M1/M3/M5/M6 ; date exacte non attestée
outputs/burgers_ablation_screen_v1/without_bounds/m6/seed_00044/config.resolved.yaml,1233,.yaml,eff8a167fa58c4d4e693a29d34543051667b30399f51aed09c8016631e4488db,V06,preserved,local_commit:656050cae337f96fdab3b47ec862ccae4f1c9601,outputs/burgers_ablation_screen_v1/without_bounds/m6/seed_00044/config.resolved.yaml,Expériences antérieures M0/M1/M3/M5/M6 ; date exacte non attestée
outputs/burgers_ablation_screen_v1/without_bounds/m6/seed_00044/environment.json,270,.json,81e8b8ec1f0e36812a60c59a8df82f8463f4b7cdc0f374d41177cd34430c2417,V06,preserved,local_commit:656050cae337f96fdab3b47ec862ccae4f1c9601,outputs/burgers_ablation_screen_v1/without_bounds/m6/seed_00044/environment.json,Expériences antérieures M0/M1/M3/M5/M6 ; date exacte non attestée
outputs/burgers_ablation_screen_v1/without_bounds/m6/seed_00044/metrics.csv,10170,.csv,bd5b740f94d991b5c251b50bc9f810fcf0e62fcac82222032be1c86579fd44c7,V06,preserved,local_commit:656050cae337f96fdab3b47ec862ccae4f1c9601,outputs/burgers_ablation_screen_v1/without_bounds/m6/seed_00044/metrics.csv,Expériences antérieures M0/M1/M3/M5/M6 ; date exacte non attestée
outputs/burgers_ablation_screen_v1/without_bounds/m6/seed_00044/model.pt,21105,.pt,e278f23398e4639f0cc91117aa726c980dd69da99fb842b6b2debc663dcd0dce,V06,preserved,local_commit:656050cae337f96fdab3b47ec862ccae4f1c9601,outputs/burgers_ablation_screen_v1/without_bounds/m6/seed_00044/model.pt,Expériences antérieures M0/M1/M3/M5/M6 ; date exacte non attestée
outputs/burgers_ablation_screen_v1/without_bounds/m6/seed_00044/summary.json,1970,.json,ab12b32e4f97eebc0ec3e580978733b62a85941fe5f29d101599c2430d639721,V06,preserved,local_commit:656050cae337f96fdab3b47ec862ccae4f1c9601,outputs/burgers_ablation_screen_v1/without_bounds/m6/seed_00044/summary.json,Expériences antérieures M0/M1/M3/M5/M6 ; date exacte non attestée
outputs/burgers_ablation_screen_v1/without_bounds/m6/seed_00055/checkpoint_0000600.pt,21799,.pt,82bb09c0619feb83ad833afd70644532d122f9cf773d542330268d0ff159da9d,V06,preserved,local_commit:656050cae337f96fdab3b47ec862ccae4f1c9601,outputs/burgers_ablation_screen_v1/without_bounds/m6/seed_00055/checkpoint_0000600.pt,Expériences antérieures M0/M1/M3/M5/M6 ; date exacte non attestée
outputs/burgers_ablation_screen_v1/without_bounds/m6/seed_00055/config.resolved.yaml,1233,.yaml,7847d45a7e67b903ce81e86b1a70c4359820112ece8733298e9f01be22e52a98,V06,preserved,local_commit:656050cae337f96fdab3b47ec862ccae4f1c9601,outputs/burgers_ablation_screen_v1/without_bounds/m6/seed_00055/config.resolved.yaml,Expériences antérieures M0/M1/M3/M5/M6 ; date exacte non attestée
outputs/burgers_ablation_screen_v1/without_bounds/m6/seed_00055/environment.json,270,.json,81e8b8ec1f0e36812a60c59a8df82f8463f4b7cdc0f374d41177cd34430c2417,V06,preserved,local_commit:656050cae337f96fdab3b47ec862ccae4f1c9601,outputs/burgers_ablation_screen_v1/without_bounds/m6/seed_00055/environment.json,Expériences antérieures M0/M1/M3/M5/M6 ; date exacte non attestée
outputs/burgers_ablation_screen_v1/without_bounds/m6/seed_00055/metrics.csv,10164,.csv,1532d4b20c4ef0cf3bef61fd44201165146489f8afa02ffc19cde6788f2f0a83,V06,preserved,local_commit:656050cae337f96fdab3b47ec862ccae4f1c9601,outputs/burgers_ablation_screen_v1/without_bounds/m6/seed_00055/metrics.csv,Expériences antérieures M0/M1/M3/M5/M6 ; date exacte non attestée
outputs/burgers_ablation_screen_v1/without_bounds/m6/seed_00055/model.pt,21105,.pt,18749336d894825151c0190491eae781d51c123d6cc20eabdeb0ec72ba05fd2f,V06,preserved,local_commit:656050cae337f96fdab3b47ec862ccae4f1c9601,outputs/burgers_ablation_screen_v1/without_bounds/m6/seed_00055/model.pt,Expériences antérieures M0/M1/M3/M5/M6 ; date exacte non attestée
outputs/burgers_ablation_screen_v1/without_bounds/m6/seed_00055/summary.json,1970,.json,7bbedeef3e4c4fa87abced2075c4d5820bfb9bf27f9bead23df0e2c0e517071e,V06,preserved,local_commit:656050cae337f96fdab3b47ec862ccae4f1c9601,outputs/burgers_ablation_screen_v1/without_bounds/m6/seed_00055/summary.json,Expériences antérieures M0/M1/M3/M5/M6 ; date exacte non attestée
outputs/burgers_ablation_screen_v1/without_smoothing/m6/seed_00011/checkpoint_0000600.pt,21799,.pt,7e02c3998f11a5eb6506f36ea5f4b16d13da9f3a404e7e117f161e57b9e0d7ed,V06,preserved,local_commit:656050cae337f96fdab3b47ec862ccae4f1c9601,outputs/burgers_ablation_screen_v1/without_smoothing/m6/seed_00011/checkpoint_0000600.pt,Expériences antérieures M0/M1/M3/M5/M6 ; date exacte non attestée
outputs/burgers_ablation_screen_v1/without_smoothing/m6/seed_00011/config.resolved.yaml,1236,.yaml,96543b9077b894c63620bbdfec61fe3711bc8ed09dca21134699c0af5d26f357,V06,preserved,local_commit:656050cae337f96fdab3b47ec862ccae4f1c9601,outputs/burgers_ablation_screen_v1/without_smoothing/m6/seed_00011/config.resolved.yaml,Expériences antérieures M0/M1/M3/M5/M6 ; date exacte non attestée
outputs/burgers_ablation_screen_v1/without_smoothing/m6/seed_00011/environment.json,270,.json,81e8b8ec1f0e36812a60c59a8df82f8463f4b7cdc0f374d41177cd34430c2417,V06,preserved,local_commit:656050cae337f96fdab3b47ec862ccae4f1c9601,outputs/burgers_ablation_screen_v1/without_smoothing/m6/seed_00011/environment.json,Expériences antérieures M0/M1/M3/M5/M6 ; date exacte non attestée
outputs/burgers_ablation_screen_v1/without_smoothing/m6/seed_00011/metrics.csv,10114,.csv,640b2e3db3b6f391ee8248ded0885154a71c2b1bf3c544942747b880f5311ddf,V06,preserved,local_commit:656050cae337f96fdab3b47ec862ccae4f1c9601,outputs/burgers_ablation_screen_v1/without_smoothing/m6/seed_00011/metrics.csv,Expériences antérieures M0/M1/M3/M5/M6 ; date exacte non attestée
outputs/burgers_ablation_screen_v1/without_smoothing/m6/seed_00011/model.pt,21105,.pt,ccde1bd8e04811f8adcfaf394035c02cac4703ff9620d116a1f51b21d67afaaa,V06,preserved,local_commit:656050cae337f96fdab3b47ec862ccae4f1c9601,outputs/burgers_ablation_screen_v1/without_smoothing/m6/seed_00011/model.pt,Expériences antérieures M0/M1/M3/M5/M6 ; date exacte non attestée
outputs/burgers_ablation_screen_v1/without_smoothing/m6/seed_00011/summary.json,1977,.json,3bf2769c45da45b338c2367ea8cc74778cc8c36c669cb491131d8ebf7aa43e70,V06,preserved,local_commit:656050cae337f96fdab3b47ec862ccae4f1c9601,outputs/burgers_ablation_screen_v1/without_smoothing/m6/seed_00011/summary.json,Expériences antérieures M0/M1/M3/M5/M6 ; date exacte non attestée
outputs/burgers_ablation_screen_v1/without_smoothing/m6/seed_00022/checkpoint_0000600.pt,21799,.pt,70fa8b4d7c12746d8f0a92902c62517b88373f346f89d5645de0db8ac9f81e28,V06,preserved,local_commit:656050cae337f96fdab3b47ec862ccae4f1c9601,outputs/burgers_ablation_screen_v1/without_smoothing/m6/seed_00022/checkpoint_0000600.pt,Expériences antérieures M0/M1/M3/M5/M6 ; date exacte non attestée
outputs/burgers_ablation_screen_v1/without_smoothing/m6/seed_00022/config.resolved.yaml,1236,.yaml,b83970a462a10a706ff36d2255afef69ee8389e34c51a5c5fde9a9ab4dfbabf8,V06,preserved,local_commit:656050cae337f96fdab3b47ec862ccae4f1c9601,outputs/burgers_ablation_screen_v1/without_smoothing/m6/seed_00022/config.resolved.yaml,Expériences antérieures M0/M1/M3/M5/M6 ; date exacte non attestée
outputs/burgers_ablation_screen_v1/without_smoothing/m6/seed_00022/environment.json,270,.json,81e8b8ec1f0e36812a60c59a8df82f8463f4b7cdc0f374d41177cd34430c2417,V06,preserved,local_commit:656050cae337f96fdab3b47ec862ccae4f1c9601,outputs/burgers_ablation_screen_v1/without_smoothing/m6/seed_00022/environment.json,Expériences antérieures M0/M1/M3/M5/M6 ; date exacte non attestée
outputs/burgers_ablation_screen_v1/without_smoothing/m6/seed_00022/metrics.csv,10154,.csv,5331a99219c42801a962a8156ea3beb720ac43ea33998bf0cecd85f91b7d9a1f,V06,preserved,local_commit:656050cae337f96fdab3b47ec862ccae4f1c9601,outputs/burgers_ablation_screen_v1/without_smoothing/m6/seed_00022/metrics.csv,Expériences antérieures M0/M1/M3/M5/M6 ; date exacte non attestée
outputs/burgers_ablation_screen_v1/without_smoothing/m6/seed_00022/model.pt,21105,.pt,f93370d2ce982829dbb75edfb1ed8c4824e4442c2edcfb04887f5f86a82d87fe,V06,preserved,local_commit:656050cae337f96fdab3b47ec862ccae4f1c9601,outputs/burgers_ablation_screen_v1/without_smoothing/m6/seed_00022/model.pt,Expériences antérieures M0/M1/M3/M5/M6 ; date exacte non attestée
outputs/burgers_ablation_screen_v1/without_smoothing/m6/seed_00022/summary.json,1971,.json,967c91c6cd83c00e172a522d82c783d943814f697c7789f45154f15285bb0cea,V06,preserved,local_commit:656050cae337f96fdab3b47ec862ccae4f1c9601,outputs/burgers_ablation_screen_v1/without_smoothing/m6/seed_00022/summary.json,Expériences antérieures M0/M1/M3/M5/M6 ; date exacte non attestée
outputs/burgers_ablation_screen_v1/without_smoothing/m6/seed_00033/checkpoint_0000600.pt,21799,.pt,33a5048d73a47f6b413e0fd87dc5f4a3b02278428d0d4f984e2306f8c460a4de,V06,preserved,local_commit:656050cae337f96fdab3b47ec862ccae4f1c9601,outputs/burgers_ablation_screen_v1/without_smoothing/m6/seed_00033/checkpoint_0000600.pt,Expériences antérieures M0/M1/M3/M5/M6 ; date exacte non attestée
outputs/burgers_ablation_screen_v1/without_smoothing/m6/seed_00033/config.resolved.yaml,1236,.yaml,6043659768737ba70b6e724fa00c7bf763479a5d8ddf8aad2a25f4a048879c95,V06,preserved,local_commit:656050cae337f96fdab3b47ec862ccae4f1c9601,outputs/burgers_ablation_screen_v1/without_smoothing/m6/seed_00033/config.resolved.yaml,Expériences antérieures M0/M1/M3/M5/M6 ; date exacte non attestée
outputs/burgers_ablation_screen_v1/without_smoothing/m6/seed_00033/environment.json,270,.json,81e8b8ec1f0e36812a60c59a8df82f8463f4b7cdc0f374d41177cd34430c2417,V06,preserved,local_commit:656050cae337f96fdab3b47ec862ccae4f1c9601,outputs/burgers_ablation_screen_v1/without_smoothing/m6/seed_00033/environment.json,Expériences antérieures M0/M1/M3/M5/M6 ; date exacte non attestée
outputs/burgers_ablation_screen_v1/without_smoothing/m6/seed_00033/metrics.csv,10265,.csv,fec664254574bbb24827eac530a934fca71d6ddd811a0a742fade4ae41f0bdcb,V06,preserved,local_commit:656050cae337f96fdab3b47ec862ccae4f1c9601,outputs/burgers_ablation_screen_v1/without_smoothing/m6/seed_00033/metrics.csv,Expériences antérieures M0/M1/M3/M5/M6 ; date exacte non attestée
outputs/burgers_ablation_screen_v1/without_smoothing/m6/seed_00033/model.pt,21105,.pt,90fe521815ae2409e4fb94d09e5b5a08db3da83773c5b1fd0c6f493e8c89fc7e,V06,preserved,local_commit:656050cae337f96fdab3b47ec862ccae4f1c9601,outputs/burgers_ablation_screen_v1/without_smoothing/m6/seed_00033/model.pt,Expériences antérieures M0/M1/M3/M5/M6 ; date exacte non attestée
outputs/burgers_ablation_screen_v1/without_smoothing/m6/seed_00033/summary.json,1978,.json,4fdb5da0fd9780af590c6c632c04f52b7029b0cea8b03ac1d2fecd175db93665,V06,preserved,local_commit:656050cae337f96fdab3b47ec862ccae4f1c9601,outputs/burgers_ablation_screen_v1/without_smoothing/m6/seed_00033/summary.json,Expériences antérieures M0/M1/M3/M5/M6 ; date exacte non attestée
outputs/burgers_ablation_screen_v1/without_smoothing/m6/seed_00044/checkpoint_0000600.pt,21799,.pt,76c9a6f69c2c6dcdc54321e5f6dfefb0ccae1905f5841eb6313fd5c9d8ad772d,V06,preserved,local_commit:656050cae337f96fdab3b47ec862ccae4f1c9601,outputs/burgers_ablation_screen_v1/without_smoothing/m6/seed_00044/checkpoint_0000600.pt,Expériences antérieures M0/M1/M3/M5/M6 ; date exacte non attestée
outputs/burgers_ablation_screen_v1/without_smoothing/m6/seed_00044/config.resolved.yaml,1236,.yaml,7096d261dd1e274ab5df1ed56826a6f0977038b9de186009cb0bdd48c0cc5d77,V06,preserved,local_commit:656050cae337f96fdab3b47ec862ccae4f1c9601,outputs/burgers_ablation_screen_v1/without_smoothing/m6/seed_00044/config.resolved.yaml,Expériences antérieures M0/M1/M3/M5/M6 ; date exacte non attestée
outputs/burgers_ablation_screen_v1/without_smoothing/m6/seed_00044/environment.json,270,.json,81e8b8ec1f0e36812a60c59a8df82f8463f4b7cdc0f374d41177cd34430c2417,V06,preserved,local_commit:656050cae337f96fdab3b47ec862ccae4f1c9601,outputs/burgers_ablation_screen_v1/without_smoothing/m6/seed_00044/environment.json,Expériences antérieures M0/M1/M3/M5/M6 ; date exacte non attestée
outputs/burgers_ablation_screen_v1/without_smoothing/m6/seed_00044/metrics.csv,10204,.csv,c59a2b9ebc8430b034dc884d96e0faedbfdd411f2e6c98655e19002da7d7c762,V06,preserved,local_commit:656050cae337f96fdab3b47ec862ccae4f1c9601,outputs/burgers_ablation_screen_v1/without_smoothing/m6/seed_00044/metrics.csv,Expériences antérieures M0/M1/M3/M5/M6 ; date exacte non attestée
outputs/burgers_ablation_screen_v1/without_smoothing/m6/seed_00044/model.pt,21105,.pt,22457c38905b0725f61d17b5bae1b9482651a0179f85979e90c8c5d938565d41,V06,preserved,local_commit:656050cae337f96fdab3b47ec862ccae4f1c9601,outputs/burgers_ablation_screen_v1/without_smoothing/m6/seed_00044/model.pt,Expériences antérieures M0/M1/M3/M5/M6 ; date exacte non attestée
outputs/burgers_ablation_screen_v1/without_smoothing/m6/seed_00044/summary.json,1977,.json,83cc2ddcc8b8ad8a9ab7a80aa6ecff397f5e3ead6dcfe6b9b4103e1615249261,V06,preserved,local_commit:656050cae337f96fdab3b47ec862ccae4f1c9601,outputs/burgers_ablation_screen_v1/without_smoothing/m6/seed_00044/summary.json,Expériences antérieures M0/M1/M3/M5/M6 ; date exacte non attestée
outputs/burgers_ablation_screen_v1/without_smoothing/m6/seed_00055/checkpoint_0000600.pt,21799,.pt,62b5f3955e2a28cee2f4391e10c7adcd25d029e01921cec328f048859303f792,V06,preserved,local_commit:656050cae337f96fdab3b47ec862ccae4f1c9601,outputs/burgers_ablation_screen_v1/without_smoothing/m6/seed_00055/checkpoint_0000600.pt,Expériences antérieures M0/M1/M3/M5/M6 ; date exacte non attestée
outputs/burgers_ablation_screen_v1/without_smoothing/m6/seed_00055/config.resolved.yaml,1236,.yaml,6ea12f2cb0af24e7b914141eb893f2a7609a2c536208d17f7747fea7c5249446,V06,preserved,local_commit:656050cae337f96fdab3b47ec862ccae4f1c9601,outputs/burgers_ablation_screen_v1/without_smoothing/m6/seed_00055/config.resolved.yaml,Expériences antérieures M0/M1/M3/M5/M6 ; date exacte non attestée
outputs/burgers_ablation_screen_v1/without_smoothing/m6/seed_00055/environment.json,270,.json,81e8b8ec1f0e36812a60c59a8df82f8463f4b7cdc0f374d41177cd34430c2417,V06,preserved,local_commit:656050cae337f96fdab3b47ec862ccae4f1c9601,outputs/burgers_ablation_screen_v1/without_smoothing/m6/seed_00055/environment.json,Expériences antérieures M0/M1/M3/M5/M6 ; date exacte non attestée
outputs/burgers_ablation_screen_v1/without_smoothing/m6/seed_00055/metrics.csv,10219,.csv,f12c59e56552aafcce1cd2a61bc255718001ea410c023071af53ac9ed00f0ef6,V06,preserved,local_commit:656050cae337f96fdab3b47ec862ccae4f1c9601,outputs/burgers_ablation_screen_v1/without_smoothing/m6/seed_00055/metrics.csv,Expériences antérieures M0/M1/M3/M5/M6 ; date exacte non attestée
outputs/burgers_ablation_screen_v1/without_smoothing/m6/seed_00055/model.pt,21105,.pt,d9c26bddabb46ba548db59d25b3fb5f50f98302bd56d95d91b3d604f1ad1d0d7,V06,preserved,local_commit:656050cae337f96fdab3b47ec862ccae4f1c9601,outputs/burgers_ablation_screen_v1/without_smoothing/m6/seed_00055/model.pt,Expériences antérieures M0/M1/M3/M5/M6 ; date exacte non attestée
outputs/burgers_ablation_screen_v1/without_smoothing/m6/seed_00055/summary.json,1974,.json,7d7cca00372fbc82fe724cf3226880d1b6e28877c86728fdf0bdce3fee80e110,V06,preserved,local_commit:656050cae337f96fdab3b47ec862ccae4f1c9601,outputs/burgers_ablation_screen_v1/without_smoothing/m6/seed_00055/summary.json,Expériences antérieures M0/M1/M3/M5/M6 ; date exacte non attestée
outputs/burgers_ablation_screen_v1/without_uniform_floor/m6/seed_00011/checkpoint_0000600.pt,21799,.pt,840adb9b4cfc3610dd79058b0ac95b77594dce55fff7405ab6f807582cd31333,V06,preserved,local_commit:656050cae337f96fdab3b47ec862ccae4f1c9601,outputs/burgers_ablation_screen_v1/without_uniform_floor/m6/seed_00011/checkpoint_0000600.pt,Expériences antérieures M0/M1/M3/M5/M6 ; date exacte non attestée
outputs/burgers_ablation_screen_v1/without_uniform_floor/m6/seed_00011/config.resolved.yaml,1240,.yaml,53653b1f3f2596fd9adda103b36954a28dd45425ae8c574de069d1291ed3d063,V06,preserved,local_commit:656050cae337f96fdab3b47ec862ccae4f1c9601,outputs/burgers_ablation_screen_v1/without_uniform_floor/m6/seed_00011/config.resolved.yaml,Expériences antérieures M0/M1/M3/M5/M6 ; date exacte non attestée
outputs/burgers_ablation_screen_v1/without_uniform_floor/m6/seed_00011/environment.json,270,.json,81e8b8ec1f0e36812a60c59a8df82f8463f4b7cdc0f374d41177cd34430c2417,V06,preserved,local_commit:656050cae337f96fdab3b47ec862ccae4f1c9601,outputs/burgers_ablation_screen_v1/without_uniform_floor/m6/seed_00011/environment.json,Expériences antérieures M0/M1/M3/M5/M6 ; date exacte non attestée
outputs/burgers_ablation_screen_v1/without_uniform_floor/m6/seed_00011/metrics.csv,10149,.csv,4ae73ddb9358a1d61da5c3ebbb58f542d9b67de56bdcc3679d3a1d3d9a619838,V06,preserved,local_commit:656050cae337f96fdab3b47ec862ccae4f1c9601,outputs/burgers_ablation_screen_v1/without_uniform_floor/m6/seed_00011/metrics.csv,Expériences antérieures M0/M1/M3/M5/M6 ; date exacte non attestée
outputs/burgers_ablation_screen_v1/without_uniform_floor/m6/seed_00011/model.pt,21105,.pt,758d938d4d87d2df6fb692e2ff756a52cc7ecd84181ec29c7b3b9a5526762a91,V06,preserved,local_commit:656050cae337f96fdab3b47ec862ccae4f1c9601,outputs/burgers_ablation_screen_v1/without_uniform_floor/m6/seed_00011/model.pt,Expériences antérieures M0/M1/M3/M5/M6 ; date exacte non attestée
outputs/burgers_ablation_screen_v1/without_uniform_floor/m6/seed_00011/summary.json,1978,.json,a1ea90859abf5f5b6620689575b215a671cee14e28ffb9d2b0e0633775f4f58f,V06,preserved,local_commit:656050cae337f96fdab3b47ec862ccae4f1c9601,outputs/burgers_ablation_screen_v1/without_uniform_floor/m6/seed_00011/summary.json,Expériences antérieures M0/M1/M3/M5/M6 ; date exacte non attestée
outputs/burgers_ablation_screen_v1/without_uniform_floor/m6/seed_00022/checkpoint_0000600.pt,21799,.pt,12ab46a23ea89cfa3901a9adb5663e5a8e78e67c9c3e1ae4583ece139e4686d0,V06,preserved,local_commit:656050cae337f96fdab3b47ec862ccae4f1c9601,outputs/burgers_ablation_screen_v1/without_uniform_floor/m6/seed_00022/checkpoint_0000600.pt,Expériences antérieures M0/M1/M3/M5/M6 ; date exacte non attestée
outputs/burgers_ablation_screen_v1/without_uniform_floor/m6/seed_00022/config.resolved.yaml,1240,.yaml,68551e02be0ed903c508d22b7e28e812f3d5bef92faa3e56b4bea0069f70e0a9,V06,preserved,local_commit:656050cae337f96fdab3b47ec862ccae4f1c9601,outputs/burgers_ablation_screen_v1/without_uniform_floor/m6/seed_00022/config.resolved.yaml,Expériences antérieures M0/M1/M3/M5/M6 ; date exacte non attestée
outputs/burgers_ablation_screen_v1/without_uniform_floor/m6/seed_00022/environment.json,270,.json,81e8b8ec1f0e36812a60c59a8df82f8463f4b7cdc0f374d41177cd34430c2417,V06,preserved,local_commit:656050cae337f96fdab3b47ec862ccae4f1c9601,outputs/burgers_ablation_screen_v1/without_uniform_floor/m6/seed_00022/environment.json,Expériences antérieures M0/M1/M3/M5/M6 ; date exacte non attestée
outputs/burgers_ablation_screen_v1/without_uniform_floor/m6/seed_00022/metrics.csv,10136,.csv,cdaf1e9808f38884922d7f7214d9572f0ec70452acc3c355a1c17b4c1e4951b2,V06,preserved,local_commit:656050cae337f96fdab3b47ec862ccae4f1c9601,outputs/burgers_ablation_screen_v1/without_uniform_floor/m6/seed_00022/metrics.csv,Expériences antérieures M0/M1/M3/M5/M6 ; date exacte non attestée
outputs/burgers_ablation_screen_v1/without_uniform_floor/m6/seed_00022/model.pt,21105,.pt,7bf2c91671385d551be49632ccc5966e39c451de41280aa37694ce308fff263c,V06,preserved,local_commit:656050cae337f96fdab3b47ec862ccae4f1c9601,outputs/burgers_ablation_screen_v1/without_uniform_floor/m6/seed_00022/model.pt,Expériences antérieures M0/M1/M3/M5/M6 ; date exacte non attestée
outputs/burgers_ablation_screen_v1/without_uniform_floor/m6/seed_00022/summary.json,1976,.json,310d33dc5e3b644cbfcaa7464d385ef52ea471ca3067a141dcacaca7d2fbaf19,V06,preserved,local_commit:656050cae337f96fdab3b47ec862ccae4f1c9601,outputs/burgers_ablation_screen_v1/without_uniform_floor/m6/seed_00022/summary.json,Expériences antérieures M0/M1/M3/M5/M6 ; date exacte non attestée
outputs/burgers_ablation_screen_v1/without_uniform_floor/m6/seed_00033/checkpoint_0000600.pt,21799,.pt,9b336e72e3c5c3d11fc94813da664cacc1e7d6fa3dc2612902370d4bc539d132,V06,preserved,local_commit:656050cae337f96fdab3b47ec862ccae4f1c9601,outputs/burgers_ablation_screen_v1/without_uniform_floor/m6/seed_00033/checkpoint_0000600.pt,Expériences antérieures M0/M1/M3/M5/M6 ; date exacte non attestée
outputs/burgers_ablation_screen_v1/without_uniform_floor/m6/seed_00033/config.resolved.yaml,1240,.yaml,2c8f4ba6bfedc70ef6b5feaa3da9cfb5f441d4537b0ebbab5b044fbf704bbe34,V06,preserved,local_commit:656050cae337f96fdab3b47ec862ccae4f1c9601,outputs/burgers_ablation_screen_v1/without_uniform_floor/m6/seed_00033/config.resolved.yaml,Expériences antérieures M0/M1/M3/M5/M6 ; date exacte non attestée
outputs/burgers_ablation_screen_v1/without_uniform_floor/m6/seed_00033/environment.json,270,.json,81e8b8ec1f0e36812a60c59a8df82f8463f4b7cdc0f374d41177cd34430c2417,V06,preserved,local_commit:656050cae337f96fdab3b47ec862ccae4f1c9601,outputs/burgers_ablation_screen_v1/without_uniform_floor/m6/seed_00033/environment.json,Expériences antérieures M0/M1/M3/M5/M6 ; date exacte non attestée
outputs/burgers_ablation_screen_v1/without_uniform_floor/m6/seed_00033/metrics.csv,10160,.csv,d490d117dd6099f5ae2927d6c0bfc3f5fc2c9642ff53708a2917756befd31c3a,V06,preserved,local_commit:656050cae337f96fdab3b47ec862ccae4f1c9601,outputs/burgers_ablation_screen_v1/without_uniform_floor/m6/seed_00033/metrics.csv,Expériences antérieures M0/M1/M3/M5/M6 ; date exacte non attestée
outputs/burgers_ablation_screen_v1/without_uniform_floor/m6/seed_00033/model.pt,21105,.pt,0b24e56cb10d1927042b512e83961ba41f2f49e8d9eb0c43ba4aef358a4d48ec,V06,preserved,local_commit:656050cae337f96fdab3b47ec862ccae4f1c9601,outputs/burgers_ablation_screen_v1/without_uniform_floor/m6/seed_00033/model.pt,Expériences antérieures M0/M1/M3/M5/M6 ; date exacte non attestée
outputs/burgers_ablation_screen_v1/without_uniform_floor/m6/seed_00033/summary.json,1981,.json,b2a7cd25050055bcb4f1deeb35c0214a8f7b285161a871184185cbaa12851c2e,V06,preserved,local_commit:656050cae337f96fdab3b47ec862ccae4f1c9601,outputs/burgers_ablation_screen_v1/without_uniform_floor/m6/seed_00033/summary.json,Expériences antérieures M0/M1/M3/M5/M6 ; date exacte non attestée
outputs/burgers_ablation_screen_v1/without_uniform_floor/m6/seed_00044/checkpoint_0000600.pt,21799,.pt,b0af2287403b3ad9cc2289633ad1d6d47d580e798fb4c92fee1efbad993228d8,V06,preserved,local_commit:656050cae337f96fdab3b47ec862ccae4f1c9601,outputs/burgers_ablation_screen_v1/without_uniform_floor/m6/seed_00044/checkpoint_0000600.pt,Expériences antérieures M0/M1/M3/M5/M6 ; date exacte non attestée
outputs/burgers_ablation_screen_v1/without_uniform_floor/m6/seed_00044/config.resolved.yaml,1240,.yaml,2bd6b160d1bbc0158c626d2b591cf1c4dd244c7f7dd1f74e277c19d961aa060b,V06,preserved,local_commit:656050cae337f96fdab3b47ec862ccae4f1c9601,outputs/burgers_ablation_screen_v1/without_uniform_floor/m6/seed_00044/config.resolved.yaml,Expériences antérieures M0/M1/M3/M5/M6 ; date exacte non attestée
outputs/burgers_ablation_screen_v1/without_uniform_floor/m6/seed_00044/environment.json,270,.json,81e8b8ec1f0e36812a60c59a8df82f8463f4b7cdc0f374d41177cd34430c2417,V06,preserved,local_commit:656050cae337f96fdab3b47ec862ccae4f1c9601,outputs/burgers_ablation_screen_v1/without_uniform_floor/m6/seed_00044/environment.json,Expériences antérieures M0/M1/M3/M5/M6 ; date exacte non attestée
outputs/burgers_ablation_screen_v1/without_uniform_floor/m6/seed_00044/metrics.csv,10136,.csv,7fa1448cc74e12752e52d7de92e0cdc49ca14fe481c3e01093bc0beaac0b3ce6,V06,preserved,local_commit:656050cae337f96fdab3b47ec862ccae4f1c9601,outputs/burgers_ablation_screen_v1/without_uniform_floor/m6/seed_00044/metrics.csv,Expériences antérieures M0/M1/M3/M5/M6 ; date exacte non attestée
outputs/burgers_ablation_screen_v1/without_uniform_floor/m6/seed_00044/model.pt,21105,.pt,2115e24c7be5dc71ad99a4c75f7cd3c940d2d254081e362ba9415c5af9ae0702,V06,preserved,local_commit:656050cae337f96fdab3b47ec862ccae4f1c9601,outputs/burgers_ablation_screen_v1/without_uniform_floor/m6/seed_00044/model.pt,Expériences antérieures M0/M1/M3/M5/M6 ; date exacte non attestée
outputs/burgers_ablation_screen_v1/without_uniform_floor/m6/seed_00044/summary.json,1977,.json,871f10fdfc4a2530fdc153ba00dbf7df2f5785bf4bc37bb514fef65bb559f6e4,V06,preserved,local_commit:656050cae337f96fdab3b47ec862ccae4f1c9601,outputs/burgers_ablation_screen_v1/without_uniform_floor/m6/seed_00044/summary.json,Expériences antérieures M0/M1/M3/M5/M6 ; date exacte non attestée
outputs/burgers_ablation_screen_v1/without_uniform_floor/m6/seed_00055/checkpoint_0000600.pt,21799,.pt,113e8a7d6a558a9455f10f0020a975ce5da9b40a0d4492aae038b0e75282bafb,V06,preserved,local_commit:656050cae337f96fdab3b47ec862ccae4f1c9601,outputs/burgers_ablation_screen_v1/without_uniform_floor/m6/seed_00055/checkpoint_0000600.pt,Expériences antérieures M0/M1/M3/M5/M6 ; date exacte non attestée
outputs/burgers_ablation_screen_v1/without_uniform_floor/m6/seed_00055/config.resolved.yaml,1240,.yaml,12b7803f05a28c634d7b903d5e077f46bb69608e4cd17ee63783e759f7651d10,V06,preserved,local_commit:656050cae337f96fdab3b47ec862ccae4f1c9601,outputs/burgers_ablation_screen_v1/without_uniform_floor/m6/seed_00055/config.resolved.yaml,Expériences antérieures M0/M1/M3/M5/M6 ; date exacte non attestée
outputs/burgers_ablation_screen_v1/without_uniform_floor/m6/seed_00055/environment.json,270,.json,81e8b8ec1f0e36812a60c59a8df82f8463f4b7cdc0f374d41177cd34430c2417,V06,preserved,local_commit:656050cae337f96fdab3b47ec862ccae4f1c9601,outputs/burgers_ablation_screen_v1/without_uniform_floor/m6/seed_00055/environment.json,Expériences antérieures M0/M1/M3/M5/M6 ; date exacte non attestée
outputs/burgers_ablation_screen_v1/without_uniform_floor/m6/seed_00055/metrics.csv,10142,.csv,8b5738bba0bdbc176d622f7baf61753ddfe6f5617bd6b333e7f5512a70af38a9,V06,preserved,local_commit:656050cae337f96fdab3b47ec862ccae4f1c9601,outputs/burgers_ablation_screen_v1/without_uniform_floor/m6/seed_00055/metrics.csv,Expériences antérieures M0/M1/M3/M5/M6 ; date exacte non attestée
outputs/burgers_ablation_screen_v1/without_uniform_floor/m6/seed_00055/model.pt,21105,.pt,f775d91758e83d56da5ae7247a9aee22024097fac2cde8ec16ef2aa3fc8070a0,V06,preserved,local_commit:656050cae337f96fdab3b47ec862ccae4f1c9601,outputs/burgers_ablation_screen_v1/without_uniform_floor/m6/seed_00055/model.pt,Expériences antérieures M0/M1/M3/M5/M6 ; date exacte non attestée
outputs/burgers_ablation_screen_v1/without_uniform_floor/m6/seed_00055/summary.json,1977,.json,01766fe2de800a7a963be4ccd6c24b76fc12bd7a42925b08582a3de0defbd409,V06,preserved,local_commit:656050cae337f96fdab3b47ec862ccae4f1c9601,outputs/burgers_ablation_screen_v1/without_uniform_floor/m6/seed_00055/summary.json,Expériences antérieures M0/M1/M3/M5/M6 ; date exacte non attestée
outputs/burgers_confirmatory_long_v1/m1/seed_00011/checkpoint_0002500.pt,62453,.pt,fb863481a871d4e8eb0d6a1fde5525ebd82c5263413cc7731e479c5b5051be88,V06,preserved,local_commit:656050cae337f96fdab3b47ec862ccae4f1c9601,outputs/burgers_confirmatory_long_v1/m1/seed_00011/checkpoint_0002500.pt,Expériences antérieures M0/M1/M3/M5/M6 ; date exacte non attestée
outputs/burgers_confirmatory_long_v1/m1/seed_00011/config.resolved.yaml,1230,.yaml,1baf5ffab2eeedc79e23d4292e8a45d9ee589ca579027886983b38b018044a6b,V06,preserved,local_commit:656050cae337f96fdab3b47ec862ccae4f1c9601,outputs/burgers_confirmatory_long_v1/m1/seed_00011/config.resolved.yaml,Expériences antérieures M0/M1/M3/M5/M6 ; date exacte non attestée
outputs/burgers_confirmatory_long_v1/m1/seed_00011/environment.json,270,.json,81e8b8ec1f0e36812a60c59a8df82f8463f4b7cdc0f374d41177cd34430c2417,V06,preserved,local_commit:656050cae337f96fdab3b47ec862ccae4f1c9601,outputs/burgers_confirmatory_long_v1/m1/seed_00011/environment.json,Expériences antérieures M0/M1/M3/M5/M6 ; date exacte non attestée
outputs/burgers_confirmatory_long_v1/m1/seed_00011/metrics.csv,18228,.csv,48474d344c22bd7b2b27ae5c456c60258874aa1c16e7595fbdcae7d1db1d26ca,V06,preserved,local_commit:656050cae337f96fdab3b47ec862ccae4f1c9601,outputs/burgers_confirmatory_long_v1/m1/seed_00011/metrics.csv,Expériences antérieures M0/M1/M3/M5/M6 ; date exacte non attestée
outputs/burgers_confirmatory_long_v1/m1/seed_00011/model.pt,61605,.pt,d54955c989a1ab425eb4f9615f86c3811d71775b60470dfdc3bec62b6c0a5bd8,V06,preserved,local_commit:656050cae337f96fdab3b47ec862ccae4f1c9601,outputs/burgers_confirmatory_long_v1/m1/seed_00011/model.pt,Expériences antérieures M0/M1/M3/M5/M6 ; date exacte non attestée
outputs/burgers_confirmatory_long_v1/m1/seed_00011/summary.json,1910,.json,3efca3af5d35e8a3ce8c3e113d40b938a366e3f6b88c57700ad15afd77d44905,V06,preserved,local_commit:656050cae337f96fdab3b47ec862ccae4f1c9601,outputs/burgers_confirmatory_long_v1/m1/seed_00011/summary.json,Expériences antérieures M0/M1/M3/M5/M6 ; date exacte non attestée
outputs/burgers_confirmatory_long_v1/m1/seed_00022/checkpoint_0002500.pt,62453,.pt,abb0a186f78ca0e9f356e1d40ac83dc53e7d3fdb8240f3dd050736334804102a,V06,preserved,local_commit:656050cae337f96fdab3b47ec862ccae4f1c9601,outputs/burgers_confirmatory_long_v1/m1/seed_00022/checkpoint_0002500.pt,Expériences antérieures M0/M1/M3/M5/M6 ; date exacte non attestée
outputs/burgers_confirmatory_long_v1/m1/seed_00022/config.resolved.yaml,1230,.yaml,214bbee2f7b04d14fd6c2828a0c7471e5c213eaa4abdb745645b6636749ae5bb,V06,preserved,local_commit:656050cae337f96fdab3b47ec862ccae4f1c9601,outputs/burgers_confirmatory_long_v1/m1/seed_00022/config.resolved.yaml,Expériences antérieures M0/M1/M3/M5/M6 ; date exacte non attestée
outputs/burgers_confirmatory_long_v1/m1/seed_00022/environment.json,270,.json,81e8b8ec1f0e36812a60c59a8df82f8463f4b7cdc0f374d41177cd34430c2417,V06,preserved,local_commit:656050cae337f96fdab3b47ec862ccae4f1c9601,outputs/burgers_confirmatory_long_v1/m1/seed_00022/environment.json,Expériences antérieures M0/M1/M3/M5/M6 ; date exacte non attestée
outputs/burgers_confirmatory_long_v1/m1/seed_00022/metrics.csv,18176,.csv,84938dda89da8c8c555330e46cff50fcf07cf6bfb0fa55a747ef1f802185380a,V06,preserved,local_commit:656050cae337f96fdab3b47ec862ccae4f1c9601,outputs/burgers_confirmatory_long_v1/m1/seed_00022/metrics.csv,Expériences antérieures M0/M1/M3/M5/M6 ; date exacte non attestée
outputs/burgers_confirmatory_long_v1/m1/seed_00022/model.pt,61605,.pt,e3e64f604d3dae837117893916aa4157ee821e19edb9db88784fe27da12ccf04,V06,preserved,local_commit:656050cae337f96fdab3b47ec862ccae4f1c9601,outputs/burgers_confirmatory_long_v1/m1/seed_00022/model.pt,Expériences antérieures M0/M1/M3/M5/M6 ; date exacte non attestée
outputs/burgers_confirmatory_long_v1/m1/seed_00022/summary.json,1910,.json,e55702fbe79a83039f2ddcdb5f263eebc0995ac2f0df554226674bec9ea47009,V06,preserved,local_commit:656050cae337f96fdab3b47ec862ccae4f1c9601,outputs/burgers_confirmatory_long_v1/m1/seed_00022/summary.json,Expériences antérieures M0/M1/M3/M5/M6 ; date exacte non attestée
outputs/burgers_confirmatory_long_v1/m1/seed_00033/checkpoint_0002500.pt,62453,.pt,960b802c7e7f38d68b409d4ce8d97c3b7234efbb336096a04ea6a9729e6a4a23,V06,preserved,local_commit:656050cae337f96fdab3b47ec862ccae4f1c9601,outputs/burgers_confirmatory_long_v1/m1/seed_00033/checkpoint_0002500.pt,Expériences antérieures M0/M1/M3/M5/M6 ; date exacte non attestée
outputs/burgers_confirmatory_long_v1/m1/seed_00033/config.resolved.yaml,1230,.yaml,f763417f92ab0c80b53b1ba879fde44e12800785ca3df79030dce0b6e1e9cbbc,V06,preserved,local_commit:656050cae337f96fdab3b47ec862ccae4f1c9601,outputs/burgers_confirmatory_long_v1/m1/seed_00033/config.resolved.yaml,Expériences antérieures M0/M1/M3/M5/M6 ; date exacte non attestée
outputs/burgers_confirmatory_long_v1/m1/seed_00033/environment.json,270,.json,81e8b8ec1f0e36812a60c59a8df82f8463f4b7cdc0f374d41177cd34430c2417,V06,preserved,local_commit:656050cae337f96fdab3b47ec862ccae4f1c9601,outputs/burgers_confirmatory_long_v1/m1/seed_00033/environment.json,Expériences antérieures M0/M1/M3/M5/M6 ; date exacte non attestée
outputs/burgers_confirmatory_long_v1/m1/seed_00033/metrics.csv,18148,.csv,d05a143d7a0539e4b2e61768f2fb303614bfa4b98fec3044cae8b8f6fc2c8d08,V06,preserved,local_commit:656050cae337f96fdab3b47ec862ccae4f1c9601,outputs/burgers_confirmatory_long_v1/m1/seed_00033/metrics.csv,Expériences antérieures M0/M1/M3/M5/M6 ; date exacte non attestée
outputs/burgers_confirmatory_long_v1/m1/seed_00033/model.pt,61605,.pt,9d8a1ac0d55ee8f268022e1177a391382a09697a9fab036a2f6a4edebe3c9bfe,V06,preserved,local_commit:656050cae337f96fdab3b47ec862ccae4f1c9601,outputs/burgers_confirmatory_long_v1/m1/seed_00033/model.pt,Expériences antérieures M0/M1/M3/M5/M6 ; date exacte non attestée
outputs/burgers_confirmatory_long_v1/m1/seed_00033/summary.json,1911,.json,6848b8fb4a3c44139ec4a54c457f6f295aa3e89e7fd179920b3f3cd249d0d0e0,V06,preserved,local_commit:656050cae337f96fdab3b47ec862ccae4f1c9601,outputs/burgers_confirmatory_long_v1/m1/seed_00033/summary.json,Expériences antérieures M0/M1/M3/M5/M6 ; date exacte non attestée
outputs/burgers_confirmatory_long_v1/m1/seed_00044/checkpoint_0002500.pt,62453,.pt,e6a36443a631554e2e6da49b02e0cda9510e96c6a6979618912f3f9064891a70,V06,preserved,local_commit:656050cae337f96fdab3b47ec862ccae4f1c9601,outputs/burgers_confirmatory_long_v1/m1/seed_00044/checkpoint_0002500.pt,Expériences antérieures M0/M1/M3/M5/M6 ; date exacte non attestée
outputs/burgers_confirmatory_long_v1/m1/seed_00044/config.resolved.yaml,1230,.yaml,e4962ac87f5e50bdb8a46a0e6300a6e1bc3d8a377449a17f4f4263d0759fd34c,V06,preserved,local_commit:656050cae337f96fdab3b47ec862ccae4f1c9601,outputs/burgers_confirmatory_long_v1/m1/seed_00044/config.resolved.yaml,Expériences antérieures M0/M1/M3/M5/M6 ; date exacte non attestée
outputs/burgers_confirmatory_long_v1/m1/seed_00044/environment.json,270,.json,81e8b8ec1f0e36812a60c59a8df82f8463f4b7cdc0f374d41177cd34430c2417,V06,preserved,local_commit:656050cae337f96fdab3b47ec862ccae4f1c9601,outputs/burgers_confirmatory_long_v1/m1/seed_00044/environment.json,Expériences antérieures M0/M1/M3/M5/M6 ; date exacte non attestée
outputs/burgers_confirmatory_long_v1/m1/seed_00044/metrics.csv,18132,.csv,40a309d4143ba72f9d3e71370491de444c86b3388d94bbf10a12e606e6b4f37f,V06,preserved,local_commit:656050cae337f96fdab3b47ec862ccae4f1c9601,outputs/burgers_confirmatory_long_v1/m1/seed_00044/metrics.csv,Expériences antérieures M0/M1/M3/M5/M6 ; date exacte non attestée
outputs/burgers_confirmatory_long_v1/m1/seed_00044/model.pt,61605,.pt,e878ad60b4034c734fdd4433f577bd70733f5010bab1a8112a53ddd1e0e1b8ce,V06,preserved,local_commit:656050cae337f96fdab3b47ec862ccae4f1c9601,outputs/burgers_confirmatory_long_v1/m1/seed_00044/model.pt,Expériences antérieures M0/M1/M3/M5/M6 ; date exacte non attestée
outputs/burgers_confirmatory_long_v1/m1/seed_00044/summary.json,1917,.json,c786dc18a59eb66fd013ddc1a491bfd32b434b501021637a0d0abbc5922726b0,V06,preserved,local_commit:656050cae337f96fdab3b47ec862ccae4f1c9601,outputs/burgers_confirmatory_long_v1/m1/seed_00044/summary.json,Expériences antérieures M0/M1/M3/M5/M6 ; date exacte non attestée
outputs/burgers_confirmatory_long_v1/m1/seed_00055/checkpoint_0002500.pt,62453,.pt,3c867beccd4577780e524107fac68278669ab1bf165c5291152fe61799534d79,V06,preserved,local_commit:656050cae337f96fdab3b47ec862ccae4f1c9601,outputs/burgers_confirmatory_long_v1/m1/seed_00055/checkpoint_0002500.pt,Expériences antérieures M0/M1/M3/M5/M6 ; date exacte non attestée
outputs/burgers_confirmatory_long_v1/m1/seed_00055/config.resolved.yaml,1230,.yaml,1cae88e6c66442bcd8923dba17023dfc34d74d201dfae088e1c9b174bef00e29,V06,preserved,local_commit:656050cae337f96fdab3b47ec862ccae4f1c9601,outputs/burgers_confirmatory_long_v1/m1/seed_00055/config.resolved.yaml,Expériences antérieures M0/M1/M3/M5/M6 ; date exacte non attestée
outputs/burgers_confirmatory_long_v1/m1/seed_00055/environment.json,270,.json,81e8b8ec1f0e36812a60c59a8df82f8463f4b7cdc0f374d41177cd34430c2417,V06,preserved,local_commit:656050cae337f96fdab3b47ec862ccae4f1c9601,outputs/burgers_confirmatory_long_v1/m1/seed_00055/environment.json,Expériences antérieures M0/M1/M3/M5/M6 ; date exacte non attestée
outputs/burgers_confirmatory_long_v1/m1/seed_00055/metrics.csv,18077,.csv,73a36ae867d01e6f413b48014f30316a91503df5af60624f938217e5a5b48aed,V06,preserved,local_commit:656050cae337f96fdab3b47ec862ccae4f1c9601,outputs/burgers_confirmatory_long_v1/m1/seed_00055/metrics.csv,Expériences antérieures M0/M1/M3/M5/M6 ; date exacte non attestée
outputs/burgers_confirmatory_long_v1/m1/seed_00055/model.pt,61605,.pt,ebf96dfec130ff7242c1a73ed915d37bce0de32f17b191d44189ecd41e15e53c,V06,preserved,local_commit:656050cae337f96fdab3b47ec862ccae4f1c9601,outputs/burgers_confirmatory_long_v1/m1/seed_00055/model.pt,Expériences antérieures M0/M1/M3/M5/M6 ; date exacte non attestée
outputs/burgers_confirmatory_long_v1/m1/seed_00055/summary.json,1909,.json,8e01f6ca27805e14d39d7e509d782a8be72e43bc50b83f03b29d6085fee7eafb,V06,preserved,local_commit:656050cae337f96fdab3b47ec862ccae4f1c9601,outputs/burgers_confirmatory_long_v1/m1/seed_00055/summary.json,Expériences antérieures M0/M1/M3/M5/M6 ; date exacte non attestée
outputs/burgers_confirmatory_long_v1/m1/seed_00066/checkpoint_0002500.pt,62453,.pt,12faceea425072b6e44497f6f03982fcba5a3d8277de0ba6b6bfb94fa2d5b65b,V06,preserved,local_commit:656050cae337f96fdab3b47ec862ccae4f1c9601,outputs/burgers_confirmatory_long_v1/m1/seed_00066/checkpoint_0002500.pt,Expériences antérieures M0/M1/M3/M5/M6 ; date exacte non attestée
outputs/burgers_confirmatory_long_v1/m1/seed_00066/config.resolved.yaml,1230,.yaml,e1d3d1884ce19d8fa5581afe77961b673f621dcdd53827b7742936d550081bfe,V06,preserved,local_commit:656050cae337f96fdab3b47ec862ccae4f1c9601,outputs/burgers_confirmatory_long_v1/m1/seed_00066/config.resolved.yaml,Expériences antérieures M0/M1/M3/M5/M6 ; date exacte non attestée
outputs/burgers_confirmatory_long_v1/m1/seed_00066/environment.json,270,.json,81e8b8ec1f0e36812a60c59a8df82f8463f4b7cdc0f374d41177cd34430c2417,V06,preserved,local_commit:656050cae337f96fdab3b47ec862ccae4f1c9601,outputs/burgers_confirmatory_long_v1/m1/seed_00066/environment.json,Expériences antérieures M0/M1/M3/M5/M6 ; date exacte non attestée
outputs/burgers_confirmatory_long_v1/m1/seed_00066/metrics.csv,18129,.csv,f4721be0cac402a1a31e34c50aeb22bc5556ef81c9575c494c7476413a158211,V06,preserved,local_commit:656050cae337f96fdab3b47ec862ccae4f1c9601,outputs/burgers_confirmatory_long_v1/m1/seed_00066/metrics.csv,Expériences antérieures M0/M1/M3/M5/M6 ; date exacte non attestée
outputs/burgers_confirmatory_long_v1/m1/seed_00066/model.pt,61605,.pt,5103f38f460a8d7aec2e61da46eba3340040515619f030e29dc0232acb60d648,V06,preserved,local_commit:656050cae337f96fdab3b47ec862ccae4f1c9601,outputs/burgers_confirmatory_long_v1/m1/seed_00066/model.pt,Expériences antérieures M0/M1/M3/M5/M6 ; date exacte non attestée
outputs/burgers_confirmatory_long_v1/m1/seed_00066/summary.json,1910,.json,638d659b3263665b015e4968cfddd4359a5a3140d3aa5fac482d2160d4c66630,V06,preserved,local_commit:656050cae337f96fdab3b47ec862ccae4f1c9601,outputs/burgers_confirmatory_long_v1/m1/seed_00066/summary.json,Expériences antérieures M0/M1/M3/M5/M6 ; date exacte non attestée
outputs/burgers_confirmatory_long_v1/m1/seed_00077/checkpoint_0002500.pt,62453,.pt,f46ed41f645037d3d25ae21ccb8ba4fb8191424e9efda4cd074f6751788c1869,V06,preserved,local_commit:656050cae337f96fdab3b47ec862ccae4f1c9601,outputs/burgers_confirmatory_long_v1/m1/seed_00077/checkpoint_0002500.pt,Expériences antérieures M0/M1/M3/M5/M6 ; date exacte non attestée
outputs/burgers_confirmatory_long_v1/m1/seed_00077/config.resolved.yaml,1230,.yaml,1ea8dd112033934e979f90a80a16002898821f36122d7f5cbd004f77732f9312,V06,preserved,local_commit:656050cae337f96fdab3b47ec862ccae4f1c9601,outputs/burgers_confirmatory_long_v1/m1/seed_00077/config.resolved.yaml,Expériences antérieures M0/M1/M3/M5/M6 ; date exacte non attestée
outputs/burgers_confirmatory_long_v1/m1/seed_00077/environment.json,270,.json,81e8b8ec1f0e36812a60c59a8df82f8463f4b7cdc0f374d41177cd34430c2417,V06,preserved,local_commit:656050cae337f96fdab3b47ec862ccae4f1c9601,outputs/burgers_confirmatory_long_v1/m1/seed_00077/environment.json,Expériences antérieures M0/M1/M3/M5/M6 ; date exacte non attestée
outputs/burgers_confirmatory_long_v1/m1/seed_00077/metrics.csv,18183,.csv,08abd776400a9580958079d83bb7514194ebc51e4dad2b0e363ee98e5a93cf4b,V06,preserved,local_commit:656050cae337f96fdab3b47ec862ccae4f1c9601,outputs/burgers_confirmatory_long_v1/m1/seed_00077/metrics.csv,Expériences antérieures M0/M1/M3/M5/M6 ; date exacte non attestée
outputs/burgers_confirmatory_long_v1/m1/seed_00077/model.pt,61605,.pt,225b6be64c02c87a336955964bf224fa0f0f1cf6714ecdcd39885728797f1f00,V06,preserved,local_commit:656050cae337f96fdab3b47ec862ccae4f1c9601,outputs/burgers_confirmatory_long_v1/m1/seed_00077/model.pt,Expériences antérieures M0/M1/M3/M5/M6 ; date exacte non attestée
outputs/burgers_confirmatory_long_v1/m1/seed_00077/summary.json,1909,.json,c60b11224671a30c4f1d930bb8a19a865f7f0835ba6b80c2159d70131e13c0e1,V06,preserved,local_commit:656050cae337f96fdab3b47ec862ccae4f1c9601,outputs/burgers_confirmatory_long_v1/m1/seed_00077/summary.json,Expériences antérieures M0/M1/M3/M5/M6 ; date exacte non attestée
outputs/burgers_confirmatory_long_v1/m1/seed_00088/checkpoint_0002500.pt,62453,.pt,a2606df125d54da3e15a802c2975975f1f8629a6879f0c3b1fd108abd06d8e1d,V06,preserved,local_commit:656050cae337f96fdab3b47ec862ccae4f1c9601,outputs/burgers_confirmatory_long_v1/m1/seed_00088/checkpoint_0002500.pt,Expériences antérieures M0/M1/M3/M5/M6 ; date exacte non attestée
outputs/burgers_confirmatory_long_v1/m1/seed_00088/config.resolved.yaml,1230,.yaml,4addaf7cec389a9a2ce688117324a67a2c5bbab4c520f20171fa2386e102af37,V06,preserved,local_commit:656050cae337f96fdab3b47ec862ccae4f1c9601,outputs/burgers_confirmatory_long_v1/m1/seed_00088/config.resolved.yaml,Expériences antérieures M0/M1/M3/M5/M6 ; date exacte non attestée
outputs/burgers_confirmatory_long_v1/m1/seed_00088/environment.json,270,.json,81e8b8ec1f0e36812a60c59a8df82f8463f4b7cdc0f374d41177cd34430c2417,V06,preserved,local_commit:656050cae337f96fdab3b47ec862ccae4f1c9601,outputs/burgers_confirmatory_long_v1/m1/seed_00088/environment.json,Expériences antérieures M0/M1/M3/M5/M6 ; date exacte non attestée
outputs/burgers_confirmatory_long_v1/m1/seed_00088/metrics.csv,17775,.csv,a76d68d4bb6d65a3967e1bd25b532b80a79e56ff8adce37ad10123b35534192c,V06,preserved,local_commit:656050cae337f96fdab3b47ec862ccae4f1c9601,outputs/burgers_confirmatory_long_v1/m1/seed_00088/metrics.csv,Expériences antérieures M0/M1/M3/M5/M6 ; date exacte non attestée
outputs/burgers_confirmatory_long_v1/m1/seed_00088/model.pt,61605,.pt,33a7f0c66c99a967bfd1bf0a4a5bacda9caa95631d7bfa4731e867e020cc97ca,V06,preserved,local_commit:656050cae337f96fdab3b47ec862ccae4f1c9601,outputs/burgers_confirmatory_long_v1/m1/seed_00088/model.pt,Expériences antérieures M0/M1/M3/M5/M6 ; date exacte non attestée
outputs/burgers_confirmatory_long_v1/m1/seed_00088/summary.json,1908,.json,b01868758c4ebd354c14bb424ce589a0d80600699edd12948d58c9c082f4c4d8,V06,preserved,local_commit:656050cae337f96fdab3b47ec862ccae4f1c9601,outputs/burgers_confirmatory_long_v1/m1/seed_00088/summary.json,Expériences antérieures M0/M1/M3/M5/M6 ; date exacte non attestée
outputs/burgers_confirmatory_long_v1/m1/seed_00099/checkpoint_0002500.pt,62453,.pt,13be7104f0d99ab5f7a30f44d92cf7c076d1c47f5addf0ca7e4778f7658558c5,V06,preserved,local_commit:656050cae337f96fdab3b47ec862ccae4f1c9601,outputs/burgers_confirmatory_long_v1/m1/seed_00099/checkpoint_0002500.pt,Expériences antérieures M0/M1/M3/M5/M6 ; date exacte non attestée
outputs/burgers_confirmatory_long_v1/m1/seed_00099/config.resolved.yaml,1230,.yaml,ba96c260142a74c533e58d0389c2bd6e9779334f0ebfe58da65e16902cb0aea1,V06,preserved,local_commit:656050cae337f96fdab3b47ec862ccae4f1c9601,outputs/burgers_confirmatory_long_v1/m1/seed_00099/config.resolved.yaml,Expériences antérieures M0/M1/M3/M5/M6 ; date exacte non attestée
outputs/burgers_confirmatory_long_v1/m1/seed_00099/environment.json,270,.json,81e8b8ec1f0e36812a60c59a8df82f8463f4b7cdc0f374d41177cd34430c2417,V06,preserved,local_commit:656050cae337f96fdab3b47ec862ccae4f1c9601,outputs/burgers_confirmatory_long_v1/m1/seed_00099/environment.json,Expériences antérieures M0/M1/M3/M5/M6 ; date exacte non attestée
outputs/burgers_confirmatory_long_v1/m1/seed_00099/metrics.csv,18228,.csv,ae7a643ac324314de8d8b8f654b52ffed6565c37ae97ff4e460aa3ee729dd25a,V06,preserved,local_commit:656050cae337f96fdab3b47ec862ccae4f1c9601,outputs/burgers_confirmatory_long_v1/m1/seed_00099/metrics.csv,Expériences antérieures M0/M1/M3/M5/M6 ; date exacte non attestée
outputs/burgers_confirmatory_long_v1/m1/seed_00099/model.pt,61605,.pt,b7332fdd5fdf0588bd466dd711521ccce077b94d9ba39d4ae231451d78610db3,V06,preserved,local_commit:656050cae337f96fdab3b47ec862ccae4f1c9601,outputs/burgers_confirmatory_long_v1/m1/seed_00099/model.pt,Expériences antérieures M0/M1/M3/M5/M6 ; date exacte non attestée
outputs/burgers_confirmatory_long_v1/m1/seed_00099/summary.json,1913,.json,7650ab33e10f68b780b958cac671e373663bb290935f700320b18bb3ca624b6e,V06,preserved,local_commit:656050cae337f96fdab3b47ec862ccae4f1c9601,outputs/burgers_confirmatory_long_v1/m1/seed_00099/summary.json,Expériences antérieures M0/M1/M3/M5/M6 ; date exacte non attestée
outputs/burgers_confirmatory_long_v1/m1/seed_00111/checkpoint_0002500.pt,62453,.pt,ef0be89b60252a98c756f37d894e69a540516e544deab401c706bf49b88d247d,V06,preserved,local_commit:656050cae337f96fdab3b47ec862ccae4f1c9601,outputs/burgers_confirmatory_long_v1/m1/seed_00111/checkpoint_0002500.pt,Expériences antérieures M0/M1/M3/M5/M6 ; date exacte non attestée
outputs/burgers_confirmatory_long_v1/m1/seed_00111/config.resolved.yaml,1231,.yaml,91960dcb13c68e5303db1ed2a2ed1786db6d928f3ba1a0b2f3e8e846173f7083,V06,preserved,local_commit:656050cae337f96fdab3b47ec862ccae4f1c9601,outputs/burgers_confirmatory_long_v1/m1/seed_00111/config.resolved.yaml,Expériences antérieures M0/M1/M3/M5/M6 ; date exacte non attestée
outputs/burgers_confirmatory_long_v1/m1/seed_00111/environment.json,270,.json,81e8b8ec1f0e36812a60c59a8df82f8463f4b7cdc0f374d41177cd34430c2417,V06,preserved,local_commit:656050cae337f96fdab3b47ec862ccae4f1c9601,outputs/burgers_confirmatory_long_v1/m1/seed_00111/environment.json,Expériences antérieures M0/M1/M3/M5/M6 ; date exacte non attestée
outputs/burgers_confirmatory_long_v1/m1/seed_00111/metrics.csv,18116,.csv,d3da9219a00acafd4f6326a8870165ead4a65e0ab0274a2632ff45bd433bf0a5,V06,preserved,local_commit:656050cae337f96fdab3b47ec862ccae4f1c9601,outputs/burgers_confirmatory_long_v1/m1/seed_00111/metrics.csv,Expériences antérieures M0/M1/M3/M5/M6 ; date exacte non attestée
outputs/burgers_confirmatory_long_v1/m1/seed_00111/model.pt,61605,.pt,60c1f35d74c2ab45a3e21b1349393b221cbf57481924dbffd01da44fe5f7ff12,V06,preserved,local_commit:656050cae337f96fdab3b47ec862ccae4f1c9601,outputs/burgers_confirmatory_long_v1/m1/seed_00111/model.pt,Expériences antérieures M0/M1/M3/M5/M6 ; date exacte non attestée
outputs/burgers_confirmatory_long_v1/m1/seed_00111/summary.json,1912,.json,aff7440e40807d8b4e92583511794b7e89f4c58abf56939e5de4d76e4bea0cde,V06,preserved,local_commit:656050cae337f96fdab3b47ec862ccae4f1c9601,outputs/burgers_confirmatory_long_v1/m1/seed_00111/summary.json,Expériences antérieures M0/M1/M3/M5/M6 ; date exacte non attestée
outputs/burgers_confirmatory_long_v1/m5/seed_00011/checkpoint_0002500.pt,62453,.pt,e32c919c00005edea0dea1f5beb33960dae4d86a8cecbb72c839c19973eeb814,V06,preserved,local_commit:656050cae337f96fdab3b47ec862ccae4f1c9601,outputs/burgers_confirmatory_long_v1/m5/seed_00011/checkpoint_0002500.pt,Expériences antérieures M0/M1/M3/M5/M6 ; date exacte non attestée
outputs/burgers_confirmatory_long_v1/m5/seed_00011/config.resolved.yaml,1230,.yaml,0085e0030c102f043a369fd67114d39268818210869a6ae937ff44539e5cb3a6,V06,preserved,local_commit:656050cae337f96fdab3b47ec862ccae4f1c9601,outputs/burgers_confirmatory_long_v1/m5/seed_00011/config.resolved.yaml,Expériences antérieures M0/M1/M3/M5/M6 ; date exacte non attestée
outputs/burgers_confirmatory_long_v1/m5/seed_00011/environment.json,270,.json,81e8b8ec1f0e36812a60c59a8df82f8463f4b7cdc0f374d41177cd34430c2417,V06,preserved,local_commit:656050cae337f96fdab3b47ec862ccae4f1c9601,outputs/burgers_confirmatory_long_v1/m5/seed_00011/environment.json,Expériences antérieures M0/M1/M3/M5/M6 ; date exacte non attestée
outputs/burgers_confirmatory_long_v1/m5/seed_00011/metrics.csv,20137,.csv,18179fac0ad0a1e3dd26c3ecef454949fa1903dc984dc79979e33ef55b470cf2,V06,preserved,local_commit:656050cae337f96fdab3b47ec862ccae4f1c9601,outputs/burgers_confirmatory_long_v1/m5/seed_00011/metrics.csv,Expériences antérieures M0/M1/M3/M5/M6 ; date exacte non attestée
outputs/burgers_confirmatory_long_v1/m5/seed_00011/model.pt,61605,.pt,0455b012f0459220a98def39a70eaac1d5b5b816b8d019666f1bf9afaa60f6e1,V06,preserved,local_commit:656050cae337f96fdab3b47ec862ccae4f1c9601,outputs/burgers_confirmatory_long_v1/m5/seed_00011/model.pt,Expériences antérieures M0/M1/M3/M5/M6 ; date exacte non attestée
outputs/burgers_confirmatory_long_v1/m5/seed_00011/summary.json,1968,.json,d3336a5483eaa5c5b53d77b754bff1b0d2e141ca13ed24e8499be93d449a24d3,V06,preserved,local_commit:656050cae337f96fdab3b47ec862ccae4f1c9601,outputs/burgers_confirmatory_long_v1/m5/seed_00011/summary.json,Expériences antérieures M0/M1/M3/M5/M6 ; date exacte non attestée
outputs/burgers_confirmatory_long_v1/m5/seed_00022/checkpoint_0002500.pt,62453,.pt,118f6b8abb83634a1ab08fff9ebb8d59ed8964c72a2fb925386158b1fd9d18c3,V06,preserved,local_commit:656050cae337f96fdab3b47ec862ccae4f1c9601,outputs/burgers_confirmatory_long_v1/m5/seed_00022/checkpoint_0002500.pt,Expériences antérieures M0/M1/M3/M5/M6 ; date exacte non attestée
outputs/burgers_confirmatory_long_v1/m5/seed_00022/config.resolved.yaml,1230,.yaml,0bdc8153b31c3472337d258f56770739aadab2340d87ca1e52a87889fc52e9bc,V06,preserved,local_commit:656050cae337f96fdab3b47ec862ccae4f1c9601,outputs/burgers_confirmatory_long_v1/m5/seed_00022/config.resolved.yaml,Expériences antérieures M0/M1/M3/M5/M6 ; date exacte non attestée
outputs/burgers_confirmatory_long_v1/m5/seed_00022/environment.json,270,.json,81e8b8ec1f0e36812a60c59a8df82f8463f4b7cdc0f374d41177cd34430c2417,V06,preserved,local_commit:656050cae337f96fdab3b47ec862ccae4f1c9601,outputs/burgers_confirmatory_long_v1/m5/seed_00022/environment.json,Expériences antérieures M0/M1/M3/M5/M6 ; date exacte non attestée
outputs/burgers_confirmatory_long_v1/m5/seed_00022/metrics.csv,20146,.csv,182196655d72908f49f08b0ed9ef6c3e15416a0a066e868d36e3886c3466b581,V06,preserved,local_commit:656050cae337f96fdab3b47ec862ccae4f1c9601,outputs/burgers_confirmatory_long_v1/m5/seed_00022/metrics.csv,Expériences antérieures M0/M1/M3/M5/M6 ; date exacte non attestée
outputs/burgers_confirmatory_long_v1/m5/seed_00022/model.pt,61605,.pt,087403872f78bfb1a8b40cdd1a2267ad4dba5cc3ec4697ea619304c6f890af33,V06,preserved,local_commit:656050cae337f96fdab3b47ec862ccae4f1c9601,outputs/burgers_confirmatory_long_v1/m5/seed_00022/model.pt,Expériences antérieures M0/M1/M3/M5/M6 ; date exacte non attestée
outputs/burgers_confirmatory_long_v1/m5/seed_00022/summary.json,1968,.json,7e7063056825de30b1bc90c4d1612ddda03754127cdc35688fb0aeb9887ef8d0,V06,preserved,local_commit:656050cae337f96fdab3b47ec862ccae4f1c9601,outputs/burgers_confirmatory_long_v1/m5/seed_00022/summary.json,Expériences antérieures M0/M1/M3/M5/M6 ; date exacte non attestée
outputs/burgers_confirmatory_long_v1/m5/seed_00033/checkpoint_0002500.pt,62453,.pt,5af88157e10175b69d31f0c770ec8fa01349f402e5521933c4de89d3464519f8,V06,preserved,local_commit:656050cae337f96fdab3b47ec862ccae4f1c9601,outputs/burgers_confirmatory_long_v1/m5/seed_00033/checkpoint_0002500.pt,Expériences antérieures M0/M1/M3/M5/M6 ; date exacte non attestée
outputs/burgers_confirmatory_long_v1/m5/seed_00033/config.resolved.yaml,1230,.yaml,5c10f2ffe8caa8323bef0ee46192eecfa85ae72b75debc102fdbe00fa6bc9764,V06,preserved,local_commit:656050cae337f96fdab3b47ec862ccae4f1c9601,outputs/burgers_confirmatory_long_v1/m5/seed_00033/config.resolved.yaml,Expériences antérieures M0/M1/M3/M5/M6 ; date exacte non attestée
outputs/burgers_confirmatory_long_v1/m5/seed_00033/environment.json,270,.json,81e8b8ec1f0e36812a60c59a8df82f8463f4b7cdc0f374d41177cd34430c2417,V06,preserved,local_commit:656050cae337f96fdab3b47ec862ccae4f1c9601,outputs/burgers_confirmatory_long_v1/m5/seed_00033/environment.json,Expériences antérieures M0/M1/M3/M5/M6 ; date exacte non attestée
outputs/burgers_confirmatory_long_v1/m5/seed_00033/metrics.csv,20067,.csv,a055b1d9e7baa15e6e9ad7a9ebfacecbe3b160c85f9ada5c87cf1a054da3572e,V06,preserved,local_commit:656050cae337f96fdab3b47ec862ccae4f1c9601,outputs/burgers_confirmatory_long_v1/m5/seed_00033/metrics.csv,Expériences antérieures M0/M1/M3/M5/M6 ; date exacte non attestée
outputs/burgers_confirmatory_long_v1/m5/seed_00033/model.pt,61605,.pt,2c3a3488d7def145301cae64da2cb39d20a0e35a16c5f5f2a2daf20247054319,V06,preserved,local_commit:656050cae337f96fdab3b47ec862ccae4f1c9601,outputs/burgers_confirmatory_long_v1/m5/seed_00033/model.pt,Expériences antérieures M0/M1/M3/M5/M6 ; date exacte non attestée
outputs/burgers_confirmatory_long_v1/m5/seed_00033/summary.json,1967,.json,fde704d3b1d78202e8f663b646330d3773463faf4bf2df1e05e50f9c9314f5f2,V06,preserved,local_commit:656050cae337f96fdab3b47ec862ccae4f1c9601,outputs/burgers_confirmatory_long_v1/m5/seed_00033/summary.json,Expériences antérieures M0/M1/M3/M5/M6 ; date exacte non attestée
outputs/burgers_confirmatory_long_v1/m5/seed_00044/checkpoint_0002500.pt,62453,.pt,39377d87c3481ec562b1c1f4bca95618e23bc0ddf0fe97c6884b38042c769377,V06,preserved,local_commit:656050cae337f96fdab3b47ec862ccae4f1c9601,outputs/burgers_confirmatory_long_v1/m5/seed_00044/checkpoint_0002500.pt,Expériences antérieures M0/M1/M3/M5/M6 ; date exacte non attestée
outputs/burgers_confirmatory_long_v1/m5/seed_00044/config.resolved.yaml,1230,.yaml,20a8cde23513aa70e2cbb8ea39f20dda34b315da361d1d34495cd282c799eb37,V06,preserved,local_commit:656050cae337f96fdab3b47ec862ccae4f1c9601,outputs/burgers_confirmatory_long_v1/m5/seed_00044/config.resolved.yaml,Expériences antérieures M0/M1/M3/M5/M6 ; date exacte non attestée
outputs/burgers_confirmatory_long_v1/m5/seed_00044/environment.json,270,.json,81e8b8ec1f0e36812a60c59a8df82f8463f4b7cdc0f374d41177cd34430c2417,V06,preserved,local_commit:656050cae337f96fdab3b47ec862ccae4f1c9601,outputs/burgers_confirmatory_long_v1/m5/seed_00044/environment.json,Expériences antérieures M0/M1/M3/M5/M6 ; date exacte non attestée
outputs/burgers_confirmatory_long_v1/m5/seed_00044/metrics.csv,20157,.csv,2db2c8e4355112b51bbb3b09cee5a9dea142e99658abd2ff459ec89713f60906,V06,preserved,local_commit:656050cae337f96fdab3b47ec862ccae4f1c9601,outputs/burgers_confirmatory_long_v1/m5/seed_00044/metrics.csv,Expériences antérieures M0/M1/M3/M5/M6 ; date exacte non attestée
outputs/burgers_confirmatory_long_v1/m5/seed_00044/model.pt,61605,.pt,aee8b78572d79e3ef0f5eb8700d72fc1c7efbfe0f66e0c4eae3cf47b258f763f,V06,preserved,local_commit:656050cae337f96fdab3b47ec862ccae4f1c9601,outputs/burgers_confirmatory_long_v1/m5/seed_00044/model.pt,Expériences antérieures M0/M1/M3/M5/M6 ; date exacte non attestée
outputs/burgers_confirmatory_long_v1/m5/seed_00044/summary.json,1970,.json,cd03eab9110ebc33f3e16d2cff8bf6306dc00408c482db4cf0a3cb00dee8c144,V06,preserved,local_commit:656050cae337f96fdab3b47ec862ccae4f1c9601,outputs/burgers_confirmatory_long_v1/m5/seed_00044/summary.json,Expériences antérieures M0/M1/M3/M5/M6 ; date exacte non attestée
outputs/burgers_confirmatory_long_v1/m5/seed_00055/checkpoint_0002500.pt,62453,.pt,d61640aed35ba03c41003570e3d83a769917ede83fb541f5bc37c116c1d21581,V06,preserved,local_commit:656050cae337f96fdab3b47ec862ccae4f1c9601,outputs/burgers_confirmatory_long_v1/m5/seed_00055/checkpoint_0002500.pt,Expériences antérieures M0/M1/M3/M5/M6 ; date exacte non attestée
outputs/burgers_confirmatory_long_v1/m5/seed_00055/config.resolved.yaml,1230,.yaml,5322aa25bcfc1ebcf6cb3b24a7604d289947f3467dc51d6025cafe20c65053b0,V06,preserved,local_commit:656050cae337f96fdab3b47ec862ccae4f1c9601,outputs/burgers_confirmatory_long_v1/m5/seed_00055/config.resolved.yaml,Expériences antérieures M0/M1/M3/M5/M6 ; date exacte non attestée
outputs/burgers_confirmatory_long_v1/m5/seed_00055/environment.json,270,.json,81e8b8ec1f0e36812a60c59a8df82f8463f4b7cdc0f374d41177cd34430c2417,V06,preserved,local_commit:656050cae337f96fdab3b47ec862ccae4f1c9601,outputs/burgers_confirmatory_long_v1/m5/seed_00055/environment.json,Expériences antérieures M0/M1/M3/M5/M6 ; date exacte non attestée
outputs/burgers_confirmatory_long_v1/m5/seed_00055/metrics.csv,20134,.csv,9d988f5c6d77855dde0656eba22897a0b7cf70f0ab2c928497c19ea644859af7,V06,preserved,local_commit:656050cae337f96fdab3b47ec862ccae4f1c9601,outputs/burgers_confirmatory_long_v1/m5/seed_00055/metrics.csv,Expériences antérieures M0/M1/M3/M5/M6 ; date exacte non attestée
outputs/burgers_confirmatory_long_v1/m5/seed_00055/model.pt,61605,.pt,19a40ae623e5093942f179b9ab69d66c7ff5271d8a07fe4eb0d381c0819bdc59,V06,preserved,local_commit:656050cae337f96fdab3b47ec862ccae4f1c9601,outputs/burgers_confirmatory_long_v1/m5/seed_00055/model.pt,Expériences antérieures M0/M1/M3/M5/M6 ; date exacte non attestée
outputs/burgers_confirmatory_long_v1/m5/seed_00055/summary.json,1969,.json,1a4881055ba3059a24b4a1f836cd778019af81647e80d76e7ebb3af49b21bd6e,V06,preserved,local_commit:656050cae337f96fdab3b47ec862ccae4f1c9601,outputs/burgers_confirmatory_long_v1/m5/seed_00055/summary.json,Expériences antérieures M0/M1/M3/M5/M6 ; date exacte non attestée
outputs/burgers_confirmatory_long_v1/m5/seed_00066/checkpoint_0002500.pt,62453,.pt,b2f800d5928e7f4ea88b996874d67c7857529ae73cd9f8239ed386889f2036ca,V06,preserved,local_commit:656050cae337f96fdab3b47ec862ccae4f1c9601,outputs/burgers_confirmatory_long_v1/m5/seed_00066/checkpoint_0002500.pt,Expériences antérieures M0/M1/M3/M5/M6 ; date exacte non attestée
outputs/burgers_confirmatory_long_v1/m5/seed_00066/config.resolved.yaml,1230,.yaml,e8c9c05d670eed3888a7535e71999cf928f1d22a4d3b905eabe8428dbb5ac1b5,V06,preserved,local_commit:656050cae337f96fdab3b47ec862ccae4f1c9601,outputs/burgers_confirmatory_long_v1/m5/seed_00066/config.resolved.yaml,Expériences antérieures M0/M1/M3/M5/M6 ; date exacte non attestée
outputs/burgers_confirmatory_long_v1/m5/seed_00066/environment.json,270,.json,81e8b8ec1f0e36812a60c59a8df82f8463f4b7cdc0f374d41177cd34430c2417,V06,preserved,local_commit:656050cae337f96fdab3b47ec862ccae4f1c9601,outputs/burgers_confirmatory_long_v1/m5/seed_00066/environment.json,Expériences antérieures M0/M1/M3/M5/M6 ; date exacte non attestée
outputs/burgers_confirmatory_long_v1/m5/seed_00066/metrics.csv,20139,.csv,d6700293079614c4009127cf61dbfee99e31c43c4efdfe6849aa6a7d56b444dd,V06,preserved,local_commit:656050cae337f96fdab3b47ec862ccae4f1c9601,outputs/burgers_confirmatory_long_v1/m5/seed_00066/metrics.csv,Expériences antérieures M0/M1/M3/M5/M6 ; date exacte non attestée
outputs/burgers_confirmatory_long_v1/m5/seed_00066/model.pt,61605,.pt,199b5379a4118ef1e9ef74c9feb5b7bf87d405cd62b7f806a677d0b1385cd91a,V06,preserved,local_commit:656050cae337f96fdab3b47ec862ccae4f1c9601,outputs/burgers_confirmatory_long_v1/m5/seed_00066/model.pt,Expériences antérieures M0/M1/M3/M5/M6 ; date exacte non attestée
outputs/burgers_confirmatory_long_v1/m5/seed_00066/summary.json,1969,.json,7e10a5a8f4971e93cc04b68e15520b929e5456430c726416b72b72f6c2bf3eca,V06,preserved,local_commit:656050cae337f96fdab3b47ec862ccae4f1c9601,outputs/burgers_confirmatory_long_v1/m5/seed_00066/summary.json,Expériences antérieures M0/M1/M3/M5/M6 ; date exacte non attestée
outputs/burgers_confirmatory_long_v1/m5/seed_00077/checkpoint_0002500.pt,62453,.pt,e7772d7bbbe45116f4779a1c5071a34c7f697d824d8828b8455c481400f7cd46,V06,preserved,local_commit:656050cae337f96fdab3b47ec862ccae4f1c9601,outputs/burgers_confirmatory_long_v1/m5/seed_00077/checkpoint_0002500.pt,Expériences antérieures M0/M1/M3/M5/M6 ; date exacte non attestée
outputs/burgers_confirmatory_long_v1/m5/seed_00077/config.resolved.yaml,1230,.yaml,072b4237f12d6599aa68a2ec766caf1467d47e9712016962df4260ae9f1627e0,V06,preserved,local_commit:656050cae337f96fdab3b47ec862ccae4f1c9601,outputs/burgers_confirmatory_long_v1/m5/seed_00077/config.resolved.yaml,Expériences antérieures M0/M1/M3/M5/M6 ; date exacte non attestée
outputs/burgers_confirmatory_long_v1/m5/seed_00077/environment.json,270,.json,81e8b8ec1f0e36812a60c59a8df82f8463f4b7cdc0f374d41177cd34430c2417,V06,preserved,local_commit:656050cae337f96fdab3b47ec862ccae4f1c9601,outputs/burgers_confirmatory_long_v1/m5/seed_00077/environment.json,Expériences antérieures M0/M1/M3/M5/M6 ; date exacte non attestée
outputs/burgers_confirmatory_long_v1/m5/seed_00077/metrics.csv,20114,.csv,87a48e8549f0e126176391ffe1467ee66b4d7c69c36de78a47db9e611de6de50,V06,preserved,local_commit:656050cae337f96fdab3b47ec862ccae4f1c9601,outputs/burgers_confirmatory_long_v1/m5/seed_00077/metrics.csv,Expériences antérieures M0/M1/M3/M5/M6 ; date exacte non attestée
outputs/burgers_confirmatory_long_v1/m5/seed_00077/model.pt,61605,.pt,bfca092f54d21c8848e1d2d59da8ee625fc97b613175d07e9caec802a5f94953,V06,preserved,local_commit:656050cae337f96fdab3b47ec862ccae4f1c9601,outputs/burgers_confirmatory_long_v1/m5/seed_00077/model.pt,Expériences antérieures M0/M1/M3/M5/M6 ; date exacte non attestée
outputs/burgers_confirmatory_long_v1/m5/seed_00077/summary.json,1969,.json,b1a1166b51eec1e922900981e51b2d0a4e50565e1c26acfef25adebd8407bb6a,V06,preserved,local_commit:656050cae337f96fdab3b47ec862ccae4f1c9601,outputs/burgers_confirmatory_long_v1/m5/seed_00077/summary.json,Expériences antérieures M0/M1/M3/M5/M6 ; date exacte non attestée
outputs/burgers_confirmatory_long_v1/m5/seed_00088/checkpoint_0002500.pt,62453,.pt,a50f604230dce097b63e7e3aaf4c04464f91ef05c07f60e39b8853601fdce7a6,V06,preserved,local_commit:656050cae337f96fdab3b47ec862ccae4f1c9601,outputs/burgers_confirmatory_long_v1/m5/seed_00088/checkpoint_0002500.pt,Expériences antérieures M0/M1/M3/M5/M6 ; date exacte non attestée
outputs/burgers_confirmatory_long_v1/m5/seed_00088/config.resolved.yaml,1230,.yaml,fec637013fe1006b62614d7b833481da2fe954154014bd4631bb36af5600688c,V06,preserved,local_commit:656050cae337f96fdab3b47ec862ccae4f1c9601,outputs/burgers_confirmatory_long_v1/m5/seed_00088/config.resolved.yaml,Expériences antérieures M0/M1/M3/M5/M6 ; date exacte non attestée
outputs/burgers_confirmatory_long_v1/m5/seed_00088/environment.json,270,.json,81e8b8ec1f0e36812a60c59a8df82f8463f4b7cdc0f374d41177cd34430c2417,V06,preserved,local_commit:656050cae337f96fdab3b47ec862ccae4f1c9601,outputs/burgers_confirmatory_long_v1/m5/seed_00088/environment.json,Expériences antérieures M0/M1/M3/M5/M6 ; date exacte non attestée
outputs/burgers_confirmatory_long_v1/m5/seed_00088/metrics.csv,20068,.csv,6405b5e8b967f7e207d0e71f66bba1cf16dd887be5b70688d397902db14097d2,V06,preserved,local_commit:656050cae337f96fdab3b47ec862ccae4f1c9601,outputs/burgers_confirmatory_long_v1/m5/seed_00088/metrics.csv,Expériences antérieures M0/M1/M3/M5/M6 ; date exacte non attestée
outputs/burgers_confirmatory_long_v1/m5/seed_00088/model.pt,61605,.pt,8880e5e4414dd1610ebc6bdb15e9a67d4d0e03cfb5432fdc781de8fce3900551,V06,preserved,local_commit:656050cae337f96fdab3b47ec862ccae4f1c9601,outputs/burgers_confirmatory_long_v1/m5/seed_00088/model.pt,Expériences antérieures M0/M1/M3/M5/M6 ; date exacte non attestée
outputs/burgers_confirmatory_long_v1/m5/seed_00088/summary.json,1972,.json,68908a9eed583a12e909e9b008009334da7d1c3fe44e726f62ebf11ac4061948,V06,preserved,local_commit:656050cae337f96fdab3b47ec862ccae4f1c9601,outputs/burgers_confirmatory_long_v1/m5/seed_00088/summary.json,Expériences antérieures M0/M1/M3/M5/M6 ; date exacte non attestée
outputs/burgers_confirmatory_long_v1/m5/seed_00099/checkpoint_0002500.pt,62453,.pt,95b8b8b5ddb0c9398a2d6ba245c8a1e3d38397dffe6f3e32d06f9b0cc0c09262,V06,preserved,local_commit:656050cae337f96fdab3b47ec862ccae4f1c9601,outputs/burgers_confirmatory_long_v1/m5/seed_00099/checkpoint_0002500.pt,Expériences antérieures M0/M1/M3/M5/M6 ; date exacte non attestée
outputs/burgers_confirmatory_long_v1/m5/seed_00099/config.resolved.yaml,1230,.yaml,df86474d5badde359e47f6f06c22885f3fb657b124c787ca41a3c2d43df0e387,V06,preserved,local_commit:656050cae337f96fdab3b47ec862ccae4f1c9601,outputs/burgers_confirmatory_long_v1/m5/seed_00099/config.resolved.yaml,Expériences antérieures M0/M1/M3/M5/M6 ; date exacte non attestée
outputs/burgers_confirmatory_long_v1/m5/seed_00099/environment.json,270,.json,81e8b8ec1f0e36812a60c59a8df82f8463f4b7cdc0f374d41177cd34430c2417,V06,preserved,local_commit:656050cae337f96fdab3b47ec862ccae4f1c9601,outputs/burgers_confirmatory_long_v1/m5/seed_00099/environment.json,Expériences antérieures M0/M1/M3/M5/M6 ; date exacte non attestée
outputs/burgers_confirmatory_long_v1/m5/seed_00099/metrics.csv,20115,.csv,6a9a5e691fa87d3b410c7945576f060001c8c2e74d73b95b331130c72ad51df3,V06,preserved,local_commit:656050cae337f96fdab3b47ec862ccae4f1c9601,outputs/burgers_confirmatory_long_v1/m5/seed_00099/metrics.csv,Expériences antérieures M0/M1/M3/M5/M6 ; date exacte non attestée
outputs/burgers_confirmatory_long_v1/m5/seed_00099/model.pt,61605,.pt,d7a82226e682f3830f3894da7d46af5f1b89cdf428a69fe80d6085c58d45f4b9,V06,preserved,local_commit:656050cae337f96fdab3b47ec862ccae4f1c9601,outputs/burgers_confirmatory_long_v1/m5/seed_00099/model.pt,Expériences antérieures M0/M1/M3/M5/M6 ; date exacte non attestée
outputs/burgers_confirmatory_long_v1/m5/seed_00099/summary.json,1968,.json,7d7a012368c0cd706817b87009fee3fc798072057af3153dc67afd1010ce9742,V06,preserved,local_commit:656050cae337f96fdab3b47ec862ccae4f1c9601,outputs/burgers_confirmatory_long_v1/m5/seed_00099/summary.json,Expériences antérieures M0/M1/M3/M5/M6 ; date exacte non attestée
outputs/burgers_confirmatory_long_v1/m5/seed_00111/checkpoint_0002500.pt,62453,.pt,f893b2eab27de0c9d98b631011c31d7b316d73a6496e5018713aec76633a7f41,V06,preserved,local_commit:656050cae337f96fdab3b47ec862ccae4f1c9601,outputs/burgers_confirmatory_long_v1/m5/seed_00111/checkpoint_0002500.pt,Expériences antérieures M0/M1/M3/M5/M6 ; date exacte non attestée
outputs/burgers_confirmatory_long_v1/m5/seed_00111/config.resolved.yaml,1231,.yaml,828dfcd5c43fb247d7e143c3feca11afb46af277d5ff131f17a4458f328d1616,V06,preserved,local_commit:656050cae337f96fdab3b47ec862ccae4f1c9601,outputs/burgers_confirmatory_long_v1/m5/seed_00111/config.resolved.yaml,Expériences antérieures M0/M1/M3/M5/M6 ; date exacte non attestée
outputs/burgers_confirmatory_long_v1/m5/seed_00111/environment.json,270,.json,81e8b8ec1f0e36812a60c59a8df82f8463f4b7cdc0f374d41177cd34430c2417,V06,preserved,local_commit:656050cae337f96fdab3b47ec862ccae4f1c9601,outputs/burgers_confirmatory_long_v1/m5/seed_00111/environment.json,Expériences antérieures M0/M1/M3/M5/M6 ; date exacte non attestée
outputs/burgers_confirmatory_long_v1/m5/seed_00111/metrics.csv,20158,.csv,1c7ccebde3dd81b20d87864912f8f47b53e4463da1d103f3f1916b42d426b4e3,V06,preserved,local_commit:656050cae337f96fdab3b47ec862ccae4f1c9601,outputs/burgers_confirmatory_long_v1/m5/seed_00111/metrics.csv,Expériences antérieures M0/M1/M3/M5/M6 ; date exacte non attestée
outputs/burgers_confirmatory_long_v1/m5/seed_00111/model.pt,61605,.pt,9c6058e9b2e767d57e2c32ca86df9c6f3f5cb190659ee0aadfd5223055fbb7bd,V06,preserved,local_commit:656050cae337f96fdab3b47ec862ccae4f1c9601,outputs/burgers_confirmatory_long_v1/m5/seed_00111/model.pt,Expériences antérieures M0/M1/M3/M5/M6 ; date exacte non attestée
outputs/burgers_confirmatory_long_v1/m5/seed_00111/summary.json,1970,.json,5f174060c7cc6faf0e43a7e3364f2af95f2d6780b4bee01af227a1ea2a1e2a59,V06,preserved,local_commit:656050cae337f96fdab3b47ec862ccae4f1c9601,outputs/burgers_confirmatory_long_v1/m5/seed_00111/summary.json,Expériences antérieures M0/M1/M3/M5/M6 ; date exacte non attestée
outputs/burgers_confirmatory_long_v1/m6/seed_00011/checkpoint_0002500.pt,62453,.pt,5d9d7089f51e8c48dce339253ec015f82a34579c7723f6c1166b2eed049e5453,V06,preserved,local_commit:656050cae337f96fdab3b47ec862ccae4f1c9601,outputs/burgers_confirmatory_long_v1/m6/seed_00011/checkpoint_0002500.pt,Expériences antérieures M0/M1/M3/M5/M6 ; date exacte non attestée
outputs/burgers_confirmatory_long_v1/m6/seed_00011/config.resolved.yaml,1230,.yaml,61874c043daaca00c3e3148ec92877cdb6ccb46df2226dcbbbb0c7ef02e5e3c9,V06,preserved,local_commit:656050cae337f96fdab3b47ec862ccae4f1c9601,outputs/burgers_confirmatory_long_v1/m6/seed_00011/config.resolved.yaml,Expériences antérieures M0/M1/M3/M5/M6 ; date exacte non attestée
outputs/burgers_confirmatory_long_v1/m6/seed_00011/environment.json,270,.json,81e8b8ec1f0e36812a60c59a8df82f8463f4b7cdc0f374d41177cd34430c2417,V06,preserved,local_commit:656050cae337f96fdab3b47ec862ccae4f1c9601,outputs/burgers_confirmatory_long_v1/m6/seed_00011/environment.json,Expériences antérieures M0/M1/M3/M5/M6 ; date exacte non attestée
outputs/burgers_confirmatory_long_v1/m6/seed_00011/metrics.csv,20121,.csv,fa7831a705c1442afcc94b27508bccc540ffcce471d852fbee784ae3adf3efa7,V06,preserved,local_commit:656050cae337f96fdab3b47ec862ccae4f1c9601,outputs/burgers_confirmatory_long_v1/m6/seed_00011/metrics.csv,Expériences antérieures M0/M1/M3/M5/M6 ; date exacte non attestée
outputs/burgers_confirmatory_long_v1/m6/seed_00011/model.pt,61605,.pt,6c42470a195184e3202d4370ad5d1e4d8f710d7920d762a6736d276854a70052,V06,preserved,local_commit:656050cae337f96fdab3b47ec862ccae4f1c9601,outputs/burgers_confirmatory_long_v1/m6/seed_00011/model.pt,Expériences antérieures M0/M1/M3/M5/M6 ; date exacte non attestée
outputs/burgers_confirmatory_long_v1/m6/seed_00011/summary.json,1965,.json,6cd3e5610f7cbe68d7aab26930e7f3289ecc56a95cd4e7f38addf5fcac103f77,V06,preserved,local_commit:656050cae337f96fdab3b47ec862ccae4f1c9601,outputs/burgers_confirmatory_long_v1/m6/seed_00011/summary.json,Expériences antérieures M0/M1/M3/M5/M6 ; date exacte non attestée
outputs/burgers_confirmatory_long_v1/m6/seed_00022/checkpoint_0002500.pt,62453,.pt,9e98e3fcec3f762ec6e83d9ac19d78816132f23bd89a43da53d3146a42989b0e,V06,preserved,local_commit:656050cae337f96fdab3b47ec862ccae4f1c9601,outputs/burgers_confirmatory_long_v1/m6/seed_00022/checkpoint_0002500.pt,Expériences antérieures M0/M1/M3/M5/M6 ; date exacte non attestée
outputs/burgers_confirmatory_long_v1/m6/seed_00022/config.resolved.yaml,1230,.yaml,a018cabe4145d2973b6584e5568e60de31ef22d90b10e84ed4b8d14c6bc4f581,V06,preserved,local_commit:656050cae337f96fdab3b47ec862ccae4f1c9601,outputs/burgers_confirmatory_long_v1/m6/seed_00022/config.resolved.yaml,Expériences antérieures M0/M1/M3/M5/M6 ; date exacte non attestée
outputs/burgers_confirmatory_long_v1/m6/seed_00022/environment.json,270,.json,81e8b8ec1f0e36812a60c59a8df82f8463f4b7cdc0f374d41177cd34430c2417,V06,preserved,local_commit:656050cae337f96fdab3b47ec862ccae4f1c9601,outputs/burgers_confirmatory_long_v1/m6/seed_00022/environment.json,Expériences antérieures M0/M1/M3/M5/M6 ; date exacte non attestée
outputs/burgers_confirmatory_long_v1/m6/seed_00022/metrics.csv,20134,.csv,eda76bcdec60164504761409396a540e9831844e8c23076af08cdedf8d89e9a2,V06,preserved,local_commit:656050cae337f96fdab3b47ec862ccae4f1c9601,outputs/burgers_confirmatory_long_v1/m6/seed_00022/metrics.csv,Expériences antérieures M0/M1/M3/M5/M6 ; date exacte non attestée
outputs/burgers_confirmatory_long_v1/m6/seed_00022/model.pt,61605,.pt,23c6916fdfdc4dd0460176d3a929c70423d3cda7bcd05f08c4fc7aa700f1b09a,V06,preserved,local_commit:656050cae337f96fdab3b47ec862ccae4f1c9601,outputs/burgers_confirmatory_long_v1/m6/seed_00022/model.pt,Expériences antérieures M0/M1/M3/M5/M6 ; date exacte non attestée
outputs/burgers_confirmatory_long_v1/m6/seed_00022/summary.json,1962,.json,4bbd3acfae0e157c34c0d5472017e6538460458c2ced357690ce1a051c387f1a,V06,preserved,local_commit:656050cae337f96fdab3b47ec862ccae4f1c9601,outputs/burgers_confirmatory_long_v1/m6/seed_00022/summary.json,Expériences antérieures M0/M1/M3/M5/M6 ; date exacte non attestée
outputs/burgers_confirmatory_long_v1/m6/seed_00033/checkpoint_0002500.pt,62453,.pt,5605e14f14e954a8eec22714766dd17c697775a7f9cbcdaf48d2d0d866fec711,V06,preserved,local_commit:656050cae337f96fdab3b47ec862ccae4f1c9601,outputs/burgers_confirmatory_long_v1/m6/seed_00033/checkpoint_0002500.pt,Expériences antérieures M0/M1/M3/M5/M6 ; date exacte non attestée
outputs/burgers_confirmatory_long_v1/m6/seed_00033/config.resolved.yaml,1230,.yaml,e297fb7a776679e274500966f5522878348a201cb1be62fddce710ca4402a086,V06,preserved,local_commit:656050cae337f96fdab3b47ec862ccae4f1c9601,outputs/burgers_confirmatory_long_v1/m6/seed_00033/config.resolved.yaml,Expériences antérieures M0/M1/M3/M5/M6 ; date exacte non attestée
outputs/burgers_confirmatory_long_v1/m6/seed_00033/environment.json,270,.json,81e8b8ec1f0e36812a60c59a8df82f8463f4b7cdc0f374d41177cd34430c2417,V06,preserved,local_commit:656050cae337f96fdab3b47ec862ccae4f1c9601,outputs/burgers_confirmatory_long_v1/m6/seed_00033/environment.json,Expériences antérieures M0/M1/M3/M5/M6 ; date exacte non attestée
outputs/burgers_confirmatory_long_v1/m6/seed_00033/metrics.csv,20100,.csv,ce31def604110f9a551ddbe35ccd484048e350c8d4a2a049def3ed24b7b8b04c,V06,preserved,local_commit:656050cae337f96fdab3b47ec862ccae4f1c9601,outputs/burgers_confirmatory_long_v1/m6/seed_00033/metrics.csv,Expériences antérieures M0/M1/M3/M5/M6 ; date exacte non attestée
outputs/burgers_confirmatory_long_v1/m6/seed_00033/model.pt,61605,.pt,3e7bb0086cc0228c10a99f9b287fa2d31cbdc47b9e848ce1e7b88c4a25512f80,V06,preserved,local_commit:656050cae337f96fdab3b47ec862ccae4f1c9601,outputs/burgers_confirmatory_long_v1/m6/seed_00033/model.pt,Expériences antérieures M0/M1/M3/M5/M6 ; date exacte non attestée
outputs/burgers_confirmatory_long_v1/m6/seed_00033/summary.json,1964,.json,b0ae377bd267b5afea5c12edbb0e8ec8675816b0edbff4331ed054ba048df005,V06,preserved,local_commit:656050cae337f96fdab3b47ec862ccae4f1c9601,outputs/burgers_confirmatory_long_v1/m6/seed_00033/summary.json,Expériences antérieures M0/M1/M3/M5/M6 ; date exacte non attestée
outputs/burgers_confirmatory_long_v1/m6/seed_00044/checkpoint_0002500.pt,62453,.pt,01e537c8797bb847bea1e9c3f6dc4410ed4ad20d51eab4de693dec202d2d28b4,V06,preserved,local_commit:656050cae337f96fdab3b47ec862ccae4f1c9601,outputs/burgers_confirmatory_long_v1/m6/seed_00044/checkpoint_0002500.pt,Expériences antérieures M0/M1/M3/M5/M6 ; date exacte non attestée
outputs/burgers_confirmatory_long_v1/m6/seed_00044/config.resolved.yaml,1230,.yaml,125853298739ec1a849e2b8249d4948292fed0a609b6bab39fd6d2fa6766a020,V06,preserved,local_commit:656050cae337f96fdab3b47ec862ccae4f1c9601,outputs/burgers_confirmatory_long_v1/m6/seed_00044/config.resolved.yaml,Expériences antérieures M0/M1/M3/M5/M6 ; date exacte non attestée
outputs/burgers_confirmatory_long_v1/m6/seed_00044/environment.json,270,.json,81e8b8ec1f0e36812a60c59a8df82f8463f4b7cdc0f374d41177cd34430c2417,V06,preserved,local_commit:656050cae337f96fdab3b47ec862ccae4f1c9601,outputs/burgers_confirmatory_long_v1/m6/seed_00044/environment.json,Expériences antérieures M0/M1/M3/M5/M6 ; date exacte non attestée
outputs/burgers_confirmatory_long_v1/m6/seed_00044/metrics.csv,20148,.csv,e0f15c3aa20d408d51f7ca5b222c348e057cc4f75b918a4dcfff3b4149ee54b7,V06,preserved,local_commit:656050cae337f96fdab3b47ec862ccae4f1c9601,outputs/burgers_confirmatory_long_v1/m6/seed_00044/metrics.csv,Expériences antérieures M0/M1/M3/M5/M6 ; date exacte non attestée
outputs/burgers_confirmatory_long_v1/m6/seed_00044/model.pt,61605,.pt,d07b4b7c6b7a3cb09b15caef46b07d74363ae448cb6af7f82004bc20f7997a3c,V06,preserved,local_commit:656050cae337f96fdab3b47ec862ccae4f1c9601,outputs/burgers_confirmatory_long_v1/m6/seed_00044/model.pt,Expériences antérieures M0/M1/M3/M5/M6 ; date exacte non attestée
outputs/burgers_confirmatory_long_v1/m6/seed_00044/summary.json,1960,.json,e96f9b2a693138b37da5a0a947d66a3718c254b8475e11c1b6c0418886fa0c27,V06,preserved,local_commit:656050cae337f96fdab3b47ec862ccae4f1c9601,outputs/burgers_confirmatory_long_v1/m6/seed_00044/summary.json,Expériences antérieures M0/M1/M3/M5/M6 ; date exacte non attestée
outputs/burgers_confirmatory_long_v1/m6/seed_00055/checkpoint_0002500.pt,62453,.pt,49515e1f1ab5ae5242c1a920d099eef9a38cd9fad8f94d0fa6219b179d89e239,V06,preserved,local_commit:656050cae337f96fdab3b47ec862ccae4f1c9601,outputs/burgers_confirmatory_long_v1/m6/seed_00055/checkpoint_0002500.pt,Expériences antérieures M0/M1/M3/M5/M6 ; date exacte non attestée
outputs/burgers_confirmatory_long_v1/m6/seed_00055/config.resolved.yaml,1230,.yaml,68adb18416ba59a5ade0ed3d6088b74d0cc09a1c84c8cabe9886593cac138abb,V06,preserved,local_commit:656050cae337f96fdab3b47ec862ccae4f1c9601,outputs/burgers_confirmatory_long_v1/m6/seed_00055/config.resolved.yaml,Expériences antérieures M0/M1/M3/M5/M6 ; date exacte non attestée
outputs/burgers_confirmatory_long_v1/m6/seed_00055/environment.json,270,.json,81e8b8ec1f0e36812a60c59a8df82f8463f4b7cdc0f374d41177cd34430c2417,V06,preserved,local_commit:656050cae337f96fdab3b47ec862ccae4f1c9601,outputs/burgers_confirmatory_long_v1/m6/seed_00055/environment.json,Expériences antérieures M0/M1/M3/M5/M6 ; date exacte non attestée
outputs/burgers_confirmatory_long_v1/m6/seed_00055/metrics.csv,20071,.csv,5a4ee558110251724c6863c97906d088e17dd550f81811b2979c96b3436b8e3d,V06,preserved,local_commit:656050cae337f96fdab3b47ec862ccae4f1c9601,outputs/burgers_confirmatory_long_v1/m6/seed_00055/metrics.csv,Expériences antérieures M0/M1/M3/M5/M6 ; date exacte non attestée
outputs/burgers_confirmatory_long_v1/m6/seed_00055/model.pt,61605,.pt,89feb5b97de3986e27653ae4f6ad3b4560ee57ff0d20f3a4c5a566fcedcb0eb6,V06,preserved,local_commit:656050cae337f96fdab3b47ec862ccae4f1c9601,outputs/burgers_confirmatory_long_v1/m6/seed_00055/model.pt,Expériences antérieures M0/M1/M3/M5/M6 ; date exacte non attestée
outputs/burgers_confirmatory_long_v1/m6/seed_00055/summary.json,1963,.json,9f8256e83ff9214a78e3e35b5ea4df1df0616445ddc195d1387a4b9bafb79df8,V06,preserved,local_commit:656050cae337f96fdab3b47ec862ccae4f1c9601,outputs/burgers_confirmatory_long_v1/m6/seed_00055/summary.json,Expériences antérieures M0/M1/M3/M5/M6 ; date exacte non attestée
outputs/burgers_confirmatory_long_v1/m6/seed_00066/checkpoint_0002500.pt,62453,.pt,e173b00c95a3dae53d78080118be2bfca4e229b68ebc5f5705be5fa7ed61f54b,V06,preserved,local_commit:656050cae337f96fdab3b47ec862ccae4f1c9601,outputs/burgers_confirmatory_long_v1/m6/seed_00066/checkpoint_0002500.pt,Expériences antérieures M0/M1/M3/M5/M6 ; date exacte non attestée
outputs/burgers_confirmatory_long_v1/m6/seed_00066/config.resolved.yaml,1230,.yaml,651fb59512493b630b77ad74076444e1cf9de6ebbd28765263d5270a1f8c5348,V06,preserved,local_commit:656050cae337f96fdab3b47ec862ccae4f1c9601,outputs/burgers_confirmatory_long_v1/m6/seed_00066/config.resolved.yaml,Expériences antérieures M0/M1/M3/M5/M6 ; date exacte non attestée
outputs/burgers_confirmatory_long_v1/m6/seed_00066/environment.json,270,.json,81e8b8ec1f0e36812a60c59a8df82f8463f4b7cdc0f374d41177cd34430c2417,V06,preserved,local_commit:656050cae337f96fdab3b47ec862ccae4f1c9601,outputs/burgers_confirmatory_long_v1/m6/seed_00066/environment.json,Expériences antérieures M0/M1/M3/M5/M6 ; date exacte non attestée
outputs/burgers_confirmatory_long_v1/m6/seed_00066/metrics.csv,20127,.csv,5724ecc979b6571b5db315e1ba3395ef0286e1e327ff1dbb1d51c94f5e31b9ee,V06,preserved,local_commit:656050cae337f96fdab3b47ec862ccae4f1c9601,outputs/burgers_confirmatory_long_v1/m6/seed_00066/metrics.csv,Expériences antérieures M0/M1/M3/M5/M6 ; date exacte non attestée
outputs/burgers_confirmatory_long_v1/m6/seed_00066/model.pt,61605,.pt,f40102f629a368d7b31717a6194bcb55d4b9c9dac2d75a4ae8c6500f9db1f6b8,V06,preserved,local_commit:656050cae337f96fdab3b47ec862ccae4f1c9601,outputs/burgers_confirmatory_long_v1/m6/seed_00066/model.pt,Expériences antérieures M0/M1/M3/M5/M6 ; date exacte non attestée
outputs/burgers_confirmatory_long_v1/m6/seed_00066/summary.json,1963,.json,056b65eedc777e4ab722fd3720cfd9dbba69aeb039a3c4394a189fed346895fe,V06,preserved,local_commit:656050cae337f96fdab3b47ec862ccae4f1c9601,outputs/burgers_confirmatory_long_v1/m6/seed_00066/summary.json,Expériences antérieures M0/M1/M3/M5/M6 ; date exacte non attestée
outputs/burgers_confirmatory_long_v1/m6/seed_00077/checkpoint_0002500.pt,62453,.pt,1a1eca891ae5cfef4a566fd0538e63fcc19f3b1a09bfddabd184bb1c0e924b90,V06,preserved,local_commit:656050cae337f96fdab3b47ec862ccae4f1c9601,outputs/burgers_confirmatory_long_v1/m6/seed_00077/checkpoint_0002500.pt,Expériences antérieures M0/M1/M3/M5/M6 ; date exacte non attestée
outputs/burgers_confirmatory_long_v1/m6/seed_00077/config.resolved.yaml,1230,.yaml,b5954d30e37c8ce86cfff67d49f5e71f4f74dc98a612cae32bf5773f6da19db6,V06,preserved,local_commit:656050cae337f96fdab3b47ec862ccae4f1c9601,outputs/burgers_confirmatory_long_v1/m6/seed_00077/config.resolved.yaml,Expériences antérieures M0/M1/M3/M5/M6 ; date exacte non attestée
outputs/burgers_confirmatory_long_v1/m6/seed_00077/environment.json,270,.json,81e8b8ec1f0e36812a60c59a8df82f8463f4b7cdc0f374d41177cd34430c2417,V06,preserved,local_commit:656050cae337f96fdab3b47ec862ccae4f1c9601,outputs/burgers_confirmatory_long_v1/m6/seed_00077/environment.json,Expériences antérieures M0/M1/M3/M5/M6 ; date exacte non attestée
outputs/burgers_confirmatory_long_v1/m6/seed_00077/metrics.csv,20132,.csv,f91a55222a7b736dfc9f34a7eb0a15ea7b93c747dd7aed3dffbadf543e4d91a6,V06,preserved,local_commit:656050cae337f96fdab3b47ec862ccae4f1c9601,outputs/burgers_confirmatory_long_v1/m6/seed_00077/metrics.csv,Expériences antérieures M0/M1/M3/M5/M6 ; date exacte non attestée
outputs/burgers_confirmatory_long_v1/m6/seed_00077/model.pt,61605,.pt,a7db303af007b3c5c1d0a4b092e9d4fcbec4aea942d80c201f909ef51ad4fb5a,V06,preserved,local_commit:656050cae337f96fdab3b47ec862ccae4f1c9601,outputs/burgers_confirmatory_long_v1/m6/seed_00077/model.pt,Expériences antérieures M0/M1/M3/M5/M6 ; date exacte non attestée
outputs/burgers_confirmatory_long_v1/m6/seed_00077/summary.json,1966,.json,363b49e9f852944735d1c291c11a8454299f3d4980b9696abe139afc66036d44,V06,preserved,local_commit:656050cae337f96fdab3b47ec862ccae4f1c9601,outputs/burgers_confirmatory_long_v1/m6/seed_00077/summary.json,Expériences antérieures M0/M1/M3/M5/M6 ; date exacte non attestée
outputs/burgers_confirmatory_long_v1/m6/seed_00088/checkpoint_0002500.pt,62453,.pt,ff6af6336aaed688009b968a1d8f37569738ca415d3f4f1df0e39a7872007f60,V06,preserved,local_commit:656050cae337f96fdab3b47ec862ccae4f1c9601,outputs/burgers_confirmatory_long_v1/m6/seed_00088/checkpoint_0002500.pt,Expériences antérieures M0/M1/M3/M5/M6 ; date exacte non attestée
outputs/burgers_confirmatory_long_v1/m6/seed_00088/config.resolved.yaml,1230,.yaml,685dabbfd418da24437b9091e4c898cbe2b735e98e383028aaacab9fe89babb5,V06,preserved,local_commit:656050cae337f96fdab3b47ec862ccae4f1c9601,outputs/burgers_confirmatory_long_v1/m6/seed_00088/config.resolved.yaml,Expériences antérieures M0/M1/M3/M5/M6 ; date exacte non attestée
outputs/burgers_confirmatory_long_v1/m6/seed_00088/environment.json,270,.json,81e8b8ec1f0e36812a60c59a8df82f8463f4b7cdc0f374d41177cd34430c2417,V06,preserved,local_commit:656050cae337f96fdab3b47ec862ccae4f1c9601,outputs/burgers_confirmatory_long_v1/m6/seed_00088/environment.json,Expériences antérieures M0/M1/M3/M5/M6 ; date exacte non attestée
outputs/burgers_confirmatory_long_v1/m6/seed_00088/metrics.csv,20125,.csv,ca87cf682215e2690bc99ab091acc034c32698b87ee3144f5dff62e655c10e95,V06,preserved,local_commit:656050cae337f96fdab3b47ec862ccae4f1c9601,outputs/burgers_confirmatory_long_v1/m6/seed_00088/metrics.csv,Expériences antérieures M0/M1/M3/M5/M6 ; date exacte non attestée
outputs/burgers_confirmatory_long_v1/m6/seed_00088/model.pt,61605,.pt,047b9f2e94d4ec2a25d27e2f00f13f1a08971c605c30956326cebae902c2deb5,V06,preserved,local_commit:656050cae337f96fdab3b47ec862ccae4f1c9601,outputs/burgers_confirmatory_long_v1/m6/seed_00088/model.pt,Expériences antérieures M0/M1/M3/M5/M6 ; date exacte non attestée
outputs/burgers_confirmatory_long_v1/m6/seed_00088/summary.json,1960,.json,eeb3a2b3ffc4b753602eb169e8362a02a8834792937c3b0ea9fb8a0b7d446913,V06,preserved,local_commit:656050cae337f96fdab3b47ec862ccae4f1c9601,outputs/burgers_confirmatory_long_v1/m6/seed_00088/summary.json,Expériences antérieures M0/M1/M3/M5/M6 ; date exacte non attestée
outputs/burgers_confirmatory_long_v1/m6/seed_00099/checkpoint_0002500.pt,62453,.pt,4b1e2dc3888c9c62b14e54f289bbffc5440f5aba6bd1636a34e2670c1754c5b2,V06,preserved,local_commit:656050cae337f96fdab3b47ec862ccae4f1c9601,outputs/burgers_confirmatory_long_v1/m6/seed_00099/checkpoint_0002500.pt,Expériences antérieures M0/M1/M3/M5/M6 ; date exacte non attestée
outputs/burgers_confirmatory_long_v1/m6/seed_00099/config.resolved.yaml,1230,.yaml,8d600b7ca4a582b60fa60ef8d25dcbd6ccdfc51e198ba18c8ce097aed95dadb4,V06,preserved,local_commit:656050cae337f96fdab3b47ec862ccae4f1c9601,outputs/burgers_confirmatory_long_v1/m6/seed_00099/config.resolved.yaml,Expériences antérieures M0/M1/M3/M5/M6 ; date exacte non attestée
outputs/burgers_confirmatory_long_v1/m6/seed_00099/environment.json,270,.json,81e8b8ec1f0e36812a60c59a8df82f8463f4b7cdc0f374d41177cd34430c2417,V06,preserved,local_commit:656050cae337f96fdab3b47ec862ccae4f1c9601,outputs/burgers_confirmatory_long_v1/m6/seed_00099/environment.json,Expériences antérieures M0/M1/M3/M5/M6 ; date exacte non attestée
outputs/burgers_confirmatory_long_v1/m6/seed_00099/metrics.csv,20094,.csv,b7e00546d322bacbebe6bddbd5b3db04b116630eb35a8190c6f1b83d672e169a,V06,preserved,local_commit:656050cae337f96fdab3b47ec862ccae4f1c9601,outputs/burgers_confirmatory_long_v1/m6/seed_00099/metrics.csv,Expériences antérieures M0/M1/M3/M5/M6 ; date exacte non attestée
outputs/burgers_confirmatory_long_v1/m6/seed_00099/model.pt,61605,.pt,b3ce740818e1c10c89ebdc2b66d5ad47fe9c0133c2c9ef2e0372261f2c9aee9a,V06,preserved,local_commit:656050cae337f96fdab3b47ec862ccae4f1c9601,outputs/burgers_confirmatory_long_v1/m6/seed_00099/model.pt,Expériences antérieures M0/M1/M3/M5/M6 ; date exacte non attestée
outputs/burgers_confirmatory_long_v1/m6/seed_00099/summary.json,1962,.json,dc49a8017ddeaf040f50487ae0d411b2d75c4c84f861a725994684caa78972fd,V06,preserved,local_commit:656050cae337f96fdab3b47ec862ccae4f1c9601,outputs/burgers_confirmatory_long_v1/m6/seed_00099/summary.json,Expériences antérieures M0/M1/M3/M5/M6 ; date exacte non attestée
outputs/burgers_confirmatory_long_v1/m6/seed_00111/checkpoint_0002500.pt,62453,.pt,4f40baafaf3bdd718038a79bdcf9871b452d031aac2e3990f27391ad7291ca1d,V06,preserved,local_commit:656050cae337f96fdab3b47ec862ccae4f1c9601,outputs/burgers_confirmatory_long_v1/m6/seed_00111/checkpoint_0002500.pt,Expériences antérieures M0/M1/M3/M5/M6 ; date exacte non attestée
outputs/burgers_confirmatory_long_v1/m6/seed_00111/config.resolved.yaml,1231,.yaml,1b7d8f794b44912b07c4c023fd2d6d13b5af4e34f44b37517369d961d467362f,V06,preserved,local_commit:656050cae337f96fdab3b47ec862ccae4f1c9601,outputs/burgers_confirmatory_long_v1/m6/seed_00111/config.resolved.yaml,Expériences antérieures M0/M1/M3/M5/M6 ; date exacte non attestée
outputs/burgers_confirmatory_long_v1/m6/seed_00111/environment.json,270,.json,81e8b8ec1f0e36812a60c59a8df82f8463f4b7cdc0f374d41177cd34430c2417,V06,preserved,local_commit:656050cae337f96fdab3b47ec862ccae4f1c9601,outputs/burgers_confirmatory_long_v1/m6/seed_00111/environment.json,Expériences antérieures M0/M1/M3/M5/M6 ; date exacte non attestée
outputs/burgers_confirmatory_long_v1/m6/seed_00111/metrics.csv,20111,.csv,247b831906b6d10482f080608b65d91c03533da767d81cb4c2717cc53df3deb5,V06,preserved,local_commit:656050cae337f96fdab3b47ec862ccae4f1c9601,outputs/burgers_confirmatory_long_v1/m6/seed_00111/metrics.csv,Expériences antérieures M0/M1/M3/M5/M6 ; date exacte non attestée
outputs/burgers_confirmatory_long_v1/m6/seed_00111/model.pt,61605,.pt,f2bd8474bcc871437461cdbc5d5714ad7b55a284d76ce14525f84f818c877a14,V06,preserved,local_commit:656050cae337f96fdab3b47ec862ccae4f1c9601,outputs/burgers_confirmatory_long_v1/m6/seed_00111/model.pt,Expériences antérieures M0/M1/M3/M5/M6 ; date exacte non attestée
outputs/burgers_confirmatory_long_v1/m6/seed_00111/summary.json,1965,.json,dd6a8882c93522517ff4f6586570d0804f66cf7aa3764672e5abd8c6ca189749,V06,preserved,local_commit:656050cae337f96fdab3b47ec862ccae4f1c9601,outputs/burgers_confirmatory_long_v1/m6/seed_00111/summary.json,Expériences antérieures M0/M1/M3/M5/M6 ; date exacte non attestée
outputs/burgers_data_block_missing_v1/m5/seed_00011/checkpoint_0000600.pt,21799,.pt,a3c0de1bbf758087ea38b758fefd92fd99ed07dfe195c97ebec5a5d14ef72fa5,V06,preserved,local_commit:656050cae337f96fdab3b47ec862ccae4f1c9601,outputs/burgers_data_block_missing_v1/m5/seed_00011/checkpoint_0000600.pt,Expériences antérieures M0/M1/M3/M5/M6 ; date exacte non attestée
outputs/burgers_data_block_missing_v1/m5/seed_00011/config.resolved.yaml,1287,.yaml,2e5c5cdfeb5e69746a7e5db18a9afd6915f7905fb1eb9fc7d865735a20afb87b,V06,preserved,local_commit:656050cae337f96fdab3b47ec862ccae4f1c9601,outputs/burgers_data_block_missing_v1/m5/seed_00011/config.resolved.yaml,Expériences antérieures M0/M1/M3/M5/M6 ; date exacte non attestée
outputs/burgers_data_block_missing_v1/m5/seed_00011/environment.json,270,.json,81e8b8ec1f0e36812a60c59a8df82f8463f4b7cdc0f374d41177cd34430c2417,V06,preserved,local_commit:656050cae337f96fdab3b47ec862ccae4f1c9601,outputs/burgers_data_block_missing_v1/m5/seed_00011/environment.json,Expériences antérieures M0/M1/M3/M5/M6 ; date exacte non attestée
outputs/burgers_data_block_missing_v1/m5/seed_00011/metrics.csv,10896,.csv,7dc09d438142499c072a4d4085ca8a45ebd9fb3dcd1cce255f5ed3a6a15b7459,V06,preserved,local_commit:656050cae337f96fdab3b47ec862ccae4f1c9601,outputs/burgers_data_block_missing_v1/m5/seed_00011/metrics.csv,Expériences antérieures M0/M1/M3/M5/M6 ; date exacte non attestée
outputs/burgers_data_block_missing_v1/m5/seed_00011/model.pt,21105,.pt,7ea467eacc7607196ccb9d4557bfd60624709eb9473ea65b6ce58df8da000dbd,V06,preserved,local_commit:656050cae337f96fdab3b47ec862ccae4f1c9601,outputs/burgers_data_block_missing_v1/m5/seed_00011/model.pt,Expériences antérieures M0/M1/M3/M5/M6 ; date exacte non attestée
outputs/burgers_data_block_missing_v1/m5/seed_00011/summary.json,2263,.json,dcfaf3949093b51f5dc6d4a3457a63e4f4a79184f3979ed227285132902b9a9b,V06,preserved,local_commit:656050cae337f96fdab3b47ec862ccae4f1c9601,outputs/burgers_data_block_missing_v1/m5/seed_00011/summary.json,Expériences antérieures M0/M1/M3/M5/M6 ; date exacte non attestée
outputs/burgers_data_block_missing_v1/m5/seed_00022/checkpoint_0000600.pt,21799,.pt,668d0245423b80ba02b0733bca7b1fed9eef35d23f83c1fd7a2f31448074c514,V06,preserved,local_commit:656050cae337f96fdab3b47ec862ccae4f1c9601,outputs/burgers_data_block_missing_v1/m5/seed_00022/checkpoint_0000600.pt,Expériences antérieures M0/M1/M3/M5/M6 ; date exacte non attestée
outputs/burgers_data_block_missing_v1/m5/seed_00022/config.resolved.yaml,1287,.yaml,2a34fc452ef1bd73f13fd069cddd6e3e0471b272377df7c3be1e74592ae68b6f,V06,preserved,local_commit:656050cae337f96fdab3b47ec862ccae4f1c9601,outputs/burgers_data_block_missing_v1/m5/seed_00022/config.resolved.yaml,Expériences antérieures M0/M1/M3/M5/M6 ; date exacte non attestée
outputs/burgers_data_block_missing_v1/m5/seed_00022/environment.json,270,.json,81e8b8ec1f0e36812a60c59a8df82f8463f4b7cdc0f374d41177cd34430c2417,V06,preserved,local_commit:656050cae337f96fdab3b47ec862ccae4f1c9601,outputs/burgers_data_block_missing_v1/m5/seed_00022/environment.json,Expériences antérieures M0/M1/M3/M5/M6 ; date exacte non attestée
outputs/burgers_data_block_missing_v1/m5/seed_00022/metrics.csv,10895,.csv,f2a037bea2c1e87078ccff1b6729409e8bef49dd235d2f3476ad7003efa6f0b0,V06,preserved,local_commit:656050cae337f96fdab3b47ec862ccae4f1c9601,outputs/burgers_data_block_missing_v1/m5/seed_00022/metrics.csv,Expériences antérieures M0/M1/M3/M5/M6 ; date exacte non attestée
outputs/burgers_data_block_missing_v1/m5/seed_00022/model.pt,21105,.pt,06993d9fe38834ee4577e3dd1455edd0cb4d01e98a202c7e53eb86a56b03600c,V06,preserved,local_commit:656050cae337f96fdab3b47ec862ccae4f1c9601,outputs/burgers_data_block_missing_v1/m5/seed_00022/model.pt,Expériences antérieures M0/M1/M3/M5/M6 ; date exacte non attestée
outputs/burgers_data_block_missing_v1/m5/seed_00022/summary.json,2258,.json,603ecbc8dc87d322cad8b356c5def7a267ae9002323b9a94f5aa75c2542a32c2,V06,preserved,local_commit:656050cae337f96fdab3b47ec862ccae4f1c9601,outputs/burgers_data_block_missing_v1/m5/seed_00022/summary.json,Expériences antérieures M0/M1/M3/M5/M6 ; date exacte non attestée
outputs/burgers_data_block_missing_v1/m5/seed_00033/checkpoint_0000600.pt,21799,.pt,21cc842cb4fb2f4274f88e4b95c0d530e00d81c5fff6f08d798354f6ec03863d,V06,preserved,local_commit:656050cae337f96fdab3b47ec862ccae4f1c9601,outputs/burgers_data_block_missing_v1/m5/seed_00033/checkpoint_0000600.pt,Expériences antérieures M0/M1/M3/M5/M6 ; date exacte non attestée
outputs/burgers_data_block_missing_v1/m5/seed_00033/config.resolved.yaml,1287,.yaml,89e7dfe4459388711eede79d3b5810201a5264c1a8a852bf4862fd2216ad198b,V06,preserved,local_commit:656050cae337f96fdab3b47ec862ccae4f1c9601,outputs/burgers_data_block_missing_v1/m5/seed_00033/config.resolved.yaml,Expériences antérieures M0/M1/M3/M5/M6 ; date exacte non attestée
outputs/burgers_data_block_missing_v1/m5/seed_00033/environment.json,270,.json,81e8b8ec1f0e36812a60c59a8df82f8463f4b7cdc0f374d41177cd34430c2417,V06,preserved,local_commit:656050cae337f96fdab3b47ec862ccae4f1c9601,outputs/burgers_data_block_missing_v1/m5/seed_00033/environment.json,Expériences antérieures M0/M1/M3/M5/M6 ; date exacte non attestée
outputs/burgers_data_block_missing_v1/m5/seed_00033/metrics.csv,10900,.csv,d1b757c01688722718207670022f592119f7241317e448b3d16d3baef9f25bf9,V06,preserved,local_commit:656050cae337f96fdab3b47ec862ccae4f1c9601,outputs/burgers_data_block_missing_v1/m5/seed_00033/metrics.csv,Expériences antérieures M0/M1/M3/M5/M6 ; date exacte non attestée
outputs/burgers_data_block_missing_v1/m5/seed_00033/model.pt,21105,.pt,8ccdbe6bf6b1907c71f8980d735ed438d5f541174c5ec2d8f6202131dcc89791,V06,preserved,local_commit:656050cae337f96fdab3b47ec862ccae4f1c9601,outputs/burgers_data_block_missing_v1/m5/seed_00033/model.pt,Expériences antérieures M0/M1/M3/M5/M6 ; date exacte non attestée
outputs/burgers_data_block_missing_v1/m5/seed_00033/summary.json,2263,.json,f42c6f4ca257253b1ff86d20bc66ae3e83bd005685cd06bf297953b7753a6456,V06,preserved,local_commit:656050cae337f96fdab3b47ec862ccae4f1c9601,outputs/burgers_data_block_missing_v1/m5/seed_00033/summary.json,Expériences antérieures M0/M1/M3/M5/M6 ; date exacte non attestée
outputs/burgers_data_block_missing_v1/m5/seed_00044/checkpoint_0000600.pt,21799,.pt,120504bc1c5476f8ba0803239c55b46fe1313d9656c81b3aed67f0beccecf5cd,V06,preserved,local_commit:656050cae337f96fdab3b47ec862ccae4f1c9601,outputs/burgers_data_block_missing_v1/m5/seed_00044/checkpoint_0000600.pt,Expériences antérieures M0/M1/M3/M5/M6 ; date exacte non attestée
outputs/burgers_data_block_missing_v1/m5/seed_00044/config.resolved.yaml,1287,.yaml,af46648624341bae70463098a523c694b3bd5bfbf783dbc3593a3e9ca7147814,V06,preserved,local_commit:656050cae337f96fdab3b47ec862ccae4f1c9601,outputs/burgers_data_block_missing_v1/m5/seed_00044/config.resolved.yaml,Expériences antérieures M0/M1/M3/M5/M6 ; date exacte non attestée
outputs/burgers_data_block_missing_v1/m5/seed_00044/environment.json,270,.json,81e8b8ec1f0e36812a60c59a8df82f8463f4b7cdc0f374d41177cd34430c2417,V06,preserved,local_commit:656050cae337f96fdab3b47ec862ccae4f1c9601,outputs/burgers_data_block_missing_v1/m5/seed_00044/environment.json,Expériences antérieures M0/M1/M3/M5/M6 ; date exacte non attestée
outputs/burgers_data_block_missing_v1/m5/seed_00044/metrics.csv,10921,.csv,3380985f7c7d438247981aa659bf82ec5930b9365ad08d0e22a82ee5c3211667,V06,preserved,local_commit:656050cae337f96fdab3b47ec862ccae4f1c9601,outputs/burgers_data_block_missing_v1/m5/seed_00044/metrics.csv,Expériences antérieures M0/M1/M3/M5/M6 ; date exacte non attestée
outputs/burgers_data_block_missing_v1/m5/seed_00044/model.pt,21105,.pt,448affb005ccb7f3623238e553810f3ec1796c30b4be0e731854415aff6b36a1,V06,preserved,local_commit:656050cae337f96fdab3b47ec862ccae4f1c9601,outputs/burgers_data_block_missing_v1/m5/seed_00044/model.pt,Expériences antérieures M0/M1/M3/M5/M6 ; date exacte non attestée
outputs/burgers_data_block_missing_v1/m5/seed_00044/summary.json,2266,.json,38c899f7c579de65ed4d7363130520ca15ebbdbb5888f642e4615fb17009c337,V06,preserved,local_commit:656050cae337f96fdab3b47ec862ccae4f1c9601,outputs/burgers_data_block_missing_v1/m5/seed_00044/summary.json,Expériences antérieures M0/M1/M3/M5/M6 ; date exacte non attestée
outputs/burgers_data_block_missing_v1/m5/seed_00055/checkpoint_0000600.pt,21799,.pt,6d07e0d73eda5c8eb9beef08a9a3889baea3b6bd8ffec27e3123f9aff5ff85f8,V06,preserved,local_commit:656050cae337f96fdab3b47ec862ccae4f1c9601,outputs/burgers_data_block_missing_v1/m5/seed_00055/checkpoint_0000600.pt,Expériences antérieures M0/M1/M3/M5/M6 ; date exacte non attestée
outputs/burgers_data_block_missing_v1/m5/seed_00055/config.resolved.yaml,1287,.yaml,7c45f5f0b1799f39caab16c7cc460bad436915b6f7f4fba87047ee42d2d977f9,V06,preserved,local_commit:656050cae337f96fdab3b47ec862ccae4f1c9601,outputs/burgers_data_block_missing_v1/m5/seed_00055/config.resolved.yaml,Expériences antérieures M0/M1/M3/M5/M6 ; date exacte non attestée
outputs/burgers_data_block_missing_v1/m5/seed_00055/environment.json,270,.json,81e8b8ec1f0e36812a60c59a8df82f8463f4b7cdc0f374d41177cd34430c2417,V06,preserved,local_commit:656050cae337f96fdab3b47ec862ccae4f1c9601,outputs/burgers_data_block_missing_v1/m5/seed_00055/environment.json,Expériences antérieures M0/M1/M3/M5/M6 ; date exacte non attestée
outputs/burgers_data_block_missing_v1/m5/seed_00055/metrics.csv,10951,.csv,5875b69a7965b2031dbad4c2a57f269b7a1d8cdf18de64a481c4bfb45cf3501a,V06,preserved,local_commit:656050cae337f96fdab3b47ec862ccae4f1c9601,outputs/burgers_data_block_missing_v1/m5/seed_00055/metrics.csv,Expériences antérieures M0/M1/M3/M5/M6 ; date exacte non attestée
outputs/burgers_data_block_missing_v1/m5/seed_00055/model.pt,21105,.pt,37ff07ed18cd279d1eb1fd7a9d99f48ce55afb8731afebb0a7dd5e3884c15294,V06,preserved,local_commit:656050cae337f96fdab3b47ec862ccae4f1c9601,outputs/burgers_data_block_missing_v1/m5/seed_00055/model.pt,Expériences antérieures M0/M1/M3/M5/M6 ; date exacte non attestée
outputs/burgers_data_block_missing_v1/m5/seed_00055/summary.json,2273,.json,965e9614f94937bb342cb52988e1b2b4ef632077ec5bd7d0dd9d6a9b0cfd4266,V06,preserved,local_commit:656050cae337f96fdab3b47ec862ccae4f1c9601,outputs/burgers_data_block_missing_v1/m5/seed_00055/summary.json,Expériences antérieures M0/M1/M3/M5/M6 ; date exacte non attestée
outputs/burgers_data_block_missing_v1/m5/seed_00066/checkpoint_0000600.pt,21799,.pt,d153e308e75109fad389a656a49e24ab940a30d4d404403cec511cc3a2bb2215,V06,preserved,local_commit:656050cae337f96fdab3b47ec862ccae4f1c9601,outputs/burgers_data_block_missing_v1/m5/seed_00066/checkpoint_0000600.pt,Expériences antérieures M0/M1/M3/M5/M6 ; date exacte non attestée
outputs/burgers_data_block_missing_v1/m5/seed_00066/config.resolved.yaml,1287,.yaml,d8c0301aeaa4e57d4ab19b032d430c7f54f589b568c3459f937446f404db3265,V06,preserved,local_commit:656050cae337f96fdab3b47ec862ccae4f1c9601,outputs/burgers_data_block_missing_v1/m5/seed_00066/config.resolved.yaml,Expériences antérieures M0/M1/M3/M5/M6 ; date exacte non attestée
outputs/burgers_data_block_missing_v1/m5/seed_00066/environment.json,270,.json,81e8b8ec1f0e36812a60c59a8df82f8463f4b7cdc0f374d41177cd34430c2417,V06,preserved,local_commit:656050cae337f96fdab3b47ec862ccae4f1c9601,outputs/burgers_data_block_missing_v1/m5/seed_00066/environment.json,Expériences antérieures M0/M1/M3/M5/M6 ; date exacte non attestée
outputs/burgers_data_block_missing_v1/m5/seed_00066/metrics.csv,10905,.csv,63dda47c75b7bf6c3d60ad4da3edc0aad6dc9f740d94c3f2fd3667f32e485275,V06,preserved,local_commit:656050cae337f96fdab3b47ec862ccae4f1c9601,outputs/burgers_data_block_missing_v1/m5/seed_00066/metrics.csv,Expériences antérieures M0/M1/M3/M5/M6 ; date exacte non attestée
outputs/burgers_data_block_missing_v1/m5/seed_00066/model.pt,21105,.pt,b482223b046478709f6eb12c31c1da49a3ee9154bf36a83d6c95ca290a24d70f,V06,preserved,local_commit:656050cae337f96fdab3b47ec862ccae4f1c9601,outputs/burgers_data_block_missing_v1/m5/seed_00066/model.pt,Expériences antérieures M0/M1/M3/M5/M6 ; date exacte non attestée
outputs/burgers_data_block_missing_v1/m5/seed_00066/summary.json,2262,.json,e92d4e01a1e8bc54e93cf0c39fe5be6aaa7c8affa6fbe43d620b60a0fcc3df6a,V06,preserved,local_commit:656050cae337f96fdab3b47ec862ccae4f1c9601,outputs/burgers_data_block_missing_v1/m5/seed_00066/summary.json,Expériences antérieures M0/M1/M3/M5/M6 ; date exacte non attestée
outputs/burgers_data_block_missing_v1/m5/seed_00077/checkpoint_0000600.pt,21799,.pt,504f45391e80b7bdc923ffe382ac9d98d1032ba684b5c20490ebc7a9d27b06cf,V06,preserved,local_commit:656050cae337f96fdab3b47ec862ccae4f1c9601,outputs/burgers_data_block_missing_v1/m5/seed_00077/checkpoint_0000600.pt,Expériences antérieures M0/M1/M3/M5/M6 ; date exacte non attestée
outputs/burgers_data_block_missing_v1/m5/seed_00077/config.resolved.yaml,1287,.yaml,519626f633efb227ff9e09a3859b95ab83f2ed9e3b81cef6c8559a1967cde5d8,V06,preserved,local_commit:656050cae337f96fdab3b47ec862ccae4f1c9601,outputs/burgers_data_block_missing_v1/m5/seed_00077/config.resolved.yaml,Expériences antérieures M0/M1/M3/M5/M6 ; date exacte non attestée
outputs/burgers_data_block_missing_v1/m5/seed_00077/environment.json,270,.json,81e8b8ec1f0e36812a60c59a8df82f8463f4b7cdc0f374d41177cd34430c2417,V06,preserved,local_commit:656050cae337f96fdab3b47ec862ccae4f1c9601,outputs/burgers_data_block_missing_v1/m5/seed_00077/environment.json,Expériences antérieures M0/M1/M3/M5/M6 ; date exacte non attestée
outputs/burgers_data_block_missing_v1/m5/seed_00077/metrics.csv,10904,.csv,378d67c95706be9ee875a5502b40e75015dee3cf50c11693ed823a9805918d91,V06,preserved,local_commit:656050cae337f96fdab3b47ec862ccae4f1c9601,outputs/burgers_data_block_missing_v1/m5/seed_00077/metrics.csv,Expériences antérieures M0/M1/M3/M5/M6 ; date exacte non attestée
outputs/burgers_data_block_missing_v1/m5/seed_00077/model.pt,21105,.pt,14aefc776ad07540cbae9898de99a252e1d2d4089868ebd08f7c904310c29bdd,V06,preserved,local_commit:656050cae337f96fdab3b47ec862ccae4f1c9601,outputs/burgers_data_block_missing_v1/m5/seed_00077/model.pt,Expériences antérieures M0/M1/M3/M5/M6 ; date exacte non attestée
outputs/burgers_data_block_missing_v1/m5/seed_00077/summary.json,2265,.json,aac872d358100493d252fefa447c84fca504d5e6b424d708c3fbaa5511aa232f,V06,preserved,local_commit:656050cae337f96fdab3b47ec862ccae4f1c9601,outputs/burgers_data_block_missing_v1/m5/seed_00077/summary.json,Expériences antérieures M0/M1/M3/M5/M6 ; date exacte non attestée
outputs/burgers_data_block_missing_v1/m5/seed_00088/checkpoint_0000600.pt,21799,.pt,2c6e82c4c0380f825b54583bb80d0d63d946b6337088a29465487b3be7caf5e2,V06,preserved,local_commit:656050cae337f96fdab3b47ec862ccae4f1c9601,outputs/burgers_data_block_missing_v1/m5/seed_00088/checkpoint_0000600.pt,Expériences antérieures M0/M1/M3/M5/M6 ; date exacte non attestée
outputs/burgers_data_block_missing_v1/m5/seed_00088/config.resolved.yaml,1287,.yaml,5c7391f8d55926cfbd58a4d3fbb8ffadfe604bdbc7360b1c3c4699db508af5b6,V06,preserved,local_commit:656050cae337f96fdab3b47ec862ccae4f1c9601,outputs/burgers_data_block_missing_v1/m5/seed_00088/config.resolved.yaml,Expériences antérieures M0/M1/M3/M5/M6 ; date exacte non attestée
outputs/burgers_data_block_missing_v1/m5/seed_00088/environment.json,270,.json,81e8b8ec1f0e36812a60c59a8df82f8463f4b7cdc0f374d41177cd34430c2417,V06,preserved,local_commit:656050cae337f96fdab3b47ec862ccae4f1c9601,outputs/burgers_data_block_missing_v1/m5/seed_00088/environment.json,Expériences antérieures M0/M1/M3/M5/M6 ; date exacte non attestée
outputs/burgers_data_block_missing_v1/m5/seed_00088/metrics.csv,10896,.csv,8c53afea84455c32b2eb8a3ca03b140fd52adeda728e4bd2a7ff17f197bcba75,V06,preserved,local_commit:656050cae337f96fdab3b47ec862ccae4f1c9601,outputs/burgers_data_block_missing_v1/m5/seed_00088/metrics.csv,Expériences antérieures M0/M1/M3/M5/M6 ; date exacte non attestée
outputs/burgers_data_block_missing_v1/m5/seed_00088/model.pt,21105,.pt,271082246d9c335d8a35c8a13cea8cbaee9a8e345b5cf00a6a8da7084695f66e,V06,preserved,local_commit:656050cae337f96fdab3b47ec862ccae4f1c9601,outputs/burgers_data_block_missing_v1/m5/seed_00088/model.pt,Expériences antérieures M0/M1/M3/M5/M6 ; date exacte non attestée
outputs/burgers_data_block_missing_v1/m5/seed_00088/summary.json,2264,.json,78642205aea47e0ae49b685ec5fe40b18787095512ff393aa0eb941702165d90,V06,preserved,local_commit:656050cae337f96fdab3b47ec862ccae4f1c9601,outputs/burgers_data_block_missing_v1/m5/seed_00088/summary.json,Expériences antérieures M0/M1/M3/M5/M6 ; date exacte non attestée
outputs/burgers_data_block_missing_v1/m5/seed_00099/checkpoint_0000600.pt,21799,.pt,54f4d55943bc7733ddeb2fd6bad9d16092842384faa2d22e195b6722b397a4a8,V06,preserved,local_commit:656050cae337f96fdab3b47ec862ccae4f1c9601,outputs/burgers_data_block_missing_v1/m5/seed_00099/checkpoint_0000600.pt,Expériences antérieures M0/M1/M3/M5/M6 ; date exacte non attestée
outputs/burgers_data_block_missing_v1/m5/seed_00099/config.resolved.yaml,1287,.yaml,d45d55af2a9dab67cda150b7c1fb1ff05b7ec3b7fd07be7b331342b5598f555a,V06,preserved,local_commit:656050cae337f96fdab3b47ec862ccae4f1c9601,outputs/burgers_data_block_missing_v1/m5/seed_00099/config.resolved.yaml,Expériences antérieures M0/M1/M3/M5/M6 ; date exacte non attestée
outputs/burgers_data_block_missing_v1/m5/seed_00099/environment.json,270,.json,81e8b8ec1f0e36812a60c59a8df82f8463f4b7cdc0f374d41177cd34430c2417,V06,preserved,local_commit:656050cae337f96fdab3b47ec862ccae4f1c9601,outputs/burgers_data_block_missing_v1/m5/seed_00099/environment.json,Expériences antérieures M0/M1/M3/M5/M6 ; date exacte non attestée
outputs/burgers_data_block_missing_v1/m5/seed_00099/metrics.csv,10908,.csv,6fb59556424ee993f7cf2290b943268921c6885f7ad8c582e86df22472fe535a,V06,preserved,local_commit:656050cae337f96fdab3b47ec862ccae4f1c9601,outputs/burgers_data_block_missing_v1/m5/seed_00099/metrics.csv,Expériences antérieures M0/M1/M3/M5/M6 ; date exacte non attestée
outputs/burgers_data_block_missing_v1/m5/seed_00099/model.pt,21105,.pt,c603958a75795a3050f03e7324af440eb30abdb9ba97151819496aa2b836bb84,V06,preserved,local_commit:656050cae337f96fdab3b47ec862ccae4f1c9601,outputs/burgers_data_block_missing_v1/m5/seed_00099/model.pt,Expériences antérieures M0/M1/M3/M5/M6 ; date exacte non attestée
outputs/burgers_data_block_missing_v1/m5/seed_00099/summary.json,2269,.json,ce63e6fef7432e6756385af7e43e1620628e9cec596ebcf52afe2a761c17788c,V06,preserved,local_commit:656050cae337f96fdab3b47ec862ccae4f1c9601,outputs/burgers_data_block_missing_v1/m5/seed_00099/summary.json,Expériences antérieures M0/M1/M3/M5/M6 ; date exacte non attestée
outputs/burgers_data_block_missing_v1/m5/seed_00111/checkpoint_0000600.pt,21799,.pt,07c8f604fff4532177197a4b6f3ec12bf41f46a7892c9f0f6f01379f1a075746,V06,preserved,local_commit:656050cae337f96fdab3b47ec862ccae4f1c9601,outputs/burgers_data_block_missing_v1/m5/seed_00111/checkpoint_0000600.pt,Expériences antérieures M0/M1/M3/M5/M6 ; date exacte non attestée
outputs/burgers_data_block_missing_v1/m5/seed_00111/config.resolved.yaml,1288,.yaml,32b51c621fc7a5f9a9b795afa963ab359d948ad3aa15a56fdee1637634f13652,V06,preserved,local_commit:656050cae337f96fdab3b47ec862ccae4f1c9601,outputs/burgers_data_block_missing_v1/m5/seed_00111/config.resolved.yaml,Expériences antérieures M0/M1/M3/M5/M6 ; date exacte non attestée
outputs/burgers_data_block_missing_v1/m5/seed_00111/environment.json,270,.json,81e8b8ec1f0e36812a60c59a8df82f8463f4b7cdc0f374d41177cd34430c2417,V06,preserved,local_commit:656050cae337f96fdab3b47ec862ccae4f1c9601,outputs/burgers_data_block_missing_v1/m5/seed_00111/environment.json,Expériences antérieures M0/M1/M3/M5/M6 ; date exacte non attestée
outputs/burgers_data_block_missing_v1/m5/seed_00111/metrics.csv,10936,.csv,2109e7451fb0188a3e40312a089b2e27ce16e8f472f3f7f5a533acf96f62e334,V06,preserved,local_commit:656050cae337f96fdab3b47ec862ccae4f1c9601,outputs/burgers_data_block_missing_v1/m5/seed_00111/metrics.csv,Expériences antérieures M0/M1/M3/M5/M6 ; date exacte non attestée
outputs/burgers_data_block_missing_v1/m5/seed_00111/model.pt,21105,.pt,ef9b0004d7d26ccae606db3b10160e86503d365f7cea05342dac7fe29c18aa97,V06,preserved,local_commit:656050cae337f96fdab3b47ec862ccae4f1c9601,outputs/burgers_data_block_missing_v1/m5/seed_00111/model.pt,Expériences antérieures M0/M1/M3/M5/M6 ; date exacte non attestée
outputs/burgers_data_block_missing_v1/m5/seed_00111/summary.json,2269,.json,9682817433965731eca81360ca0e0948a9e5083d7b95e3931e76ca6f142abc15,V06,preserved,local_commit:656050cae337f96fdab3b47ec862ccae4f1c9601,outputs/burgers_data_block_missing_v1/m5/seed_00111/summary.json,Expériences antérieures M0/M1/M3/M5/M6 ; date exacte non attestée
outputs/burgers_data_block_missing_v1/m6/seed_00011/checkpoint_0000600.pt,21799,.pt,101a5387518b295bce5fde833a73515659b110efe8862597279d8e6c44b92d58,V06,preserved,local_commit:656050cae337f96fdab3b47ec862ccae4f1c9601,outputs/burgers_data_block_missing_v1/m6/seed_00011/checkpoint_0000600.pt,Expériences antérieures M0/M1/M3/M5/M6 ; date exacte non attestée
outputs/burgers_data_block_missing_v1/m6/seed_00011/config.resolved.yaml,1287,.yaml,52056915c90bc0a5be871be18c80bd72660e6eb3ba2ce128a6c6fb1a7464273d,V06,preserved,local_commit:656050cae337f96fdab3b47ec862ccae4f1c9601,outputs/burgers_data_block_missing_v1/m6/seed_00011/config.resolved.yaml,Expériences antérieures M0/M1/M3/M5/M6 ; date exacte non attestée
outputs/burgers_data_block_missing_v1/m6/seed_00011/environment.json,270,.json,81e8b8ec1f0e36812a60c59a8df82f8463f4b7cdc0f374d41177cd34430c2417,V06,preserved,local_commit:656050cae337f96fdab3b47ec862ccae4f1c9601,outputs/burgers_data_block_missing_v1/m6/seed_00011/environment.json,Expériences antérieures M0/M1/M3/M5/M6 ; date exacte non attestée
outputs/burgers_data_block_missing_v1/m6/seed_00011/metrics.csv,10860,.csv,4fd587a8e6d89b7d1bfb27e78ab37de27e3e20e783044a23548805b95e6434ef,V06,preserved,local_commit:656050cae337f96fdab3b47ec862ccae4f1c9601,outputs/burgers_data_block_missing_v1/m6/seed_00011/metrics.csv,Expériences antérieures M0/M1/M3/M5/M6 ; date exacte non attestée
outputs/burgers_data_block_missing_v1/m6/seed_00011/model.pt,21105,.pt,857fa4509cbdb38ba0190cf4dc14094b4e258b8e8417eedb85aa90d261f045c5,V06,preserved,local_commit:656050cae337f96fdab3b47ec862ccae4f1c9601,outputs/burgers_data_block_missing_v1/m6/seed_00011/model.pt,Expériences antérieures M0/M1/M3/M5/M6 ; date exacte non attestée
outputs/burgers_data_block_missing_v1/m6/seed_00011/summary.json,2255,.json,bfe5e99bd22e4973a150603a04a7811bea37efc3dda0b9e4fdef7def7ec0be8c,V06,preserved,local_commit:656050cae337f96fdab3b47ec862ccae4f1c9601,outputs/burgers_data_block_missing_v1/m6/seed_00011/summary.json,Expériences antérieures M0/M1/M3/M5/M6 ; date exacte non attestée
outputs/burgers_data_block_missing_v1/m6/seed_00022/checkpoint_0000600.pt,21799,.pt,e5282823318951a88cb824086ee7396c721601394efe21f91cfa4c668fb90cf3,V06,preserved,local_commit:656050cae337f96fdab3b47ec862ccae4f1c9601,outputs/burgers_data_block_missing_v1/m6/seed_00022/checkpoint_0000600.pt,Expériences antérieures M0/M1/M3/M5/M6 ; date exacte non attestée
outputs/burgers_data_block_missing_v1/m6/seed_00022/config.resolved.yaml,1287,.yaml,092732e6a3e7ce7de066ce7934856faede283c662143e50b329e59de4239f31c,V06,preserved,local_commit:656050cae337f96fdab3b47ec862ccae4f1c9601,outputs/burgers_data_block_missing_v1/m6/seed_00022/config.resolved.yaml,Expériences antérieures M0/M1/M3/M5/M6 ; date exacte non attestée
outputs/burgers_data_block_missing_v1/m6/seed_00022/environment.json,270,.json,81e8b8ec1f0e36812a60c59a8df82f8463f4b7cdc0f374d41177cd34430c2417,V06,preserved,local_commit:656050cae337f96fdab3b47ec862ccae4f1c9601,outputs/burgers_data_block_missing_v1/m6/seed_00022/environment.json,Expériences antérieures M0/M1/M3/M5/M6 ; date exacte non attestée
outputs/burgers_data_block_missing_v1/m6/seed_00022/metrics.csv,10892,.csv,33b9173a9ea1e4a5616ace3fcd9591bfa9934f31e4e0e0b8ce5b43f0bc044220,V06,preserved,local_commit:656050cae337f96fdab3b47ec862ccae4f1c9601,outputs/burgers_data_block_missing_v1/m6/seed_00022/metrics.csv,Expériences antérieures M0/M1/M3/M5/M6 ; date exacte non attestée
outputs/burgers_data_block_missing_v1/m6/seed_00022/model.pt,21105,.pt,de180b1a445bb981673e320fd9763ab3ca8f3c27a56e26ec339688226fa36dcc,V06,preserved,local_commit:656050cae337f96fdab3b47ec862ccae4f1c9601,outputs/burgers_data_block_missing_v1/m6/seed_00022/model.pt,Expériences antérieures M0/M1/M3/M5/M6 ; date exacte non attestée
outputs/burgers_data_block_missing_v1/m6/seed_00022/summary.json,2256,.json,7c754061dc7d4c8a8a5b45504070c87ba285ee16f7ebe2feb2eca3caba716f05,V06,preserved,local_commit:656050cae337f96fdab3b47ec862ccae4f1c9601,outputs/burgers_data_block_missing_v1/m6/seed_00022/summary.json,Expériences antérieures M0/M1/M3/M5/M6 ; date exacte non attestée
outputs/burgers_data_block_missing_v1/m6/seed_00033/checkpoint_0000600.pt,21799,.pt,147346ab776bbace214f1683fb0f3974ff9858d7d075e4b1ee6bb99c5a671413,V06,preserved,local_commit:656050cae337f96fdab3b47ec862ccae4f1c9601,outputs/burgers_data_block_missing_v1/m6/seed_00033/checkpoint_0000600.pt,Expériences antérieures M0/M1/M3/M5/M6 ; date exacte non attestée
outputs/burgers_data_block_missing_v1/m6/seed_00033/config.resolved.yaml,1287,.yaml,a95ef6c982926249f118c1c8e589e495e708ab1ff9be3d8338f74af59aab22f9,V06,preserved,local_commit:656050cae337f96fdab3b47ec862ccae4f1c9601,outputs/burgers_data_block_missing_v1/m6/seed_00033/config.resolved.yaml,Expériences antérieures M0/M1/M3/M5/M6 ; date exacte non attestée
outputs/burgers_data_block_missing_v1/m6/seed_00033/environment.json,270,.json,81e8b8ec1f0e36812a60c59a8df82f8463f4b7cdc0f374d41177cd34430c2417,V06,preserved,local_commit:656050cae337f96fdab3b47ec862ccae4f1c9601,outputs/burgers_data_block_missing_v1/m6/seed_00033/environment.json,Expériences antérieures M0/M1/M3/M5/M6 ; date exacte non attestée
outputs/burgers_data_block_missing_v1/m6/seed_00033/metrics.csv,10919,.csv,026d266cc21567bf873413df15ae68792f6a4dc8f8c9d3957afdf821babd67d5,V06,preserved,local_commit:656050cae337f96fdab3b47ec862ccae4f1c9601,outputs/burgers_data_block_missing_v1/m6/seed_00033/metrics.csv,Expériences antérieures M0/M1/M3/M5/M6 ; date exacte non attestée
outputs/burgers_data_block_missing_v1/m6/seed_00033/model.pt,21105,.pt,a7895f22a38c937718ed22360dfca5f5e422cb8b7d183901d56853b9f13cecd1,V06,preserved,local_commit:656050cae337f96fdab3b47ec862ccae4f1c9601,outputs/burgers_data_block_missing_v1/m6/seed_00033/model.pt,Expériences antérieures M0/M1/M3/M5/M6 ; date exacte non attestée
outputs/burgers_data_block_missing_v1/m6/seed_00033/summary.json,2258,.json,557f18d04570f454a353602f80ab05a0c64db5a8172e2ef012ed270a4661cd18,V06,preserved,local_commit:656050cae337f96fdab3b47ec862ccae4f1c9601,outputs/burgers_data_block_missing_v1/m6/seed_00033/summary.json,Expériences antérieures M0/M1/M3/M5/M6 ; date exacte non attestée
outputs/burgers_data_block_missing_v1/m6/seed_00044/checkpoint_0000600.pt,21799,.pt,8f15f74819e76506f5be757112feaa7e154e3be52ce85264f6f2bedd46cbd310,V06,preserved,local_commit:656050cae337f96fdab3b47ec862ccae4f1c9601,outputs/burgers_data_block_missing_v1/m6/seed_00044/checkpoint_0000600.pt,Expériences antérieures M0/M1/M3/M5/M6 ; date exacte non attestée
outputs/burgers_data_block_missing_v1/m6/seed_00044/config.resolved.yaml,1287,.yaml,8564b34f34442c8a66ec231fab77d24c4f9b95b1e3a1b760e8c8769e186e2077,V06,preserved,local_commit:656050cae337f96fdab3b47ec862ccae4f1c9601,outputs/burgers_data_block_missing_v1/m6/seed_00044/config.resolved.yaml,Expériences antérieures M0/M1/M3/M5/M6 ; date exacte non attestée
outputs/burgers_data_block_missing_v1/m6/seed_00044/environment.json,270,.json,81e8b8ec1f0e36812a60c59a8df82f8463f4b7cdc0f374d41177cd34430c2417,V06,preserved,local_commit:656050cae337f96fdab3b47ec862ccae4f1c9601,outputs/burgers_data_block_missing_v1/m6/seed_00044/environment.json,Expériences antérieures M0/M1/M3/M5/M6 ; date exacte non attestée
outputs/burgers_data_block_missing_v1/m6/seed_00044/metrics.csv,10903,.csv,8c1af9c15b0b2231ce04d0b89ed95554106dc07b8c2e6fcaf3e0d58e763272e6,V06,preserved,local_commit:656050cae337f96fdab3b47ec862ccae4f1c9601,outputs/burgers_data_block_missing_v1/m6/seed_00044/metrics.csv,Expériences antérieures M0/M1/M3/M5/M6 ; date exacte non attestée
outputs/burgers_data_block_missing_v1/m6/seed_00044/model.pt,21105,.pt,8f6a22ef3a12a936f0e28d656f7585623dae9a1cae0e3f319d50ebc1d9c64e26,V06,preserved,local_commit:656050cae337f96fdab3b47ec862ccae4f1c9601,outputs/burgers_data_block_missing_v1/m6/seed_00044/model.pt,Expériences antérieures M0/M1/M3/M5/M6 ; date exacte non attestée
outputs/burgers_data_block_missing_v1/m6/seed_00044/summary.json,2260,.json,0c72d1f139f777489ba7df62a1af2df1ef8388ff231f000221ba19ba5b5b403d,V06,preserved,local_commit:656050cae337f96fdab3b47ec862ccae4f1c9601,outputs/burgers_data_block_missing_v1/m6/seed_00044/summary.json,Expériences antérieures M0/M1/M3/M5/M6 ; date exacte non attestée
outputs/burgers_data_block_missing_v1/m6/seed_00055/checkpoint_0000600.pt,21799,.pt,24b8d7865b35e8525e95913b6f88362a4d29d8cd4af5ebb9f9b7867d7e7bcdd5,V06,preserved,local_commit:656050cae337f96fdab3b47ec862ccae4f1c9601,outputs/burgers_data_block_missing_v1/m6/seed_00055/checkpoint_0000600.pt,Expériences antérieures M0/M1/M3/M5/M6 ; date exacte non attestée
outputs/burgers_data_block_missing_v1/m6/seed_00055/config.resolved.yaml,1287,.yaml,aecce68e33401c6e81ab1d7f368e8b855680be915d233e1885021650fdbb96e3,V06,preserved,local_commit:656050cae337f96fdab3b47ec862ccae4f1c9601,outputs/burgers_data_block_missing_v1/m6/seed_00055/config.resolved.yaml,Expériences antérieures M0/M1/M3/M5/M6 ; date exacte non attestée
outputs/burgers_data_block_missing_v1/m6/seed_00055/environment.json,270,.json,81e8b8ec1f0e36812a60c59a8df82f8463f4b7cdc0f374d41177cd34430c2417,V06,preserved,local_commit:656050cae337f96fdab3b47ec862ccae4f1c9601,outputs/burgers_data_block_missing_v1/m6/seed_00055/environment.json,Expériences antérieures M0/M1/M3/M5/M6 ; date exacte non attestée
outputs/burgers_data_block_missing_v1/m6/seed_00055/metrics.csv,10927,.csv,fcc794eae71fd0bd3706c68397cb0ff98243bd82e92f0f0499848491dd8f5d72,V06,preserved,local_commit:656050cae337f96fdab3b47ec862ccae4f1c9601,outputs/burgers_data_block_missing_v1/m6/seed_00055/metrics.csv,Expériences antérieures M0/M1/M3/M5/M6 ; date exacte non attestée
outputs/burgers_data_block_missing_v1/m6/seed_00055/model.pt,21105,.pt,a6caa7742e2e67ace50934f84a361819ce96d21cfa1665ba464b54ab79a0b673,V06,preserved,local_commit:656050cae337f96fdab3b47ec862ccae4f1c9601,outputs/burgers_data_block_missing_v1/m6/seed_00055/model.pt,Expériences antérieures M0/M1/M3/M5/M6 ; date exacte non attestée
outputs/burgers_data_block_missing_v1/m6/seed_00055/summary.json,2257,.json,d4d20ea3888fbb7914b43fd7bd5e57e7b4d0090375a4b7307ca655e073f23aed,V06,preserved,local_commit:656050cae337f96fdab3b47ec862ccae4f1c9601,outputs/burgers_data_block_missing_v1/m6/seed_00055/summary.json,Expériences antérieures M0/M1/M3/M5/M6 ; date exacte non attestée
outputs/burgers_data_block_missing_v1/m6/seed_00066/checkpoint_0000600.pt,21799,.pt,2dc61b09a2cb8b83c7cc7f5f4c5aa0923e3469897248bf2725dc254413b8effb,V06,preserved,local_commit:656050cae337f96fdab3b47ec862ccae4f1c9601,outputs/burgers_data_block_missing_v1/m6/seed_00066/checkpoint_0000600.pt,Expériences antérieures M0/M1/M3/M5/M6 ; date exacte non attestée
outputs/burgers_data_block_missing_v1/m6/seed_00066/config.resolved.yaml,1287,.yaml,29bd1b1da096e6b9f7c50bbc43ed34f735e03021cb3889c388e912c2f9e02cbb,V06,preserved,local_commit:656050cae337f96fdab3b47ec862ccae4f1c9601,outputs/burgers_data_block_missing_v1/m6/seed_00066/config.resolved.yaml,Expériences antérieures M0/M1/M3/M5/M6 ; date exacte non attestée
outputs/burgers_data_block_missing_v1/m6/seed_00066/environment.json,270,.json,81e8b8ec1f0e36812a60c59a8df82f8463f4b7cdc0f374d41177cd34430c2417,V06,preserved,local_commit:656050cae337f96fdab3b47ec862ccae4f1c9601,outputs/burgers_data_block_missing_v1/m6/seed_00066/environment.json,Expériences antérieures M0/M1/M3/M5/M6 ; date exacte non attestée
outputs/burgers_data_block_missing_v1/m6/seed_00066/metrics.csv,10920,.csv,c99f8d934c8882bd04a30bc006b5322c4414c7d4ced1bc06a99602f1bf36bead,V06,preserved,local_commit:656050cae337f96fdab3b47ec862ccae4f1c9601,outputs/burgers_data_block_missing_v1/m6/seed_00066/metrics.csv,Expériences antérieures M0/M1/M3/M5/M6 ; date exacte non attestée
outputs/burgers_data_block_missing_v1/m6/seed_00066/model.pt,21105,.pt,6350cba99dcf0788664ba347af360b53089443a00e2f28e0e96df0f7f73f91c2,V06,preserved,local_commit:656050cae337f96fdab3b47ec862ccae4f1c9601,outputs/burgers_data_block_missing_v1/m6/seed_00066/model.pt,Expériences antérieures M0/M1/M3/M5/M6 ; date exacte non attestée
outputs/burgers_data_block_missing_v1/m6/seed_00066/summary.json,2260,.json,99fb273feae1eb1e16117fef13a8b6e3c5bb53e1cd78ba321b96e4e720aaa9e5,V06,preserved,local_commit:656050cae337f96fdab3b47ec862ccae4f1c9601,outputs/burgers_data_block_missing_v1/m6/seed_00066/summary.json,Expériences antérieures M0/M1/M3/M5/M6 ; date exacte non attestée
outputs/burgers_data_block_missing_v1/m6/seed_00077/checkpoint_0000600.pt,21799,.pt,9914813cee99d24bb4cbbbdb60f426cff52f65cfe9ff6736dbc6471a3618b0ab,V06,preserved,local_commit:656050cae337f96fdab3b47ec862ccae4f1c9601,outputs/burgers_data_block_missing_v1/m6/seed_00077/checkpoint_0000600.pt,Expériences antérieures M0/M1/M3/M5/M6 ; date exacte non attestée
outputs/burgers_data_block_missing_v1/m6/seed_00077/config.resolved.yaml,1287,.yaml,5a061104bbb34fd5b67414d548fdebecd77fb17518803c89cc0c6924410b8310,V06,preserved,local_commit:656050cae337f96fdab3b47ec862ccae4f1c9601,outputs/burgers_data_block_missing_v1/m6/seed_00077/config.resolved.yaml,Expériences antérieures M0/M1/M3/M5/M6 ; date exacte non attestée
outputs/burgers_data_block_missing_v1/m6/seed_00077/environment.json,270,.json,81e8b8ec1f0e36812a60c59a8df82f8463f4b7cdc0f374d41177cd34430c2417,V06,preserved,local_commit:656050cae337f96fdab3b47ec862ccae4f1c9601,outputs/burgers_data_block_missing_v1/m6/seed_00077/environment.json,Expériences antérieures M0/M1/M3/M5/M6 ; date exacte non attestée
outputs/burgers_data_block_missing_v1/m6/seed_00077/metrics.csv,10911,.csv,77d71d2d4ba57135c70d88d22d23c0e5293c6f7a018f95364f92cbf0fc764824,V06,preserved,local_commit:656050cae337f96fdab3b47ec862ccae4f1c9601,outputs/burgers_data_block_missing_v1/m6/seed_00077/metrics.csv,Expériences antérieures M0/M1/M3/M5/M6 ; date exacte non attestée
outputs/burgers_data_block_missing_v1/m6/seed_00077/model.pt,21105,.pt,959ff03571d56f1f9cc091e5a63f0a232b120c41ceef69591a52070c4e51e1ef,V06,preserved,local_commit:656050cae337f96fdab3b47ec862ccae4f1c9601,outputs/burgers_data_block_missing_v1/m6/seed_00077/model.pt,Expériences antérieures M0/M1/M3/M5/M6 ; date exacte non attestée
outputs/burgers_data_block_missing_v1/m6/seed_00077/summary.json,2259,.json,5df1add1f8fbbfd3a744c6a35a108a57ee6f4e88931ef25e0c9ce1ad45b9719d,V06,preserved,local_commit:656050cae337f96fdab3b47ec862ccae4f1c9601,outputs/burgers_data_block_missing_v1/m6/seed_00077/summary.json,Expériences antérieures M0/M1/M3/M5/M6 ; date exacte non attestée
outputs/burgers_data_block_missing_v1/m6/seed_00088/checkpoint_0000600.pt,21799,.pt,6bb8f555e0f72bf46b9e0580f186b550b60807c45125fe65b0bc8866a6831ae6,V06,preserved,local_commit:656050cae337f96fdab3b47ec862ccae4f1c9601,outputs/burgers_data_block_missing_v1/m6/seed_00088/checkpoint_0000600.pt,Expériences antérieures M0/M1/M3/M5/M6 ; date exacte non attestée
outputs/burgers_data_block_missing_v1/m6/seed_00088/config.resolved.yaml,1287,.yaml,aaf8efb75f50b85d5b337164fb4104f4e64c2751fe401a0150ae46f25dec59ff,V06,preserved,local_commit:656050cae337f96fdab3b47ec862ccae4f1c9601,outputs/burgers_data_block_missing_v1/m6/seed_00088/config.resolved.yaml,Expériences antérieures M0/M1/M3/M5/M6 ; date exacte non attestée
outputs/burgers_data_block_missing_v1/m6/seed_00088/environment.json,270,.json,81e8b8ec1f0e36812a60c59a8df82f8463f4b7cdc0f374d41177cd34430c2417,V06,preserved,local_commit:656050cae337f96fdab3b47ec862ccae4f1c9601,outputs/burgers_data_block_missing_v1/m6/seed_00088/environment.json,Expériences antérieures M0/M1/M3/M5/M6 ; date exacte non attestée
outputs/burgers_data_block_missing_v1/m6/seed_00088/metrics.csv,10915,.csv,aa174a3f735caf2015551d6523268510f270d8c8cddb14e373051b546a53c5fe,V06,preserved,local_commit:656050cae337f96fdab3b47ec862ccae4f1c9601,outputs/burgers_data_block_missing_v1/m6/seed_00088/metrics.csv,Expériences antérieures M0/M1/M3/M5/M6 ; date exacte non attestée
outputs/burgers_data_block_missing_v1/m6/seed_00088/model.pt,21105,.pt,120b4c0f7021a578ec01f24cc6503cd4358383ecf702ab718ad0b15ba09c7c16,V06,preserved,local_commit:656050cae337f96fdab3b47ec862ccae4f1c9601,outputs/burgers_data_block_missing_v1/m6/seed_00088/model.pt,Expériences antérieures M0/M1/M3/M5/M6 ; date exacte non attestée
outputs/burgers_data_block_missing_v1/m6/seed_00088/summary.json,2258,.json,a832124ad375ca8678af27b7efff80e772e90c5ae960fc13639d8cc4da59e7fd,V06,preserved,local_commit:656050cae337f96fdab3b47ec862ccae4f1c9601,outputs/burgers_data_block_missing_v1/m6/seed_00088/summary.json,Expériences antérieures M0/M1/M3/M5/M6 ; date exacte non attestée
outputs/burgers_data_block_missing_v1/m6/seed_00099/checkpoint_0000600.pt,21799,.pt,5567ad2b82a251be7b3fe15769554ea3697d57daba871c656741513686e67df7,V06,preserved,local_commit:656050cae337f96fdab3b47ec862ccae4f1c9601,outputs/burgers_data_block_missing_v1/m6/seed_00099/checkpoint_0000600.pt,Expériences antérieures M0/M1/M3/M5/M6 ; date exacte non attestée
outputs/burgers_data_block_missing_v1/m6/seed_00099/config.resolved.yaml,1287,.yaml,de7d9c8292a308b9bfbc69af0de17a16991f16ed19dfbf7d3fdc577ede3c9c81,V06,preserved,local_commit:656050cae337f96fdab3b47ec862ccae4f1c9601,outputs/burgers_data_block_missing_v1/m6/seed_00099/config.resolved.yaml,Expériences antérieures M0/M1/M3/M5/M6 ; date exacte non attestée
outputs/burgers_data_block_missing_v1/m6/seed_00099/environment.json,270,.json,81e8b8ec1f0e36812a60c59a8df82f8463f4b7cdc0f374d41177cd34430c2417,V06,preserved,local_commit:656050cae337f96fdab3b47ec862ccae4f1c9601,outputs/burgers_data_block_missing_v1/m6/seed_00099/environment.json,Expériences antérieures M0/M1/M3/M5/M6 ; date exacte non attestée
outputs/burgers_data_block_missing_v1/m6/seed_00099/metrics.csv,10920,.csv,cbe6026e75a9e5f3579efc7fb272994908b8cb6ac1d5ea4c32725e32598aeccf,V06,preserved,local_commit:656050cae337f96fdab3b47ec862ccae4f1c9601,outputs/burgers_data_block_missing_v1/m6/seed_00099/metrics.csv,Expériences antérieures M0/M1/M3/M5/M6 ; date exacte non attestée
outputs/burgers_data_block_missing_v1/m6/seed_00099/model.pt,21105,.pt,0e04cad1c6cc8a1bc11cca89fcf40766316f98928e04af0ba5bcda73f4f1b943,V06,preserved,local_commit:656050cae337f96fdab3b47ec862ccae4f1c9601,outputs/burgers_data_block_missing_v1/m6/seed_00099/model.pt,Expériences antérieures M0/M1/M3/M5/M6 ; date exacte non attestée
outputs/burgers_data_block_missing_v1/m6/seed_00099/summary.json,2261,.json,073a47f5ce299e89ef980b3d3673c0f7c78e14204ed57fcd7f8291c3131b9324,V06,preserved,local_commit:656050cae337f96fdab3b47ec862ccae4f1c9601,outputs/burgers_data_block_missing_v1/m6/seed_00099/summary.json,Expériences antérieures M0/M1/M3/M5/M6 ; date exacte non attestée
outputs/burgers_data_block_missing_v1/m6/seed_00111/checkpoint_0000600.pt,21799,.pt,da99559ff1c6868a78a971b8cb5fe6a6254944a6a7d17fe7164f1e83d562489f,V06,preserved,local_commit:656050cae337f96fdab3b47ec862ccae4f1c9601,outputs/burgers_data_block_missing_v1/m6/seed_00111/checkpoint_0000600.pt,Expériences antérieures M0/M1/M3/M5/M6 ; date exacte non attestée
outputs/burgers_data_block_missing_v1/m6/seed_00111/config.resolved.yaml,1288,.yaml,aebf38104ba31dacd2b117c9ac4e9153b4adf6e27f51deb334f580c6ba24ef2a,V06,preserved,local_commit:656050cae337f96fdab3b47ec862ccae4f1c9601,outputs/burgers_data_block_missing_v1/m6/seed_00111/config.resolved.yaml,Expériences antérieures M0/M1/M3/M5/M6 ; date exacte non attestée
outputs/burgers_data_block_missing_v1/m6/seed_00111/environment.json,270,.json,81e8b8ec1f0e36812a60c59a8df82f8463f4b7cdc0f374d41177cd34430c2417,V06,preserved,local_commit:656050cae337f96fdab3b47ec862ccae4f1c9601,outputs/burgers_data_block_missing_v1/m6/seed_00111/environment.json,Expériences antérieures M0/M1/M3/M5/M6 ; date exacte non attestée
outputs/burgers_data_block_missing_v1/m6/seed_00111/metrics.csv,10916,.csv,fc40316d15e6d80fd7d51f24081ba5b8b35410520855c78977f8f6211ea4eb19,V06,preserved,local_commit:656050cae337f96fdab3b47ec862ccae4f1c9601,outputs/burgers_data_block_missing_v1/m6/seed_00111/metrics.csv,Expériences antérieures M0/M1/M3/M5/M6 ; date exacte non attestée
outputs/burgers_data_block_missing_v1/m6/seed_00111/model.pt,21105,.pt,f1a3cde5ccfb391d2757404050f6d7b8f12044d6ea28e91955e9f760ae15e824,V06,preserved,local_commit:656050cae337f96fdab3b47ec862ccae4f1c9601,outputs/burgers_data_block_missing_v1/m6/seed_00111/model.pt,Expériences antérieures M0/M1/M3/M5/M6 ; date exacte non attestée
outputs/burgers_data_block_missing_v1/m6/seed_00111/summary.json,2259,.json,10b92965aad5be11f93e030d00da6fc5abab9b5772960e493c457d12f981ee0c,V06,preserved,local_commit:656050cae337f96fdab3b47ec862ccae4f1c9601,outputs/burgers_data_block_missing_v1/m6/seed_00111/summary.json,Expériences antérieures M0/M1/M3/M5/M6 ; date exacte non attestée
outputs/burgers_data_extreme_v1/m5/seed_00011/checkpoint_0000600.pt,21799,.pt,e89b80f47d8abf7cf5e8c107584a9e8a61adee620536ee48a51540c943bd9572,V06,preserved,local_commit:656050cae337f96fdab3b47ec862ccae4f1c9601,outputs/burgers_data_extreme_v1/m5/seed_00011/checkpoint_0000600.pt,Expériences antérieures M0/M1/M3/M5/M6 ; date exacte non attestée
outputs/burgers_data_extreme_v1/m5/seed_00011/config.resolved.yaml,1233,.yaml,b4aa8e48b1f3876ccb737c1343aebd1fc1b2b731d0304ff8a31d9a5645e2cdb0,V06,preserved,local_commit:656050cae337f96fdab3b47ec862ccae4f1c9601,outputs/burgers_data_extreme_v1/m5/seed_00011/config.resolved.yaml,Expériences antérieures M0/M1/M3/M5/M6 ; date exacte non attestée
outputs/burgers_data_extreme_v1/m5/seed_00011/environment.json,270,.json,81e8b8ec1f0e36812a60c59a8df82f8463f4b7cdc0f374d41177cd34430c2417,V06,preserved,local_commit:656050cae337f96fdab3b47ec862ccae4f1c9601,outputs/burgers_data_extreme_v1/m5/seed_00011/environment.json,Expériences antérieures M0/M1/M3/M5/M6 ; date exacte non attestée
outputs/burgers_data_extreme_v1/m5/seed_00011/metrics.csv,10939,.csv,2e3f04f7f4574924417ff17a546103b34bb149fd90c2b7eb28bdabeec44e5503,V06,preserved,local_commit:656050cae337f96fdab3b47ec862ccae4f1c9601,outputs/burgers_data_extreme_v1/m5/seed_00011/metrics.csv,Expériences antérieures M0/M1/M3/M5/M6 ; date exacte non attestée
outputs/burgers_data_extreme_v1/m5/seed_00011/model.pt,21105,.pt,678072039b91f784ec9246460029f5ed01b05994781bc4fca94eaf28e537a53b,V06,preserved,local_commit:656050cae337f96fdab3b47ec862ccae4f1c9601,outputs/burgers_data_extreme_v1/m5/seed_00011/model.pt,Expériences antérieures M0/M1/M3/M5/M6 ; date exacte non attestée
outputs/burgers_data_extreme_v1/m5/seed_00011/summary.json,2009,.json,f57dc97eef78ffab5a5381497f762e16ac8ab59d694f57108617509e01c973c2,V06,preserved,local_commit:656050cae337f96fdab3b47ec862ccae4f1c9601,outputs/burgers_data_extreme_v1/m5/seed_00011/summary.json,Expériences antérieures M0/M1/M3/M5/M6 ; date exacte non attestée
outputs/burgers_data_extreme_v1/m5/seed_00022/checkpoint_0000600.pt,21799,.pt,c014beb27771a9d37b277437e05483dfbec257996386fae0c72de75fded36341,V06,preserved,local_commit:656050cae337f96fdab3b47ec862ccae4f1c9601,outputs/burgers_data_extreme_v1/m5/seed_00022/checkpoint_0000600.pt,Expériences antérieures M0/M1/M3/M5/M6 ; date exacte non attestée
outputs/burgers_data_extreme_v1/m5/seed_00022/config.resolved.yaml,1233,.yaml,b4abdbba6f729b56b6e0d419ba7128cb11c7fdc24a96994264dec224a6873d68,V06,preserved,local_commit:656050cae337f96fdab3b47ec862ccae4f1c9601,outputs/burgers_data_extreme_v1/m5/seed_00022/config.resolved.yaml,Expériences antérieures M0/M1/M3/M5/M6 ; date exacte non attestée
outputs/burgers_data_extreme_v1/m5/seed_00022/environment.json,270,.json,81e8b8ec1f0e36812a60c59a8df82f8463f4b7cdc0f374d41177cd34430c2417,V06,preserved,local_commit:656050cae337f96fdab3b47ec862ccae4f1c9601,outputs/burgers_data_extreme_v1/m5/seed_00022/environment.json,Expériences antérieures M0/M1/M3/M5/M6 ; date exacte non attestée
outputs/burgers_data_extreme_v1/m5/seed_00022/metrics.csv,10911,.csv,02acb7b82d9e7eef85e7f7c172ee1bdc9c8fa0a917ea1a59782c1aa36887e405,V06,preserved,local_commit:656050cae337f96fdab3b47ec862ccae4f1c9601,outputs/burgers_data_extreme_v1/m5/seed_00022/metrics.csv,Expériences antérieures M0/M1/M3/M5/M6 ; date exacte non attestée
outputs/burgers_data_extreme_v1/m5/seed_00022/model.pt,21105,.pt,7555f3dd0cbb2c223c50e3d3e3d8f0599122ca43c97bb6e1fe25ef8d2746a5cd,V06,preserved,local_commit:656050cae337f96fdab3b47ec862ccae4f1c9601,outputs/burgers_data_extreme_v1/m5/seed_00022/model.pt,Expériences antérieures M0/M1/M3/M5/M6 ; date exacte non attestée
outputs/burgers_data_extreme_v1/m5/seed_00022/summary.json,2005,.json,d20ff77527b1786c35dd2d1be1070a7f8bb21f6380e579ea3b9c652abfc1e31d,V06,preserved,local_commit:656050cae337f96fdab3b47ec862ccae4f1c9601,outputs/burgers_data_extreme_v1/m5/seed_00022/summary.json,Expériences antérieures M0/M1/M3/M5/M6 ; date exacte non attestée
outputs/burgers_data_extreme_v1/m5/seed_00033/checkpoint_0000600.pt,21799,.pt,c3464b5c4506aa7f42dea75a8183e16bdcdbc6497ab34fd36f5776e080a738b1,V06,preserved,local_commit:656050cae337f96fdab3b47ec862ccae4f1c9601,outputs/burgers_data_extreme_v1/m5/seed_00033/checkpoint_0000600.pt,Expériences antérieures M0/M1/M3/M5/M6 ; date exacte non attestée
outputs/burgers_data_extreme_v1/m5/seed_00033/config.resolved.yaml,1233,.yaml,623b7be5b71453202daea66c4af3a328e52db7fd3ff0378c8f11c4bccac79b44,V06,preserved,local_commit:656050cae337f96fdab3b47ec862ccae4f1c9601,outputs/burgers_data_extreme_v1/m5/seed_00033/config.resolved.yaml,Expériences antérieures M0/M1/M3/M5/M6 ; date exacte non attestée
outputs/burgers_data_extreme_v1/m5/seed_00033/environment.json,270,.json,81e8b8ec1f0e36812a60c59a8df82f8463f4b7cdc0f374d41177cd34430c2417,V06,preserved,local_commit:656050cae337f96fdab3b47ec862ccae4f1c9601,outputs/burgers_data_extreme_v1/m5/seed_00033/environment.json,Expériences antérieures M0/M1/M3/M5/M6 ; date exacte non attestée
outputs/burgers_data_extreme_v1/m5/seed_00033/metrics.csv,10852,.csv,26a75928092fc43e7773b6646ffa7e4a9e2c0d971fd29c1a78a66fb5e13f9487,V06,preserved,local_commit:656050cae337f96fdab3b47ec862ccae4f1c9601,outputs/burgers_data_extreme_v1/m5/seed_00033/metrics.csv,Expériences antérieures M0/M1/M3/M5/M6 ; date exacte non attestée
outputs/burgers_data_extreme_v1/m5/seed_00033/model.pt,21105,.pt,3c678da02cee578c074f98df42ae897be813ac1ca4cc2274a92177f5ca73a980,V06,preserved,local_commit:656050cae337f96fdab3b47ec862ccae4f1c9601,outputs/burgers_data_extreme_v1/m5/seed_00033/model.pt,Expériences antérieures M0/M1/M3/M5/M6 ; date exacte non attestée
outputs/burgers_data_extreme_v1/m5/seed_00033/summary.json,2013,.json,44aa0fe94e817a2d061fda24dbba13b68af7570fbaec4fd8fa1d313afc2bd3c7,V06,preserved,local_commit:656050cae337f96fdab3b47ec862ccae4f1c9601,outputs/burgers_data_extreme_v1/m5/seed_00033/summary.json,Expériences antérieures M0/M1/M3/M5/M6 ; date exacte non attestée
outputs/burgers_data_extreme_v1/m5/seed_00044/checkpoint_0000600.pt,21799,.pt,4afdd1d23798b9692bc80a3020f6f91a30b249ccfcfd9775f83fcaa09a02f7e2,V06,preserved,local_commit:656050cae337f96fdab3b47ec862ccae4f1c9601,outputs/burgers_data_extreme_v1/m5/seed_00044/checkpoint_0000600.pt,Expériences antérieures M0/M1/M3/M5/M6 ; date exacte non attestée
outputs/burgers_data_extreme_v1/m5/seed_00044/config.resolved.yaml,1233,.yaml,6fdbc6c2608cd910e49cd8a9a102acedde3e1449bfe44854e6f3c9845dfa89e6,V06,preserved,local_commit:656050cae337f96fdab3b47ec862ccae4f1c9601,outputs/burgers_data_extreme_v1/m5/seed_00044/config.resolved.yaml,Expériences antérieures M0/M1/M3/M5/M6 ; date exacte non attestée
outputs/burgers_data_extreme_v1/m5/seed_00044/environment.json,270,.json,81e8b8ec1f0e36812a60c59a8df82f8463f4b7cdc0f374d41177cd34430c2417,V06,preserved,local_commit:656050cae337f96fdab3b47ec862ccae4f1c9601,outputs/burgers_data_extreme_v1/m5/seed_00044/environment.json,Expériences antérieures M0/M1/M3/M5/M6 ; date exacte non attestée
outputs/burgers_data_extreme_v1/m5/seed_00044/metrics.csv,10958,.csv,2859a32042f783fb99ac157e6475183040298467f7382258df149c193458f2d0,V06,preserved,local_commit:656050cae337f96fdab3b47ec862ccae4f1c9601,outputs/burgers_data_extreme_v1/m5/seed_00044/metrics.csv,Expériences antérieures M0/M1/M3/M5/M6 ; date exacte non attestée
outputs/burgers_data_extreme_v1/m5/seed_00044/model.pt,21105,.pt,f25e659d34bfb69c7848173c624d7f19b3a1da81be7753b1ff18eb66ee1e8a2a,V06,preserved,local_commit:656050cae337f96fdab3b47ec862ccae4f1c9601,outputs/burgers_data_extreme_v1/m5/seed_00044/model.pt,Expériences antérieures M0/M1/M3/M5/M6 ; date exacte non attestée
outputs/burgers_data_extreme_v1/m5/seed_00044/summary.json,2009,.json,694621db7f1fc17b569bbe79e25f2dfa6d8142e052e57e9ac9a7f43c9a0254ef,V06,preserved,local_commit:656050cae337f96fdab3b47ec862ccae4f1c9601,outputs/burgers_data_extreme_v1/m5/seed_00044/summary.json,Expériences antérieures M0/M1/M3/M5/M6 ; date exacte non attestée
outputs/burgers_data_extreme_v1/m5/seed_00055/checkpoint_0000600.pt,21799,.pt,7c79f6b46aa7ac079da4fad18e85c1b66d7d86cccc7a4e9c9fa326e14475929c,V06,preserved,local_commit:656050cae337f96fdab3b47ec862ccae4f1c9601,outputs/burgers_data_extreme_v1/m5/seed_00055/checkpoint_0000600.pt,Expériences antérieures M0/M1/M3/M5/M6 ; date exacte non attestée
outputs/burgers_data_extreme_v1/m5/seed_00055/config.resolved.yaml,1233,.yaml,a42584ede9843102b6c30a5e128ddfe2b5d6c512de71ce85f146bf1caa5f8119,V06,preserved,local_commit:656050cae337f96fdab3b47ec862ccae4f1c9601,outputs/burgers_data_extreme_v1/m5/seed_00055/config.resolved.yaml,Expériences antérieures M0/M1/M3/M5/M6 ; date exacte non attestée
outputs/burgers_data_extreme_v1/m5/seed_00055/environment.json,270,.json,81e8b8ec1f0e36812a60c59a8df82f8463f4b7cdc0f374d41177cd34430c2417,V06,preserved,local_commit:656050cae337f96fdab3b47ec862ccae4f1c9601,outputs/burgers_data_extreme_v1/m5/seed_00055/environment.json,Expériences antérieures M0/M1/M3/M5/M6 ; date exacte non attestée
outputs/burgers_data_extreme_v1/m5/seed_00055/metrics.csv,10899,.csv,5105bfc1f73ea09d748d067d833f7658329c3f70fecd9899a3c6c8028f0a89d6,V06,preserved,local_commit:656050cae337f96fdab3b47ec862ccae4f1c9601,outputs/burgers_data_extreme_v1/m5/seed_00055/metrics.csv,Expériences antérieures M0/M1/M3/M5/M6 ; date exacte non attestée
outputs/burgers_data_extreme_v1/m5/seed_00055/model.pt,21105,.pt,cf0172328329aef51945777aa00c95689db6ebca852aad01f681ec1bc77634ce,V06,preserved,local_commit:656050cae337f96fdab3b47ec862ccae4f1c9601,outputs/burgers_data_extreme_v1/m5/seed_00055/model.pt,Expériences antérieures M0/M1/M3/M5/M6 ; date exacte non attestée
outputs/burgers_data_extreme_v1/m5/seed_00055/summary.json,2007,.json,ebf52a55b95d7b9f17965daa660fccf12dec581a557c7410cb572e256e6eda74,V06,preserved,local_commit:656050cae337f96fdab3b47ec862ccae4f1c9601,outputs/burgers_data_extreme_v1/m5/seed_00055/summary.json,Expériences antérieures M0/M1/M3/M5/M6 ; date exacte non attestée
outputs/burgers_data_extreme_v1/m5/seed_00066/checkpoint_0000600.pt,21799,.pt,37b2c2f23e70f7828a710de2b132ab96e5206b0c9a4b7cd4e2df2896e290529a,V06,preserved,local_commit:656050cae337f96fdab3b47ec862ccae4f1c9601,outputs/burgers_data_extreme_v1/m5/seed_00066/checkpoint_0000600.pt,Expériences antérieures M0/M1/M3/M5/M6 ; date exacte non attestée
outputs/burgers_data_extreme_v1/m5/seed_00066/config.resolved.yaml,1233,.yaml,ac40abe1e21f542b8ee76cbf39694e9bd514fb3784d0cab563934cfd6dacee1c,V06,preserved,local_commit:656050cae337f96fdab3b47ec862ccae4f1c9601,outputs/burgers_data_extreme_v1/m5/seed_00066/config.resolved.yaml,Expériences antérieures M0/M1/M3/M5/M6 ; date exacte non attestée
outputs/burgers_data_extreme_v1/m5/seed_00066/environment.json,270,.json,81e8b8ec1f0e36812a60c59a8df82f8463f4b7cdc0f374d41177cd34430c2417,V06,preserved,local_commit:656050cae337f96fdab3b47ec862ccae4f1c9601,outputs/burgers_data_extreme_v1/m5/seed_00066/environment.json,Expériences antérieures M0/M1/M3/M5/M6 ; date exacte non attestée
outputs/burgers_data_extreme_v1/m5/seed_00066/metrics.csv,10956,.csv,5eee216e7fca97668562380b58f26992010549523bf93d089775741ff226b711,V06,preserved,local_commit:656050cae337f96fdab3b47ec862ccae4f1c9601,outputs/burgers_data_extreme_v1/m5/seed_00066/metrics.csv,Expériences antérieures M0/M1/M3/M5/M6 ; date exacte non attestée
outputs/burgers_data_extreme_v1/m5/seed_00066/model.pt,21105,.pt,e624d29e9c6d4e49440ede3d2ed688d2f70f64eaa70cf4f8c54e6a91fa9afa05,V06,preserved,local_commit:656050cae337f96fdab3b47ec862ccae4f1c9601,outputs/burgers_data_extreme_v1/m5/seed_00066/model.pt,Expériences antérieures M0/M1/M3/M5/M6 ; date exacte non attestée
outputs/burgers_data_extreme_v1/m5/seed_00066/summary.json,2011,.json,962fa21139b7e34180acd19c4150129631952b85bebf369985d5cdc417f7e427,V06,preserved,local_commit:656050cae337f96fdab3b47ec862ccae4f1c9601,outputs/burgers_data_extreme_v1/m5/seed_00066/summary.json,Expériences antérieures M0/M1/M3/M5/M6 ; date exacte non attestée
outputs/burgers_data_extreme_v1/m5/seed_00077/checkpoint_0000600.pt,21799,.pt,d4432d7aed938c77bc5535f815ad8323bf603e0d6ec4eea8caa60f34e068c686,V06,preserved,local_commit:656050cae337f96fdab3b47ec862ccae4f1c9601,outputs/burgers_data_extreme_v1/m5/seed_00077/checkpoint_0000600.pt,Expériences antérieures M0/M1/M3/M5/M6 ; date exacte non attestée
outputs/burgers_data_extreme_v1/m5/seed_00077/config.resolved.yaml,1233,.yaml,e8468c2b8c8718b4746e7944034fbaa76ecfd92dc20b3005ab15e7a750313897,V06,preserved,local_commit:656050cae337f96fdab3b47ec862ccae4f1c9601,outputs/burgers_data_extreme_v1/m5/seed_00077/config.resolved.yaml,Expériences antérieures M0/M1/M3/M5/M6 ; date exacte non attestée
outputs/burgers_data_extreme_v1/m5/seed_00077/environment.json,270,.json,81e8b8ec1f0e36812a60c59a8df82f8463f4b7cdc0f374d41177cd34430c2417,V06,preserved,local_commit:656050cae337f96fdab3b47ec862ccae4f1c9601,outputs/burgers_data_extreme_v1/m5/seed_00077/environment.json,Expériences antérieures M0/M1/M3/M5/M6 ; date exacte non attestée
outputs/burgers_data_extreme_v1/m5/seed_00077/metrics.csv,10857,.csv,a30f31f05c2b762420336611042b3b21663ad1b01d1b68dc8445ba274197a1d0,V06,preserved,local_commit:656050cae337f96fdab3b47ec862ccae4f1c9601,outputs/burgers_data_extreme_v1/m5/seed_00077/metrics.csv,Expériences antérieures M0/M1/M3/M5/M6 ; date exacte non attestée
outputs/burgers_data_extreme_v1/m5/seed_00077/model.pt,21105,.pt,a9d9b8797a436b6108b3d1af0d42033418586a3469f8d3ba546710f84c8005d9,V06,preserved,local_commit:656050cae337f96fdab3b47ec862ccae4f1c9601,outputs/burgers_data_extreme_v1/m5/seed_00077/model.pt,Expériences antérieures M0/M1/M3/M5/M6 ; date exacte non attestée
outputs/burgers_data_extreme_v1/m5/seed_00077/summary.json,2007,.json,5f34b216eabd4bdb8039a51f70ed340914ec58fef03efe4566752460e6def62f,V06,preserved,local_commit:656050cae337f96fdab3b47ec862ccae4f1c9601,outputs/burgers_data_extreme_v1/m5/seed_00077/summary.json,Expériences antérieures M0/M1/M3/M5/M6 ; date exacte non attestée
outputs/burgers_data_extreme_v1/m5/seed_00088/checkpoint_0000600.pt,21799,.pt,fb818c9af72a72e814bea1e04bb0afcc29fad3bda9aa2cf9a193b0ed3627c3be,V06,preserved,local_commit:656050cae337f96fdab3b47ec862ccae4f1c9601,outputs/burgers_data_extreme_v1/m5/seed_00088/checkpoint_0000600.pt,Expériences antérieures M0/M1/M3/M5/M6 ; date exacte non attestée
outputs/burgers_data_extreme_v1/m5/seed_00088/config.resolved.yaml,1233,.yaml,fc7deb4b656e7491f08c3bf5e114af0b3e075fe07cc1b4376f1a1966fdd96246,V06,preserved,local_commit:656050cae337f96fdab3b47ec862ccae4f1c9601,outputs/burgers_data_extreme_v1/m5/seed_00088/config.resolved.yaml,Expériences antérieures M0/M1/M3/M5/M6 ; date exacte non attestée
outputs/burgers_data_extreme_v1/m5/seed_00088/environment.json,270,.json,81e8b8ec1f0e36812a60c59a8df82f8463f4b7cdc0f374d41177cd34430c2417,V06,preserved,local_commit:656050cae337f96fdab3b47ec862ccae4f1c9601,outputs/burgers_data_extreme_v1/m5/seed_00088/environment.json,Expériences antérieures M0/M1/M3/M5/M6 ; date exacte non attestée
outputs/burgers_data_extreme_v1/m5/seed_00088/metrics.csv,10900,.csv,aa99fb15c9d8963ffefd69d74ef320a73827e4fdf57415d5a948606bbcfa0cb9,V06,preserved,local_commit:656050cae337f96fdab3b47ec862ccae4f1c9601,outputs/burgers_data_extreme_v1/m5/seed_00088/metrics.csv,Expériences antérieures M0/M1/M3/M5/M6 ; date exacte non attestée
outputs/burgers_data_extreme_v1/m5/seed_00088/model.pt,21105,.pt,f2a50998a3ca610c4853fc592505c93c36d82832aadb7fbd7bd51a2ffe9c8f5e,V06,preserved,local_commit:656050cae337f96fdab3b47ec862ccae4f1c9601,outputs/burgers_data_extreme_v1/m5/seed_00088/model.pt,Expériences antérieures M0/M1/M3/M5/M6 ; date exacte non attestée
outputs/burgers_data_extreme_v1/m5/seed_00088/summary.json,2008,.json,b3683538970644bee7cbfca309ac5416dc4a89e6b53e927044a6dbb3a3f62ef8,V06,preserved,local_commit:656050cae337f96fdab3b47ec862ccae4f1c9601,outputs/burgers_data_extreme_v1/m5/seed_00088/summary.json,Expériences antérieures M0/M1/M3/M5/M6 ; date exacte non attestée
outputs/burgers_data_extreme_v1/m5/seed_00099/checkpoint_0000600.pt,21799,.pt,07f78c53cb12c49e9b8a54f49dd3775b79f8c8b669b6db7e2be43e07c23519b5,V06,preserved,local_commit:656050cae337f96fdab3b47ec862ccae4f1c9601,outputs/burgers_data_extreme_v1/m5/seed_00099/checkpoint_0000600.pt,Expériences antérieures M0/M1/M3/M5/M6 ; date exacte non attestée
outputs/burgers_data_extreme_v1/m5/seed_00099/config.resolved.yaml,1233,.yaml,59843b91d4412bd4da7ef34e0dead44893607eead0ae85226ece3d4b4b3438bd,V06,preserved,local_commit:656050cae337f96fdab3b47ec862ccae4f1c9601,outputs/burgers_data_extreme_v1/m5/seed_00099/config.resolved.yaml,Expériences antérieures M0/M1/M3/M5/M6 ; date exacte non attestée
outputs/burgers_data_extreme_v1/m5/seed_00099/environment.json,270,.json,81e8b8ec1f0e36812a60c59a8df82f8463f4b7cdc0f374d41177cd34430c2417,V06,preserved,local_commit:656050cae337f96fdab3b47ec862ccae4f1c9601,outputs/burgers_data_extreme_v1/m5/seed_00099/environment.json,Expériences antérieures M0/M1/M3/M5/M6 ; date exacte non attestée
outputs/burgers_data_extreme_v1/m5/seed_00099/metrics.csv,10967,.csv,e72c154ac6ab053429d2d25ad034c360db7130b0a2aebe2faa3bc8c4dd3be8c6,V06,preserved,local_commit:656050cae337f96fdab3b47ec862ccae4f1c9601,outputs/burgers_data_extreme_v1/m5/seed_00099/metrics.csv,Expériences antérieures M0/M1/M3/M5/M6 ; date exacte non attestée
outputs/burgers_data_extreme_v1/m5/seed_00099/model.pt,21105,.pt,0f425b29f6d4947408962d7c85fe52cc3999f62d0984b0608b3b6ff39e58ed47,V06,preserved,local_commit:656050cae337f96fdab3b47ec862ccae4f1c9601,outputs/burgers_data_extreme_v1/m5/seed_00099/model.pt,Expériences antérieures M0/M1/M3/M5/M6 ; date exacte non attestée
outputs/burgers_data_extreme_v1/m5/seed_00099/summary.json,2005,.json,719a65099d81822f62ea9df58d26c2efa29a8a8c266d0813c4e1f7e061efb585,V06,preserved,local_commit:656050cae337f96fdab3b47ec862ccae4f1c9601,outputs/burgers_data_extreme_v1/m5/seed_00099/summary.json,Expériences antérieures M0/M1/M3/M5/M6 ; date exacte non attestée
outputs/burgers_data_extreme_v1/m5/seed_00111/checkpoint_0000600.pt,21799,.pt,3e8028cc4f700986d911740ab363a8b08cb5f21b4ed7d81f7f7ddb9ebcb1bd58,V06,preserved,local_commit:656050cae337f96fdab3b47ec862ccae4f1c9601,outputs/burgers_data_extreme_v1/m5/seed_00111/checkpoint_0000600.pt,Expériences antérieures M0/M1/M3/M5/M6 ; date exacte non attestée
outputs/burgers_data_extreme_v1/m5/seed_00111/config.resolved.yaml,1234,.yaml,553db08d4e6435e426b238920a324c6d1018e231792882b4a0b09c7f1c4227b1,V06,preserved,local_commit:656050cae337f96fdab3b47ec862ccae4f1c9601,outputs/burgers_data_extreme_v1/m5/seed_00111/config.resolved.yaml,Expériences antérieures M0/M1/M3/M5/M6 ; date exacte non attestée
outputs/burgers_data_extreme_v1/m5/seed_00111/environment.json,270,.json,81e8b8ec1f0e36812a60c59a8df82f8463f4b7cdc0f374d41177cd34430c2417,V06,preserved,local_commit:656050cae337f96fdab3b47ec862ccae4f1c9601,outputs/burgers_data_extreme_v1/m5/seed_00111/environment.json,Expériences antérieures M0/M1/M3/M5/M6 ; date exacte non attestée
outputs/burgers_data_extreme_v1/m5/seed_00111/metrics.csv,10980,.csv,b0d1e396b789c90f3f23ad94b276ad65c8b921fa7dde86b8675107e43ed3d93e,V06,preserved,local_commit:656050cae337f96fdab3b47ec862ccae4f1c9601,outputs/burgers_data_extreme_v1/m5/seed_00111/metrics.csv,Expériences antérieures M0/M1/M3/M5/M6 ; date exacte non attestée
outputs/burgers_data_extreme_v1/m5/seed_00111/model.pt,21105,.pt,d3bb6cde5cdffdb25a33aa924283a857887d391c2cd39f436fe53882ddb04942,V06,preserved,local_commit:656050cae337f96fdab3b47ec862ccae4f1c9601,outputs/burgers_data_extreme_v1/m5/seed_00111/model.pt,Expériences antérieures M0/M1/M3/M5/M6 ; date exacte non attestée
outputs/burgers_data_extreme_v1/m5/seed_00111/summary.json,2006,.json,0d553dbf9dcb1b9836885ed6b4f0ad630e4670edc4c8142cdb6440b321539f64,V06,preserved,local_commit:656050cae337f96fdab3b47ec862ccae4f1c9601,outputs/burgers_data_extreme_v1/m5/seed_00111/summary.json,Expériences antérieures M0/M1/M3/M5/M6 ; date exacte non attestée
outputs/burgers_data_extreme_v1/m6/seed_00011/checkpoint_0000600.pt,21799,.pt,dd15737d68a5221614241ca521692256317e7b0fe5803fe7b09152b9def05263,V06,preserved,local_commit:656050cae337f96fdab3b47ec862ccae4f1c9601,outputs/burgers_data_extreme_v1/m6/seed_00011/checkpoint_0000600.pt,Expériences antérieures M0/M1/M3/M5/M6 ; date exacte non attestée
outputs/burgers_data_extreme_v1/m6/seed_00011/config.resolved.yaml,1233,.yaml,1f3357425488ee47d274366dc56d9fa4b2db67a8e87a8c02afdaa5c2e95ab401,V06,preserved,local_commit:656050cae337f96fdab3b47ec862ccae4f1c9601,outputs/burgers_data_extreme_v1/m6/seed_00011/config.resolved.yaml,Expériences antérieures M0/M1/M3/M5/M6 ; date exacte non attestée
outputs/burgers_data_extreme_v1/m6/seed_00011/environment.json,270,.json,81e8b8ec1f0e36812a60c59a8df82f8463f4b7cdc0f374d41177cd34430c2417,V06,preserved,local_commit:656050cae337f96fdab3b47ec862ccae4f1c9601,outputs/burgers_data_extreme_v1/m6/seed_00011/environment.json,Expériences antérieures M0/M1/M3/M5/M6 ; date exacte non attestée
outputs/burgers_data_extreme_v1/m6/seed_00011/metrics.csv,10933,.csv,00fa4cf9ffa95cbdc943847d5b4f44d921d78d4dafd0c4d51b661dfd0ff39987,V06,preserved,local_commit:656050cae337f96fdab3b47ec862ccae4f1c9601,outputs/burgers_data_extreme_v1/m6/seed_00011/metrics.csv,Expériences antérieures M0/M1/M3/M5/M6 ; date exacte non attestée
outputs/burgers_data_extreme_v1/m6/seed_00011/model.pt,21105,.pt,da7b79b74a39070728f49b1e937a787c91b8b2d3299966d43df1af75286b679d,V06,preserved,local_commit:656050cae337f96fdab3b47ec862ccae4f1c9601,outputs/burgers_data_extreme_v1/m6/seed_00011/model.pt,Expériences antérieures M0/M1/M3/M5/M6 ; date exacte non attestée
outputs/burgers_data_extreme_v1/m6/seed_00011/summary.json,2002,.json,51a829ff9273cbc562313208b76e9070cdf7df58c7efc7a966f25d691895e945,V06,preserved,local_commit:656050cae337f96fdab3b47ec862ccae4f1c9601,outputs/burgers_data_extreme_v1/m6/seed_00011/summary.json,Expériences antérieures M0/M1/M3/M5/M6 ; date exacte non attestée
outputs/burgers_data_extreme_v1/m6/seed_00022/checkpoint_0000600.pt,21799,.pt,a66c4de32017989c4e6ba8251b596709bba54f3adf87b8638bea32600a1fc0d3,V06,preserved,local_commit:656050cae337f96fdab3b47ec862ccae4f1c9601,outputs/burgers_data_extreme_v1/m6/seed_00022/checkpoint_0000600.pt,Expériences antérieures M0/M1/M3/M5/M6 ; date exacte non attestée
outputs/burgers_data_extreme_v1/m6/seed_00022/config.resolved.yaml,1233,.yaml,c39f74050565895acc719dd0de3e7c01fa7ef9049093c0d747ab9c63ca50d736,V06,preserved,local_commit:656050cae337f96fdab3b47ec862ccae4f1c9601,outputs/burgers_data_extreme_v1/m6/seed_00022/config.resolved.yaml,Expériences antérieures M0/M1/M3/M5/M6 ; date exacte non attestée
outputs/burgers_data_extreme_v1/m6/seed_00022/environment.json,270,.json,81e8b8ec1f0e36812a60c59a8df82f8463f4b7cdc0f374d41177cd34430c2417,V06,preserved,local_commit:656050cae337f96fdab3b47ec862ccae4f1c9601,outputs/burgers_data_extreme_v1/m6/seed_00022/environment.json,Expériences antérieures M0/M1/M3/M5/M6 ; date exacte non attestée
outputs/burgers_data_extreme_v1/m6/seed_00022/metrics.csv,10924,.csv,d05a79156ac76ba5a0d0544537b38727633729fd5c65793dd5daaa78f8195c0b,V06,preserved,local_commit:656050cae337f96fdab3b47ec862ccae4f1c9601,outputs/burgers_data_extreme_v1/m6/seed_00022/metrics.csv,Expériences antérieures M0/M1/M3/M5/M6 ; date exacte non attestée
outputs/burgers_data_extreme_v1/m6/seed_00022/model.pt,21105,.pt,df1d8a34caa3c897a3e017b447ba4c79d9582cc6f6350a087ecf061cb150845a,V06,preserved,local_commit:656050cae337f96fdab3b47ec862ccae4f1c9601,outputs/burgers_data_extreme_v1/m6/seed_00022/model.pt,Expériences antérieures M0/M1/M3/M5/M6 ; date exacte non attestée
outputs/burgers_data_extreme_v1/m6/seed_00022/summary.json,2003,.json,153dcba810eed75e5d4ba44922d1aabe14071a90011dac6d34999f5e998c8f4f,V06,preserved,local_commit:656050cae337f96fdab3b47ec862ccae4f1c9601,outputs/burgers_data_extreme_v1/m6/seed_00022/summary.json,Expériences antérieures M0/M1/M3/M5/M6 ; date exacte non attestée
outputs/burgers_data_extreme_v1/m6/seed_00033/checkpoint_0000600.pt,21799,.pt,4cced157f1cfd25b8680d80c59638d41bb2ec3e488bd71f8481d163e4a535c04,V06,preserved,local_commit:656050cae337f96fdab3b47ec862ccae4f1c9601,outputs/burgers_data_extreme_v1/m6/seed_00033/checkpoint_0000600.pt,Expériences antérieures M0/M1/M3/M5/M6 ; date exacte non attestée
outputs/burgers_data_extreme_v1/m6/seed_00033/config.resolved.yaml,1233,.yaml,56bc04fa16a475693b379d15db8a3d5173e9fe46203322d8fadde582ce1a80b0,V06,preserved,local_commit:656050cae337f96fdab3b47ec862ccae4f1c9601,outputs/burgers_data_extreme_v1/m6/seed_00033/config.resolved.yaml,Expériences antérieures M0/M1/M3/M5/M6 ; date exacte non attestée
outputs/burgers_data_extreme_v1/m6/seed_00033/environment.json,270,.json,81e8b8ec1f0e36812a60c59a8df82f8463f4b7cdc0f374d41177cd34430c2417,V06,preserved,local_commit:656050cae337f96fdab3b47ec862ccae4f1c9601,outputs/burgers_data_extreme_v1/m6/seed_00033/environment.json,Expériences antérieures M0/M1/M3/M5/M6 ; date exacte non attestée
outputs/burgers_data_extreme_v1/m6/seed_00033/metrics.csv,10879,.csv,d1b82e458a97518fa757b9a7115ab9e31e196843dd5b58f73c20feb47b70d8f8,V06,preserved,local_commit:656050cae337f96fdab3b47ec862ccae4f1c9601,outputs/burgers_data_extreme_v1/m6/seed_00033/metrics.csv,Expériences antérieures M0/M1/M3/M5/M6 ; date exacte non attestée
outputs/burgers_data_extreme_v1/m6/seed_00033/model.pt,21105,.pt,24e14349b5726c6cb926379490415289641a74efc01977ee93a47d136e2d8f3f,V06,preserved,local_commit:656050cae337f96fdab3b47ec862ccae4f1c9601,outputs/burgers_data_extreme_v1/m6/seed_00033/model.pt,Expériences antérieures M0/M1/M3/M5/M6 ; date exacte non attestée
outputs/burgers_data_extreme_v1/m6/seed_00033/summary.json,2002,.json,614a35521784b44b40f3ac089cf7348c5d86e714a88f00b922a431ba7243c7b6,V06,preserved,local_commit:656050cae337f96fdab3b47ec862ccae4f1c9601,outputs/burgers_data_extreme_v1/m6/seed_00033/summary.json,Expériences antérieures M0/M1/M3/M5/M6 ; date exacte non attestée
outputs/burgers_data_extreme_v1/m6/seed_00044/checkpoint_0000600.pt,21799,.pt,2dfa83d73364b39444c8cddb0f9c9e5165ff79634d201b1cda136ae724b9c7c8,V06,preserved,local_commit:656050cae337f96fdab3b47ec862ccae4f1c9601,outputs/burgers_data_extreme_v1/m6/seed_00044/checkpoint_0000600.pt,Expériences antérieures M0/M1/M3/M5/M6 ; date exacte non attestée
outputs/burgers_data_extreme_v1/m6/seed_00044/config.resolved.yaml,1233,.yaml,d3c3cbefd9396e419241b3a2386cd56778d92131dffe23440cbde0acc85bdda3,V06,preserved,local_commit:656050cae337f96fdab3b47ec862ccae4f1c9601,outputs/burgers_data_extreme_v1/m6/seed_00044/config.resolved.yaml,Expériences antérieures M0/M1/M3/M5/M6 ; date exacte non attestée
outputs/burgers_data_extreme_v1/m6/seed_00044/environment.json,270,.json,81e8b8ec1f0e36812a60c59a8df82f8463f4b7cdc0f374d41177cd34430c2417,V06,preserved,local_commit:656050cae337f96fdab3b47ec862ccae4f1c9601,outputs/burgers_data_extreme_v1/m6/seed_00044/environment.json,Expériences antérieures M0/M1/M3/M5/M6 ; date exacte non attestée
outputs/burgers_data_extreme_v1/m6/seed_00044/metrics.csv,10960,.csv,0d081808eea1f142c52c16971cc0b3f5b6ea9ccbb0b9e9f7507f86d412d4f7d6,V06,preserved,local_commit:656050cae337f96fdab3b47ec862ccae4f1c9601,outputs/burgers_data_extreme_v1/m6/seed_00044/metrics.csv,Expériences antérieures M0/M1/M3/M5/M6 ; date exacte non attestée
outputs/burgers_data_extreme_v1/m6/seed_00044/model.pt,21105,.pt,72412b5537a89e614951a94b5c45b348c429eae06baa31b89a519db7a7609af2,V06,preserved,local_commit:656050cae337f96fdab3b47ec862ccae4f1c9601,outputs/burgers_data_extreme_v1/m6/seed_00044/model.pt,Expériences antérieures M0/M1/M3/M5/M6 ; date exacte non attestée
outputs/burgers_data_extreme_v1/m6/seed_00044/summary.json,2002,.json,892cb5bddbbb3be3082531e4d9ad406716180b2a32161deeffd18e6844baa8fa,V06,preserved,local_commit:656050cae337f96fdab3b47ec862ccae4f1c9601,outputs/burgers_data_extreme_v1/m6/seed_00044/summary.json,Expériences antérieures M0/M1/M3/M5/M6 ; date exacte non attestée
outputs/burgers_data_extreme_v1/m6/seed_00055/checkpoint_0000600.pt,21799,.pt,68a623b98a75490bd18e478ed3904a7b412e708759dc2b0ed5a410bd5de931bd,V06,preserved,local_commit:656050cae337f96fdab3b47ec862ccae4f1c9601,outputs/burgers_data_extreme_v1/m6/seed_00055/checkpoint_0000600.pt,Expériences antérieures M0/M1/M3/M5/M6 ; date exacte non attestée
outputs/burgers_data_extreme_v1/m6/seed_00055/config.resolved.yaml,1233,.yaml,fb82e1d2d2743aa3a7b68edcf76ed434023147a7dcd49e74bd03380de4c09748,V06,preserved,local_commit:656050cae337f96fdab3b47ec862ccae4f1c9601,outputs/burgers_data_extreme_v1/m6/seed_00055/config.resolved.yaml,Expériences antérieures M0/M1/M3/M5/M6 ; date exacte non attestée
outputs/burgers_data_extreme_v1/m6/seed_00055/environment.json,270,.json,81e8b8ec1f0e36812a60c59a8df82f8463f4b7cdc0f374d41177cd34430c2417,V06,preserved,local_commit:656050cae337f96fdab3b47ec862ccae4f1c9601,outputs/burgers_data_extreme_v1/m6/seed_00055/environment.json,Expériences antérieures M0/M1/M3/M5/M6 ; date exacte non attestée
outputs/burgers_data_extreme_v1/m6/seed_00055/metrics.csv,10888,.csv,60db95d4935beeb3851a9ebf3fea8be811d99c8447a4a00ba1758bcec2d82b71,V06,preserved,local_commit:656050cae337f96fdab3b47ec862ccae4f1c9601,outputs/burgers_data_extreme_v1/m6/seed_00055/metrics.csv,Expériences antérieures M0/M1/M3/M5/M6 ; date exacte non attestée
outputs/burgers_data_extreme_v1/m6/seed_00055/model.pt,21105,.pt,1e0a45893693377cb5c27f2df0bde0e306c01e966768dad4a1dbca5b1cb435b7,V06,preserved,local_commit:656050cae337f96fdab3b47ec862ccae4f1c9601,outputs/burgers_data_extreme_v1/m6/seed_00055/model.pt,Expériences antérieures M0/M1/M3/M5/M6 ; date exacte non attestée
outputs/burgers_data_extreme_v1/m6/seed_00055/summary.json,2004,.json,0ccfea68f5490fc9f02e9f6fa8323346a7c0c152f51d0b958cf8569d4921bc92,V06,preserved,local_commit:656050cae337f96fdab3b47ec862ccae4f1c9601,outputs/burgers_data_extreme_v1/m6/seed_00055/summary.json,Expériences antérieures M0/M1/M3/M5/M6 ; date exacte non attestée
outputs/burgers_data_extreme_v1/m6/seed_00066/checkpoint_0000600.pt,21799,.pt,9a37595e64930bcbcac305cca7075f43e73381b4c32a1d92519c0159f5f9d0c0,V06,preserved,local_commit:656050cae337f96fdab3b47ec862ccae4f1c9601,outputs/burgers_data_extreme_v1/m6/seed_00066/checkpoint_0000600.pt,Expériences antérieures M0/M1/M3/M5/M6 ; date exacte non attestée
outputs/burgers_data_extreme_v1/m6/seed_00066/config.resolved.yaml,1233,.yaml,0762aa33339b1518944309aea4c4e3cfeb263a723bfd5313f6e7884aec719344,V06,preserved,local_commit:656050cae337f96fdab3b47ec862ccae4f1c9601,outputs/burgers_data_extreme_v1/m6/seed_00066/config.resolved.yaml,Expériences antérieures M0/M1/M3/M5/M6 ; date exacte non attestée
outputs/burgers_data_extreme_v1/m6/seed_00066/environment.json,270,.json,81e8b8ec1f0e36812a60c59a8df82f8463f4b7cdc0f374d41177cd34430c2417,V06,preserved,local_commit:656050cae337f96fdab3b47ec862ccae4f1c9601,outputs/burgers_data_extreme_v1/m6/seed_00066/environment.json,Expériences antérieures M0/M1/M3/M5/M6 ; date exacte non attestée
outputs/burgers_data_extreme_v1/m6/seed_00066/metrics.csv,10942,.csv,2869e448d79c9d6ac0c99d2e8322b53371b643126d63a8d46edb8a4f34dc2dab,V06,preserved,local_commit:656050cae337f96fdab3b47ec862ccae4f1c9601,outputs/burgers_data_extreme_v1/m6/seed_00066/metrics.csv,Expériences antérieures M0/M1/M3/M5/M6 ; date exacte non attestée
outputs/burgers_data_extreme_v1/m6/seed_00066/model.pt,21105,.pt,da44e9c9c8ffae5ebe977271d541992c6060780e84195302f69aa63fc2ce681b,V06,preserved,local_commit:656050cae337f96fdab3b47ec862ccae4f1c9601,outputs/burgers_data_extreme_v1/m6/seed_00066/model.pt,Expériences antérieures M0/M1/M3/M5/M6 ; date exacte non attestée
outputs/burgers_data_extreme_v1/m6/seed_00066/summary.json,2006,.json,6d720c18939c0ec2fb98a48a07d193981a93c0cb1b1ac94d8ac0ea03ce06296d,V06,preserved,local_commit:656050cae337f96fdab3b47ec862ccae4f1c9601,outputs/burgers_data_extreme_v1/m6/seed_00066/summary.json,Expériences antérieures M0/M1/M3/M5/M6 ; date exacte non attestée
outputs/burgers_data_extreme_v1/m6/seed_00077/checkpoint_0000600.pt,21799,.pt,b2cfb4b66219a93a91e0a42a3da38b7d42cbb7742d579d69c4566afb22ba8118,V06,preserved,local_commit:656050cae337f96fdab3b47ec862ccae4f1c9601,outputs/burgers_data_extreme_v1/m6/seed_00077/checkpoint_0000600.pt,Expériences antérieures M0/M1/M3/M5/M6 ; date exacte non attestée
outputs/burgers_data_extreme_v1/m6/seed_00077/config.resolved.yaml,1233,.yaml,6b7b826f93d364c515575c7b37de168ceb06a6793320d7cf838bef63bee46ed5,V06,preserved,local_commit:656050cae337f96fdab3b47ec862ccae4f1c9601,outputs/burgers_data_extreme_v1/m6/seed_00077/config.resolved.yaml,Expériences antérieures M0/M1/M3/M5/M6 ; date exacte non attestée
outputs/burgers_data_extreme_v1/m6/seed_00077/environment.json,270,.json,81e8b8ec1f0e36812a60c59a8df82f8463f4b7cdc0f374d41177cd34430c2417,V06,preserved,local_commit:656050cae337f96fdab3b47ec862ccae4f1c9601,outputs/burgers_data_extreme_v1/m6/seed_00077/environment.json,Expériences antérieures M0/M1/M3/M5/M6 ; date exacte non attestée
outputs/burgers_data_extreme_v1/m6/seed_00077/metrics.csv,10855,.csv,fdafcf6ede67f9aaa51ced81371528ca3a5eeb9a71d107d75c848cb6ba4a0406,V06,preserved,local_commit:656050cae337f96fdab3b47ec862ccae4f1c9601,outputs/burgers_data_extreme_v1/m6/seed_00077/metrics.csv,Expériences antérieures M0/M1/M3/M5/M6 ; date exacte non attestée
outputs/burgers_data_extreme_v1/m6/seed_00077/model.pt,21105,.pt,e1a35b88e234215cafcb044f623546a8903bccc5122ab39da912d1e7b6a2a42c,V06,preserved,local_commit:656050cae337f96fdab3b47ec862ccae4f1c9601,outputs/burgers_data_extreme_v1/m6/seed_00077/model.pt,Expériences antérieures M0/M1/M3/M5/M6 ; date exacte non attestée
outputs/burgers_data_extreme_v1/m6/seed_00077/summary.json,2001,.json,deca205f3e1f8f36619936e4cba46097904000f9569e91fddd73b0ce6904a751,V06,preserved,local_commit:656050cae337f96fdab3b47ec862ccae4f1c9601,outputs/burgers_data_extreme_v1/m6/seed_00077/summary.json,Expériences antérieures M0/M1/M3/M5/M6 ; date exacte non attestée
outputs/burgers_data_extreme_v1/m6/seed_00088/checkpoint_0000600.pt,21799,.pt,629bf3f59c75251e408bcc838df4798a1879ec03ec126b5fa506a364346b963b,V06,preserved,local_commit:656050cae337f96fdab3b47ec862ccae4f1c9601,outputs/burgers_data_extreme_v1/m6/seed_00088/checkpoint_0000600.pt,Expériences antérieures M0/M1/M3/M5/M6 ; date exacte non attestée
outputs/burgers_data_extreme_v1/m6/seed_00088/config.resolved.yaml,1233,.yaml,256d6a6457d4bd090357198390c24a919b3ce4a9a6889c8d03f3209e0f20c15b,V06,preserved,local_commit:656050cae337f96fdab3b47ec862ccae4f1c9601,outputs/burgers_data_extreme_v1/m6/seed_00088/config.resolved.yaml,Expériences antérieures M0/M1/M3/M5/M6 ; date exacte non attestée
outputs/burgers_data_extreme_v1/m6/seed_00088/environment.json,270,.json,81e8b8ec1f0e36812a60c59a8df82f8463f4b7cdc0f374d41177cd34430c2417,V06,preserved,local_commit:656050cae337f96fdab3b47ec862ccae4f1c9601,outputs/burgers_data_extreme_v1/m6/seed_00088/environment.json,Expériences antérieures M0/M1/M3/M5/M6 ; date exacte non attestée
outputs/burgers_data_extreme_v1/m6/seed_00088/metrics.csv,10908,.csv,7e792fbab4180b876658d6de7a79e6f80c60a8a046f00a443eaeab28c7216be9,V06,preserved,local_commit:656050cae337f96fdab3b47ec862ccae4f1c9601,outputs/burgers_data_extreme_v1/m6/seed_00088/metrics.csv,Expériences antérieures M0/M1/M3/M5/M6 ; date exacte non attestée
outputs/burgers_data_extreme_v1/m6/seed_00088/model.pt,21105,.pt,08ac3a876b2c2ea227cd62162fce0974e825a2ee53b75e8c7624cc56371477c4,V06,preserved,local_commit:656050cae337f96fdab3b47ec862ccae4f1c9601,outputs/burgers_data_extreme_v1/m6/seed_00088/model.pt,Expériences antérieures M0/M1/M3/M5/M6 ; date exacte non attestée
outputs/burgers_data_extreme_v1/m6/seed_00088/summary.json,2004,.json,5e5c3852c22965d38fc3916e576ebf51b2413f87459f251357205e7648969411,V06,preserved,local_commit:656050cae337f96fdab3b47ec862ccae4f1c9601,outputs/burgers_data_extreme_v1/m6/seed_00088/summary.json,Expériences antérieures M0/M1/M3/M5/M6 ; date exacte non attestée
outputs/burgers_data_extreme_v1/m6/seed_00099/checkpoint_0000600.pt,21799,.pt,5d234fff8614b8662a35edf5a687b4a87dee13c73daf01299a365c2e9521520f,V06,preserved,local_commit:656050cae337f96fdab3b47ec862ccae4f1c9601,outputs/burgers_data_extreme_v1/m6/seed_00099/checkpoint_0000600.pt,Expériences antérieures M0/M1/M3/M5/M6 ; date exacte non attestée
outputs/burgers_data_extreme_v1/m6/seed_00099/config.resolved.yaml,1233,.yaml,eda0d532bb7ea10ceeb3c65a6f782e4937ed1fb82c3464f3bbb9e9942a7ec5bd,V06,preserved,local_commit:656050cae337f96fdab3b47ec862ccae4f1c9601,outputs/burgers_data_extreme_v1/m6/seed_00099/config.resolved.yaml,Expériences antérieures M0/M1/M3/M5/M6 ; date exacte non attestée
outputs/burgers_data_extreme_v1/m6/seed_00099/environment.json,270,.json,81e8b8ec1f0e36812a60c59a8df82f8463f4b7cdc0f374d41177cd34430c2417,V06,preserved,local_commit:656050cae337f96fdab3b47ec862ccae4f1c9601,outputs/burgers_data_extreme_v1/m6/seed_00099/environment.json,Expériences antérieures M0/M1/M3/M5/M6 ; date exacte non attestée
outputs/burgers_data_extreme_v1/m6/seed_00099/metrics.csv,10971,.csv,36d29fd1ae85a061c0478e409ddb72a87f3535646f01e1212baf9b3220a0ec0b,V06,preserved,local_commit:656050cae337f96fdab3b47ec862ccae4f1c9601,outputs/burgers_data_extreme_v1/m6/seed_00099/metrics.csv,Expériences antérieures M0/M1/M3/M5/M6 ; date exacte non attestée
outputs/burgers_data_extreme_v1/m6/seed_00099/model.pt,21105,.pt,8d23639f2187f9c7ddd5b4bf235bdca09a87d60df0081e25d21cf16b13533aa5,V06,preserved,local_commit:656050cae337f96fdab3b47ec862ccae4f1c9601,outputs/burgers_data_extreme_v1/m6/seed_00099/model.pt,Expériences antérieures M0/M1/M3/M5/M6 ; date exacte non attestée
outputs/burgers_data_extreme_v1/m6/seed_00099/summary.json,2001,.json,5cdb4ebce7ede26b23eff43ee160b9bf7e7c93b90bf68d6200abcd83694d0bc0,V06,preserved,local_commit:656050cae337f96fdab3b47ec862ccae4f1c9601,outputs/burgers_data_extreme_v1/m6/seed_00099/summary.json,Expériences antérieures M0/M1/M3/M5/M6 ; date exacte non attestée
outputs/burgers_data_extreme_v1/m6/seed_00111/checkpoint_0000600.pt,21799,.pt,13a99bf506ff36c7dc6c06f1058c1c3737c11e338cab9e905f3113eb533926be,V06,preserved,local_commit:656050cae337f96fdab3b47ec862ccae4f1c9601,outputs/burgers_data_extreme_v1/m6/seed_00111/checkpoint_0000600.pt,Expériences antérieures M0/M1/M3/M5/M6 ; date exacte non attestée
outputs/burgers_data_extreme_v1/m6/seed_00111/config.resolved.yaml,1234,.yaml,c4872f7ad42c8cd290d57d92ead53bd83bb29e0bc4e2b1d8bbab91d7a3227b04,V06,preserved,local_commit:656050cae337f96fdab3b47ec862ccae4f1c9601,outputs/burgers_data_extreme_v1/m6/seed_00111/config.resolved.yaml,Expériences antérieures M0/M1/M3/M5/M6 ; date exacte non attestée
outputs/burgers_data_extreme_v1/m6/seed_00111/environment.json,270,.json,81e8b8ec1f0e36812a60c59a8df82f8463f4b7cdc0f374d41177cd34430c2417,V06,preserved,local_commit:656050cae337f96fdab3b47ec862ccae4f1c9601,outputs/burgers_data_extreme_v1/m6/seed_00111/environment.json,Expériences antérieures M0/M1/M3/M5/M6 ; date exacte non attestée
outputs/burgers_data_extreme_v1/m6/seed_00111/metrics.csv,10967,.csv,949137e1f7b2eb45cc4c4b8c515bec081db81429661e4abd509d01505782f048,V06,preserved,local_commit:656050cae337f96fdab3b47ec862ccae4f1c9601,outputs/burgers_data_extreme_v1/m6/seed_00111/metrics.csv,Expériences antérieures M0/M1/M3/M5/M6 ; date exacte non attestée
outputs/burgers_data_extreme_v1/m6/seed_00111/model.pt,21105,.pt,66a8faabb58497b343ac4a0bf6023bd9c6bd0953d2a13dc6b5545ce7be068d71,V06,preserved,local_commit:656050cae337f96fdab3b47ec862ccae4f1c9601,outputs/burgers_data_extreme_v1/m6/seed_00111/model.pt,Expériences antérieures M0/M1/M3/M5/M6 ; date exacte non attestée
outputs/burgers_data_extreme_v1/m6/seed_00111/summary.json,2002,.json,8afdcdab0b6453b7a9282d32d8e7b0afe2aa1bccff6d4ac8bc4db829ff515369,V06,preserved,local_commit:656050cae337f96fdab3b47ec862ccae4f1c9601,outputs/burgers_data_extreme_v1/m6/seed_00111/summary.json,Expériences antérieures M0/M1/M3/M5/M6 ; date exacte non attestée
outputs/burgers_data_sparse_clean_v1/m5/seed_00011/checkpoint_0000600.pt,21799,.pt,23a72d68401610d834da4e19eb0ead4c25641441072e93d3ff2f757055b5ba01,V06,preserved,local_commit:656050cae337f96fdab3b47ec862ccae4f1c9601,outputs/burgers_data_sparse_clean_v1/m5/seed_00011/checkpoint_0000600.pt,Expériences antérieures M0/M1/M3/M5/M6 ; date exacte non attestée
outputs/burgers_data_sparse_clean_v1/m5/seed_00011/config.resolved.yaml,1223,.yaml,4ed9ff510e2075760307fd38735765f76242af9a14aea80e14c274399de9799f,V06,preserved,local_commit:656050cae337f96fdab3b47ec862ccae4f1c9601,outputs/burgers_data_sparse_clean_v1/m5/seed_00011/config.resolved.yaml,Expériences antérieures M0/M1/M3/M5/M6 ; date exacte non attestée
outputs/burgers_data_sparse_clean_v1/m5/seed_00011/environment.json,270,.json,81e8b8ec1f0e36812a60c59a8df82f8463f4b7cdc0f374d41177cd34430c2417,V06,preserved,local_commit:656050cae337f96fdab3b47ec862ccae4f1c9601,outputs/burgers_data_sparse_clean_v1/m5/seed_00011/environment.json,Expériences antérieures M0/M1/M3/M5/M6 ; date exacte non attestée
outputs/burgers_data_sparse_clean_v1/m5/seed_00011/metrics.csv,10882,.csv,128bf315aab89b59ed86bf061434958b67402c55fd8b9f85c65295486aa30dbb,V06,preserved,local_commit:656050cae337f96fdab3b47ec862ccae4f1c9601,outputs/burgers_data_sparse_clean_v1/m5/seed_00011/metrics.csv,Expériences antérieures M0/M1/M3/M5/M6 ; date exacte non attestée
outputs/burgers_data_sparse_clean_v1/m5/seed_00011/model.pt,21105,.pt,1f7c5396f62b33534ae3cad137ceff94afc586d89e64d504f77c1a3c0ba6f178,V06,preserved,local_commit:656050cae337f96fdab3b47ec862ccae4f1c9601,outputs/burgers_data_sparse_clean_v1/m5/seed_00011/model.pt,Expériences antérieures M0/M1/M3/M5/M6 ; date exacte non attestée
outputs/burgers_data_sparse_clean_v1/m5/seed_00011/summary.json,1998,.json,d232f99eafe00f88eb3102ae41548d1084150270b7ba79911b863ccc2fe6b2b9,V06,preserved,local_commit:656050cae337f96fdab3b47ec862ccae4f1c9601,outputs/burgers_data_sparse_clean_v1/m5/seed_00011/summary.json,Expériences antérieures M0/M1/M3/M5/M6 ; date exacte non attestée
outputs/burgers_data_sparse_clean_v1/m5/seed_00022/checkpoint_0000600.pt,21799,.pt,7c915e0ac11ef95133321e7494512a5cc0abc8f691198bec17b92f97199b909d,V06,preserved,local_commit:656050cae337f96fdab3b47ec862ccae4f1c9601,outputs/burgers_data_sparse_clean_v1/m5/seed_00022/checkpoint_0000600.pt,Expériences antérieures M0/M1/M3/M5/M6 ; date exacte non attestée
outputs/burgers_data_sparse_clean_v1/m5/seed_00022/config.resolved.yaml,1223,.yaml,6c89333a080fb018b1679cbdce074e0790ccf17771ac938725c95a99b7664214,V06,preserved,local_commit:656050cae337f96fdab3b47ec862ccae4f1c9601,outputs/burgers_data_sparse_clean_v1/m5/seed_00022/config.resolved.yaml,Expériences antérieures M0/M1/M3/M5/M6 ; date exacte non attestée
outputs/burgers_data_sparse_clean_v1/m5/seed_00022/environment.json,270,.json,81e8b8ec1f0e36812a60c59a8df82f8463f4b7cdc0f374d41177cd34430c2417,V06,preserved,local_commit:656050cae337f96fdab3b47ec862ccae4f1c9601,outputs/burgers_data_sparse_clean_v1/m5/seed_00022/environment.json,Expériences antérieures M0/M1/M3/M5/M6 ; date exacte non attestée
outputs/burgers_data_sparse_clean_v1/m5/seed_00022/metrics.csv,10866,.csv,f2459e1a0c106afcbd2fc240a87faf62698ca003e5614c2ec83811e80be48fb9,V06,preserved,local_commit:656050cae337f96fdab3b47ec862ccae4f1c9601,outputs/burgers_data_sparse_clean_v1/m5/seed_00022/metrics.csv,Expériences antérieures M0/M1/M3/M5/M6 ; date exacte non attestée
outputs/burgers_data_sparse_clean_v1/m5/seed_00022/model.pt,21105,.pt,b0597000f8541454dc15e3eee36f6d7764c325c157ff8786984a17586d2066e6,V06,preserved,local_commit:656050cae337f96fdab3b47ec862ccae4f1c9601,outputs/burgers_data_sparse_clean_v1/m5/seed_00022/model.pt,Expériences antérieures M0/M1/M3/M5/M6 ; date exacte non attestée
outputs/burgers_data_sparse_clean_v1/m5/seed_00022/summary.json,2000,.json,06ecc3a98144d4436e2257a89b4f1698311568267b4f04d34c728da66a725f6f,V06,preserved,local_commit:656050cae337f96fdab3b47ec862ccae4f1c9601,outputs/burgers_data_sparse_clean_v1/m5/seed_00022/summary.json,Expériences antérieures M0/M1/M3/M5/M6 ; date exacte non attestée
outputs/burgers_data_sparse_clean_v1/m5/seed_00033/checkpoint_0000600.pt,21799,.pt,873e0d25166d806b1c7522486ab170a117812bec15138df73c91421f604a7427,V06,preserved,local_commit:656050cae337f96fdab3b47ec862ccae4f1c9601,outputs/burgers_data_sparse_clean_v1/m5/seed_00033/checkpoint_0000600.pt,Expériences antérieures M0/M1/M3/M5/M6 ; date exacte non attestée
outputs/burgers_data_sparse_clean_v1/m5/seed_00033/config.resolved.yaml,1223,.yaml,c8db27c52983e223e06baf52efc683344e4ed54c099309ccf426e336d7d67138,V06,preserved,local_commit:656050cae337f96fdab3b47ec862ccae4f1c9601,outputs/burgers_data_sparse_clean_v1/m5/seed_00033/config.resolved.yaml,Expériences antérieures M0/M1/M3/M5/M6 ; date exacte non attestée
outputs/burgers_data_sparse_clean_v1/m5/seed_00033/environment.json,270,.json,81e8b8ec1f0e36812a60c59a8df82f8463f4b7cdc0f374d41177cd34430c2417,V06,preserved,local_commit:656050cae337f96fdab3b47ec862ccae4f1c9601,outputs/burgers_data_sparse_clean_v1/m5/seed_00033/environment.json,Expériences antérieures M0/M1/M3/M5/M6 ; date exacte non attestée
outputs/burgers_data_sparse_clean_v1/m5/seed_00033/metrics.csv,10917,.csv,14a69f424e8ddf58730269d836b8a8da59de18b8f9c5ac15817a7259a74c7855,V06,preserved,local_commit:656050cae337f96fdab3b47ec862ccae4f1c9601,outputs/burgers_data_sparse_clean_v1/m5/seed_00033/metrics.csv,Expériences antérieures M0/M1/M3/M5/M6 ; date exacte non attestée
outputs/burgers_data_sparse_clean_v1/m5/seed_00033/model.pt,21105,.pt,304847cf9edaf6a7cb30ae167aebb24e51267eea522999f087d599c3a5ef27e6,V06,preserved,local_commit:656050cae337f96fdab3b47ec862ccae4f1c9601,outputs/burgers_data_sparse_clean_v1/m5/seed_00033/model.pt,Expériences antérieures M0/M1/M3/M5/M6 ; date exacte non attestée
outputs/burgers_data_sparse_clean_v1/m5/seed_00033/summary.json,1998,.json,2eb2d8323b79cd44aa483e3d8b06d484fe29fc0bcad25281cc0390ccde9967b6,V06,preserved,local_commit:656050cae337f96fdab3b47ec862ccae4f1c9601,outputs/burgers_data_sparse_clean_v1/m5/seed_00033/summary.json,Expériences antérieures M0/M1/M3/M5/M6 ; date exacte non attestée
outputs/burgers_data_sparse_clean_v1/m5/seed_00044/checkpoint_0000600.pt,21799,.pt,cee98a66fb0248f7a272258fc2f3e9f01ce7365037022c46d7b49076b810c373,V06,preserved,local_commit:656050cae337f96fdab3b47ec862ccae4f1c9601,outputs/burgers_data_sparse_clean_v1/m5/seed_00044/checkpoint_0000600.pt,Expériences antérieures M0/M1/M3/M5/M6 ; date exacte non attestée
outputs/burgers_data_sparse_clean_v1/m5/seed_00044/config.resolved.yaml,1223,.yaml,b17466a893a378f16cacf60a8938cf96bd3477c16f7f08be997cd0c5b0ea3830,V06,preserved,local_commit:656050cae337f96fdab3b47ec862ccae4f1c9601,outputs/burgers_data_sparse_clean_v1/m5/seed_00044/config.resolved.yaml,Expériences antérieures M0/M1/M3/M5/M6 ; date exacte non attestée
outputs/burgers_data_sparse_clean_v1/m5/seed_00044/environment.json,270,.json,81e8b8ec1f0e36812a60c59a8df82f8463f4b7cdc0f374d41177cd34430c2417,V06,preserved,local_commit:656050cae337f96fdab3b47ec862ccae4f1c9601,outputs/burgers_data_sparse_clean_v1/m5/seed_00044/environment.json,Expériences antérieures M0/M1/M3/M5/M6 ; date exacte non attestée
outputs/burgers_data_sparse_clean_v1/m5/seed_00044/metrics.csv,10887,.csv,00e996648a28630de3eee7418ac8fca40c087ffacd0b805ca5c47f426b0ba4be,V06,preserved,local_commit:656050cae337f96fdab3b47ec862ccae4f1c9601,outputs/burgers_data_sparse_clean_v1/m5/seed_00044/metrics.csv,Expériences antérieures M0/M1/M3/M5/M6 ; date exacte non attestée
outputs/burgers_data_sparse_clean_v1/m5/seed_00044/model.pt,21105,.pt,4b189ab98a0a4fe1dfbb74ba0a03d70124938b029d5924df82785a1bcceb7156,V06,preserved,local_commit:656050cae337f96fdab3b47ec862ccae4f1c9601,outputs/burgers_data_sparse_clean_v1/m5/seed_00044/model.pt,Expériences antérieures M0/M1/M3/M5/M6 ; date exacte non attestée
outputs/burgers_data_sparse_clean_v1/m5/seed_00044/summary.json,2001,.json,38c884be81708839b7fc5eaeee8985805f6c75542e639af5d4b4fe99aa28cedf,V06,preserved,local_commit:656050cae337f96fdab3b47ec862ccae4f1c9601,outputs/burgers_data_sparse_clean_v1/m5/seed_00044/summary.json,Expériences antérieures M0/M1/M3/M5/M6 ; date exacte non attestée
outputs/burgers_data_sparse_clean_v1/m5/seed_00055/checkpoint_0000600.pt,21799,.pt,a7e73b5523f938908bb2149f462b2448c400970a82b42eac720a25bdba791c17,V06,preserved,local_commit:656050cae337f96fdab3b47ec862ccae4f1c9601,outputs/burgers_data_sparse_clean_v1/m5/seed_00055/checkpoint_0000600.pt,Expériences antérieures M0/M1/M3/M5/M6 ; date exacte non attestée
outputs/burgers_data_sparse_clean_v1/m5/seed_00055/config.resolved.yaml,1223,.yaml,3f32fc2a06514e82b2bb1f4d7b0dd4aa9ba5c560ef63dfb702495ca45ec514aa,V06,preserved,local_commit:656050cae337f96fdab3b47ec862ccae4f1c9601,outputs/burgers_data_sparse_clean_v1/m5/seed_00055/config.resolved.yaml,Expériences antérieures M0/M1/M3/M5/M6 ; date exacte non attestée
outputs/burgers_data_sparse_clean_v1/m5/seed_00055/environment.json,270,.json,81e8b8ec1f0e36812a60c59a8df82f8463f4b7cdc0f374d41177cd34430c2417,V06,preserved,local_commit:656050cae337f96fdab3b47ec862ccae4f1c9601,outputs/burgers_data_sparse_clean_v1/m5/seed_00055/environment.json,Expériences antérieures M0/M1/M3/M5/M6 ; date exacte non attestée
outputs/burgers_data_sparse_clean_v1/m5/seed_00055/metrics.csv,10899,.csv,396f02061aea908836764d985a25d07ef2b959f3ecc2306e2d621a0f62f89586,V06,preserved,local_commit:656050cae337f96fdab3b47ec862ccae4f1c9601,outputs/burgers_data_sparse_clean_v1/m5/seed_00055/metrics.csv,Expériences antérieures M0/M1/M3/M5/M6 ; date exacte non attestée
outputs/burgers_data_sparse_clean_v1/m5/seed_00055/model.pt,21105,.pt,c4786dfb9bf0162ddc189aea90dad960bbda45bc7de6509287f4dda9f44e7dfb,V06,preserved,local_commit:656050cae337f96fdab3b47ec862ccae4f1c9601,outputs/burgers_data_sparse_clean_v1/m5/seed_00055/model.pt,Expériences antérieures M0/M1/M3/M5/M6 ; date exacte non attestée
outputs/burgers_data_sparse_clean_v1/m5/seed_00055/summary.json,1998,.json,094f326a47638d1172ff8af1fa4350e4b8287d84c32c0b70993fde9e11c6cd3b,V06,preserved,local_commit:656050cae337f96fdab3b47ec862ccae4f1c9601,outputs/burgers_data_sparse_clean_v1/m5/seed_00055/summary.json,Expériences antérieures M0/M1/M3/M5/M6 ; date exacte non attestée
outputs/burgers_data_sparse_clean_v1/m5/seed_00066/checkpoint_0000600.pt,21799,.pt,9dcac1cd6a6bb042e611dfe4c9993165222f729f6cc9f5c6c4251668e8f200f2,V06,preserved,local_commit:656050cae337f96fdab3b47ec862ccae4f1c9601,outputs/burgers_data_sparse_clean_v1/m5/seed_00066/checkpoint_0000600.pt,Expériences antérieures M0/M1/M3/M5/M6 ; date exacte non attestée
outputs/burgers_data_sparse_clean_v1/m5/seed_00066/config.resolved.yaml,1223,.yaml,852d79d788e767afb1e180af2ca187456fe4f5740996e95194b265f699f796da,V06,preserved,local_commit:656050cae337f96fdab3b47ec862ccae4f1c9601,outputs/burgers_data_sparse_clean_v1/m5/seed_00066/config.resolved.yaml,Expériences antérieures M0/M1/M3/M5/M6 ; date exacte non attestée
outputs/burgers_data_sparse_clean_v1/m5/seed_00066/environment.json,270,.json,81e8b8ec1f0e36812a60c59a8df82f8463f4b7cdc0f374d41177cd34430c2417,V06,preserved,local_commit:656050cae337f96fdab3b47ec862ccae4f1c9601,outputs/burgers_data_sparse_clean_v1/m5/seed_00066/environment.json,Expériences antérieures M0/M1/M3/M5/M6 ; date exacte non attestée
outputs/burgers_data_sparse_clean_v1/m5/seed_00066/metrics.csv,10894,.csv,c58b16e7c8eb4153d1d0d3c5c23d0e5c4a2bb1321f000fb581e3789f1537af61,V06,preserved,local_commit:656050cae337f96fdab3b47ec862ccae4f1c9601,outputs/burgers_data_sparse_clean_v1/m5/seed_00066/metrics.csv,Expériences antérieures M0/M1/M3/M5/M6 ; date exacte non attestée
outputs/burgers_data_sparse_clean_v1/m5/seed_00066/model.pt,21105,.pt,451aea650decda8a214047f4cd191da5b7b6998a13b3699e7fe5e136ded8d466,V06,preserved,local_commit:656050cae337f96fdab3b47ec862ccae4f1c9601,outputs/burgers_data_sparse_clean_v1/m5/seed_00066/model.pt,Expériences antérieures M0/M1/M3/M5/M6 ; date exacte non attestée
outputs/burgers_data_sparse_clean_v1/m5/seed_00066/summary.json,1999,.json,5e8414be7f948506275ce04bd2c4dafc23a9cb78fc6d7ba322fd6a120f2331df,V06,preserved,local_commit:656050cae337f96fdab3b47ec862ccae4f1c9601,outputs/burgers_data_sparse_clean_v1/m5/seed_00066/summary.json,Expériences antérieures M0/M1/M3/M5/M6 ; date exacte non attestée
outputs/burgers_data_sparse_clean_v1/m5/seed_00077/checkpoint_0000600.pt,21799,.pt,75d007ebc3ed03306182743ae12eff5ed12be28ec7e4bf71bbf5f1ca7b538882,V06,preserved,local_commit:656050cae337f96fdab3b47ec862ccae4f1c9601,outputs/burgers_data_sparse_clean_v1/m5/seed_00077/checkpoint_0000600.pt,Expériences antérieures M0/M1/M3/M5/M6 ; date exacte non attestée
outputs/burgers_data_sparse_clean_v1/m5/seed_00077/config.resolved.yaml,1223,.yaml,fa64bce9c64dde7874afadc0e040e3a0ed2c6c237fd20a4d91e86b69df8e028e,V06,preserved,local_commit:656050cae337f96fdab3b47ec862ccae4f1c9601,outputs/burgers_data_sparse_clean_v1/m5/seed_00077/config.resolved.yaml,Expériences antérieures M0/M1/M3/M5/M6 ; date exacte non attestée
outputs/burgers_data_sparse_clean_v1/m5/seed_00077/environment.json,270,.json,81e8b8ec1f0e36812a60c59a8df82f8463f4b7cdc0f374d41177cd34430c2417,V06,preserved,local_commit:656050cae337f96fdab3b47ec862ccae4f1c9601,outputs/burgers_data_sparse_clean_v1/m5/seed_00077/environment.json,Expériences antérieures M0/M1/M3/M5/M6 ; date exacte non attestée
outputs/burgers_data_sparse_clean_v1/m5/seed_00077/metrics.csv,10912,.csv,45e508774d61a631321a9b7ebbaf2d5c5957064cfcc66acf3d86f141e1c805bc,V06,preserved,local_commit:656050cae337f96fdab3b47ec862ccae4f1c9601,outputs/burgers_data_sparse_clean_v1/m5/seed_00077/metrics.csv,Expériences antérieures M0/M1/M3/M5/M6 ; date exacte non attestée
outputs/burgers_data_sparse_clean_v1/m5/seed_00077/model.pt,21105,.pt,ee49e594dd4f067678f06f1750e6a746b0b1a2ac6df039e42253c72f0058cfcf,V06,preserved,local_commit:656050cae337f96fdab3b47ec862ccae4f1c9601,outputs/burgers_data_sparse_clean_v1/m5/seed_00077/model.pt,Expériences antérieures M0/M1/M3/M5/M6 ; date exacte non attestée
outputs/burgers_data_sparse_clean_v1/m5/seed_00077/summary.json,2000,.json,e899292575883b5d5be09bc5af512422fa11498eb2ae41102e7e61147f0adf9b,V06,preserved,local_commit:656050cae337f96fdab3b47ec862ccae4f1c9601,outputs/burgers_data_sparse_clean_v1/m5/seed_00077/summary.json,Expériences antérieures M0/M1/M3/M5/M6 ; date exacte non attestée
outputs/burgers_data_sparse_clean_v1/m5/seed_00088/checkpoint_0000600.pt,21799,.pt,db8b01d5235a87b3ac57491d975135b54eee463e3e0a623e81d00f6104d3ea7d,V06,preserved,local_commit:656050cae337f96fdab3b47ec862ccae4f1c9601,outputs/burgers_data_sparse_clean_v1/m5/seed_00088/checkpoint_0000600.pt,Expériences antérieures M0/M1/M3/M5/M6 ; date exacte non attestée
outputs/burgers_data_sparse_clean_v1/m5/seed_00088/config.resolved.yaml,1223,.yaml,f9757ecb03b4cdd0ed9ae59474466791df058fa3f3e62d69d48efbfbae5af164,V06,preserved,local_commit:656050cae337f96fdab3b47ec862ccae4f1c9601,outputs/burgers_data_sparse_clean_v1/m5/seed_00088/config.resolved.yaml,Expériences antérieures M0/M1/M3/M5/M6 ; date exacte non attestée
outputs/burgers_data_sparse_clean_v1/m5/seed_00088/environment.json,270,.json,81e8b8ec1f0e36812a60c59a8df82f8463f4b7cdc0f374d41177cd34430c2417,V06,preserved,local_commit:656050cae337f96fdab3b47ec862ccae4f1c9601,outputs/burgers_data_sparse_clean_v1/m5/seed_00088/environment.json,Expériences antérieures M0/M1/M3/M5/M6 ; date exacte non attestée
outputs/burgers_data_sparse_clean_v1/m5/seed_00088/metrics.csv,10886,.csv,a64f1f94d8a6934d8924647e9c09553fddbe6d9a5c7e5d43903906820e563666,V06,preserved,local_commit:656050cae337f96fdab3b47ec862ccae4f1c9601,outputs/burgers_data_sparse_clean_v1/m5/seed_00088/metrics.csv,Expériences antérieures M0/M1/M3/M5/M6 ; date exacte non attestée
outputs/burgers_data_sparse_clean_v1/m5/seed_00088/model.pt,21105,.pt,8c911bc66ef98430ef8b553104bc538b171750806eedb702927bd114aca4e994,V06,preserved,local_commit:656050cae337f96fdab3b47ec862ccae4f1c9601,outputs/burgers_data_sparse_clean_v1/m5/seed_00088/model.pt,Expériences antérieures M0/M1/M3/M5/M6 ; date exacte non attestée
outputs/burgers_data_sparse_clean_v1/m5/seed_00088/summary.json,1997,.json,8b0e735c1c18b868294bc64996212670026f0b916e8aa66d1d0e6c9fb4614fb1,V06,preserved,local_commit:656050cae337f96fdab3b47ec862ccae4f1c9601,outputs/burgers_data_sparse_clean_v1/m5/seed_00088/summary.json,Expériences antérieures M0/M1/M3/M5/M6 ; date exacte non attestée
outputs/burgers_data_sparse_clean_v1/m5/seed_00099/checkpoint_0000600.pt,21799,.pt,b0a2bb043e22c17d546917069e11ba144279626d1a5b2fbcab8bf43b89a21590,V06,preserved,local_commit:656050cae337f96fdab3b47ec862ccae4f1c9601,outputs/burgers_data_sparse_clean_v1/m5/seed_00099/checkpoint_0000600.pt,Expériences antérieures M0/M1/M3/M5/M6 ; date exacte non attestée
outputs/burgers_data_sparse_clean_v1/m5/seed_00099/config.resolved.yaml,1223,.yaml,54b97ac8e3d6e5dafd0c507f7695a5388dd75125b4b0f6815541b072fc4a6b45,V06,preserved,local_commit:656050cae337f96fdab3b47ec862ccae4f1c9601,outputs/burgers_data_sparse_clean_v1/m5/seed_00099/config.resolved.yaml,Expériences antérieures M0/M1/M3/M5/M6 ; date exacte non attestée
outputs/burgers_data_sparse_clean_v1/m5/seed_00099/environment.json,270,.json,81e8b8ec1f0e36812a60c59a8df82f8463f4b7cdc0f374d41177cd34430c2417,V06,preserved,local_commit:656050cae337f96fdab3b47ec862ccae4f1c9601,outputs/burgers_data_sparse_clean_v1/m5/seed_00099/environment.json,Expériences antérieures M0/M1/M3/M5/M6 ; date exacte non attestée
outputs/burgers_data_sparse_clean_v1/m5/seed_00099/metrics.csv,10904,.csv,3fe6e30acda7469064a4aefdca47d639c3872eeed641f8a8bb33e0efed3fd860,V06,preserved,local_commit:656050cae337f96fdab3b47ec862ccae4f1c9601,outputs/burgers_data_sparse_clean_v1/m5/seed_00099/metrics.csv,Expériences antérieures M0/M1/M3/M5/M6 ; date exacte non attestée
outputs/burgers_data_sparse_clean_v1/m5/seed_00099/model.pt,21105,.pt,90a95f40fd14e525659daedc5b02e26538948604c7600586f6412244ef5fe305,V06,preserved,local_commit:656050cae337f96fdab3b47ec862ccae4f1c9601,outputs/burgers_data_sparse_clean_v1/m5/seed_00099/model.pt,Expériences antérieures M0/M1/M3/M5/M6 ; date exacte non attestée
outputs/burgers_data_sparse_clean_v1/m5/seed_00099/summary.json,1998,.json,531a2efa06fbc48d19277deaddafa736c14dafe0194f92851dd1d5c1c04cedb9,V06,preserved,local_commit:656050cae337f96fdab3b47ec862ccae4f1c9601,outputs/burgers_data_sparse_clean_v1/m5/seed_00099/summary.json,Expériences antérieures M0/M1/M3/M5/M6 ; date exacte non attestée
outputs/burgers_data_sparse_clean_v1/m5/seed_00111/checkpoint_0000600.pt,21799,.pt,cad5c449961119ce898d3e332a89cfdab4ba81f0a1d8c2ee58af023d6e2df956,V06,preserved,local_commit:656050cae337f96fdab3b47ec862ccae4f1c9601,outputs/burgers_data_sparse_clean_v1/m5/seed_00111/checkpoint_0000600.pt,Expériences antérieures M0/M1/M3/M5/M6 ; date exacte non attestée
outputs/burgers_data_sparse_clean_v1/m5/seed_00111/config.resolved.yaml,1224,.yaml,dd4eb9361067b251f9dcdd5b8d0f9127ffff02f0fb831030d6cd0e05767f0edd,V06,preserved,local_commit:656050cae337f96fdab3b47ec862ccae4f1c9601,outputs/burgers_data_sparse_clean_v1/m5/seed_00111/config.resolved.yaml,Expériences antérieures M0/M1/M3/M5/M6 ; date exacte non attestée
outputs/burgers_data_sparse_clean_v1/m5/seed_00111/environment.json,270,.json,81e8b8ec1f0e36812a60c59a8df82f8463f4b7cdc0f374d41177cd34430c2417,V06,preserved,local_commit:656050cae337f96fdab3b47ec862ccae4f1c9601,outputs/burgers_data_sparse_clean_v1/m5/seed_00111/environment.json,Expériences antérieures M0/M1/M3/M5/M6 ; date exacte non attestée
outputs/burgers_data_sparse_clean_v1/m5/seed_00111/metrics.csv,10910,.csv,15bca9adb1de5cc4b9f6ac25ecee3eee303e336a9ef60a2b27696a4bcaa4c14c,V06,preserved,local_commit:656050cae337f96fdab3b47ec862ccae4f1c9601,outputs/burgers_data_sparse_clean_v1/m5/seed_00111/metrics.csv,Expériences antérieures M0/M1/M3/M5/M6 ; date exacte non attestée
outputs/burgers_data_sparse_clean_v1/m5/seed_00111/model.pt,21105,.pt,3919156d9439f99c889f75bcb6fb8e1ef86a02fda1e3ccf77456484f20cb7fb3,V06,preserved,local_commit:656050cae337f96fdab3b47ec862ccae4f1c9601,outputs/burgers_data_sparse_clean_v1/m5/seed_00111/model.pt,Expériences antérieures M0/M1/M3/M5/M6 ; date exacte non attestée
outputs/burgers_data_sparse_clean_v1/m5/seed_00111/summary.json,2001,.json,db12e46882e5e844b75454ea4a1290bae472e5cfc3c0b53a134687572ef6fc16,V06,preserved,local_commit:656050cae337f96fdab3b47ec862ccae4f1c9601,outputs/burgers_data_sparse_clean_v1/m5/seed_00111/summary.json,Expériences antérieures M0/M1/M3/M5/M6 ; date exacte non attestée
outputs/burgers_data_sparse_clean_v1/m6/seed_00011/checkpoint_0000600.pt,21799,.pt,caa2ab6a1efad5102a278412f92922da63856e6f0c76248ce7fb70be5a5051a0,V06,preserved,local_commit:656050cae337f96fdab3b47ec862ccae4f1c9601,outputs/burgers_data_sparse_clean_v1/m6/seed_00011/checkpoint_0000600.pt,Expériences antérieures M0/M1/M3/M5/M6 ; date exacte non attestée
outputs/burgers_data_sparse_clean_v1/m6/seed_00011/config.resolved.yaml,1223,.yaml,58a3c13a1d122c2fa8a4bc9590279fdde2cae3f4c636ab7bdf66c2ecc600cb7d,V06,preserved,local_commit:656050cae337f96fdab3b47ec862ccae4f1c9601,outputs/burgers_data_sparse_clean_v1/m6/seed_00011/config.resolved.yaml,Expériences antérieures M0/M1/M3/M5/M6 ; date exacte non attestée
outputs/burgers_data_sparse_clean_v1/m6/seed_00011/environment.json,270,.json,81e8b8ec1f0e36812a60c59a8df82f8463f4b7cdc0f374d41177cd34430c2417,V06,preserved,local_commit:656050cae337f96fdab3b47ec862ccae4f1c9601,outputs/burgers_data_sparse_clean_v1/m6/seed_00011/environment.json,Expériences antérieures M0/M1/M3/M5/M6 ; date exacte non attestée
outputs/burgers_data_sparse_clean_v1/m6/seed_00011/metrics.csv,10854,.csv,d8a58ce2b113374960e88313bd61543cf25e9aef91413f2500400e4462250e53,V06,preserved,local_commit:656050cae337f96fdab3b47ec862ccae4f1c9601,outputs/burgers_data_sparse_clean_v1/m6/seed_00011/metrics.csv,Expériences antérieures M0/M1/M3/M5/M6 ; date exacte non attestée
outputs/burgers_data_sparse_clean_v1/m6/seed_00011/model.pt,21105,.pt,6fcbaeaa527466b6ddf7a198601a2c7b50e67ec45e071b47498a8c3e55ba42f3,V06,preserved,local_commit:656050cae337f96fdab3b47ec862ccae4f1c9601,outputs/burgers_data_sparse_clean_v1/m6/seed_00011/model.pt,Expériences antérieures M0/M1/M3/M5/M6 ; date exacte non attestée
outputs/burgers_data_sparse_clean_v1/m6/seed_00011/summary.json,1991,.json,761656b245e5c6ccc4b60bb269890dc0ce7688933f3c9c148c157abf75419a8e,V06,preserved,local_commit:656050cae337f96fdab3b47ec862ccae4f1c9601,outputs/burgers_data_sparse_clean_v1/m6/seed_00011/summary.json,Expériences antérieures M0/M1/M3/M5/M6 ; date exacte non attestée
outputs/burgers_data_sparse_clean_v1/m6/seed_00022/checkpoint_0000600.pt,21799,.pt,fe2d4bb381b04123a66d0142381b58963fb92c4958e744e6033508fa8ec00690,V06,preserved,local_commit:656050cae337f96fdab3b47ec862ccae4f1c9601,outputs/burgers_data_sparse_clean_v1/m6/seed_00022/checkpoint_0000600.pt,Expériences antérieures M0/M1/M3/M5/M6 ; date exacte non attestée
outputs/burgers_data_sparse_clean_v1/m6/seed_00022/config.resolved.yaml,1223,.yaml,32a29c4368831a69f510e22d72f2bb1cb55e68a42ca665a1c060211c3776d4e3,V06,preserved,local_commit:656050cae337f96fdab3b47ec862ccae4f1c9601,outputs/burgers_data_sparse_clean_v1/m6/seed_00022/config.resolved.yaml,Expériences antérieures M0/M1/M3/M5/M6 ; date exacte non attestée
outputs/burgers_data_sparse_clean_v1/m6/seed_00022/environment.json,270,.json,81e8b8ec1f0e36812a60c59a8df82f8463f4b7cdc0f374d41177cd34430c2417,V06,preserved,local_commit:656050cae337f96fdab3b47ec862ccae4f1c9601,outputs/burgers_data_sparse_clean_v1/m6/seed_00022/environment.json,Expériences antérieures M0/M1/M3/M5/M6 ; date exacte non attestée
outputs/burgers_data_sparse_clean_v1/m6/seed_00022/metrics.csv,10854,.csv,12913e9504db46defef495ca8c97a0ddb4ff3d329bfd896f5d8fe38b14ed990e,V06,preserved,local_commit:656050cae337f96fdab3b47ec862ccae4f1c9601,outputs/burgers_data_sparse_clean_v1/m6/seed_00022/metrics.csv,Expériences antérieures M0/M1/M3/M5/M6 ; date exacte non attestée
outputs/burgers_data_sparse_clean_v1/m6/seed_00022/model.pt,21105,.pt,c5c4b3167120126d224ff7e0c29f219f03d0f2dc6da66ec0d9fb3d4cb785e650,V06,preserved,local_commit:656050cae337f96fdab3b47ec862ccae4f1c9601,outputs/burgers_data_sparse_clean_v1/m6/seed_00022/model.pt,Expériences antérieures M0/M1/M3/M5/M6 ; date exacte non attestée
outputs/burgers_data_sparse_clean_v1/m6/seed_00022/summary.json,1991,.json,66722583ab6c083c1210cd005bad894fe7918a72c98ef50d7362b626602d822d,V06,preserved,local_commit:656050cae337f96fdab3b47ec862ccae4f1c9601,outputs/burgers_data_sparse_clean_v1/m6/seed_00022/summary.json,Expériences antérieures M0/M1/M3/M5/M6 ; date exacte non attestée
outputs/burgers_data_sparse_clean_v1/m6/seed_00033/checkpoint_0000600.pt,21799,.pt,d735b703a7cdab7c7a043906dd58f4898e69a57eab28af94a7ea508e8e41af2d,V06,preserved,local_commit:656050cae337f96fdab3b47ec862ccae4f1c9601,outputs/burgers_data_sparse_clean_v1/m6/seed_00033/checkpoint_0000600.pt,Expériences antérieures M0/M1/M3/M5/M6 ; date exacte non attestée
outputs/burgers_data_sparse_clean_v1/m6/seed_00033/config.resolved.yaml,1223,.yaml,a6c407fd1512799da214b90df13f1792113062d85115ba4ec23a3d06c3c3511b,V06,preserved,local_commit:656050cae337f96fdab3b47ec862ccae4f1c9601,outputs/burgers_data_sparse_clean_v1/m6/seed_00033/config.resolved.yaml,Expériences antérieures M0/M1/M3/M5/M6 ; date exacte non attestée
outputs/burgers_data_sparse_clean_v1/m6/seed_00033/environment.json,270,.json,81e8b8ec1f0e36812a60c59a8df82f8463f4b7cdc0f374d41177cd34430c2417,V06,preserved,local_commit:656050cae337f96fdab3b47ec862ccae4f1c9601,outputs/burgers_data_sparse_clean_v1/m6/seed_00033/environment.json,Expériences antérieures M0/M1/M3/M5/M6 ; date exacte non attestée
outputs/burgers_data_sparse_clean_v1/m6/seed_00033/metrics.csv,10901,.csv,776f99c79329fd0ae8059fd3e052e714de4be12572da1f4517fcfe7b387b04c8,V06,preserved,local_commit:656050cae337f96fdab3b47ec862ccae4f1c9601,outputs/burgers_data_sparse_clean_v1/m6/seed_00033/metrics.csv,Expériences antérieures M0/M1/M3/M5/M6 ; date exacte non attestée
outputs/burgers_data_sparse_clean_v1/m6/seed_00033/model.pt,21105,.pt,6652f8c85566a8e69333f3e81bde0b39d89bf46a2fd7d02a817d02e1069cc4fe,V06,preserved,local_commit:656050cae337f96fdab3b47ec862ccae4f1c9601,outputs/burgers_data_sparse_clean_v1/m6/seed_00033/model.pt,Expériences antérieures M0/M1/M3/M5/M6 ; date exacte non attestée
outputs/burgers_data_sparse_clean_v1/m6/seed_00033/summary.json,1993,.json,84700619e7e9096f0254e9b2d9bdf05c7efa96fabd9c4e880823d7799f998c51,V06,preserved,local_commit:656050cae337f96fdab3b47ec862ccae4f1c9601,outputs/burgers_data_sparse_clean_v1/m6/seed_00033/summary.json,Expériences antérieures M0/M1/M3/M5/M6 ; date exacte non attestée
outputs/burgers_data_sparse_clean_v1/m6/seed_00044/checkpoint_0000600.pt,21799,.pt,79d8d299ac6e99610eb6d8a835682131a6d59d0e4c5faa5a0461f90751c03b61,V06,preserved,local_commit:656050cae337f96fdab3b47ec862ccae4f1c9601,outputs/burgers_data_sparse_clean_v1/m6/seed_00044/checkpoint_0000600.pt,Expériences antérieures M0/M1/M3/M5/M6 ; date exacte non attestée
outputs/burgers_data_sparse_clean_v1/m6/seed_00044/config.resolved.yaml,1223,.yaml,ef459ea19f1f293ab44c7f90ef72a93042cc72379a8720a7c8dafe99cffdb9da,V06,preserved,local_commit:656050cae337f96fdab3b47ec862ccae4f1c9601,outputs/burgers_data_sparse_clean_v1/m6/seed_00044/config.resolved.yaml,Expériences antérieures M0/M1/M3/M5/M6 ; date exacte non attestée
outputs/burgers_data_sparse_clean_v1/m6/seed_00044/environment.json,270,.json,81e8b8ec1f0e36812a60c59a8df82f8463f4b7cdc0f374d41177cd34430c2417,V06,preserved,local_commit:656050cae337f96fdab3b47ec862ccae4f1c9601,outputs/burgers_data_sparse_clean_v1/m6/seed_00044/environment.json,Expériences antérieures M0/M1/M3/M5/M6 ; date exacte non attestée
outputs/burgers_data_sparse_clean_v1/m6/seed_00044/metrics.csv,10430,.csv,f756bc09bc2974a87768caf02fe929b1c75a0c0a7c1a9a0be96672c78bb68c3f,V06,preserved,local_commit:656050cae337f96fdab3b47ec862ccae4f1c9601,outputs/burgers_data_sparse_clean_v1/m6/seed_00044/metrics.csv,Expériences antérieures M0/M1/M3/M5/M6 ; date exacte non attestée
outputs/burgers_data_sparse_clean_v1/m6/seed_00044/model.pt,21105,.pt,8496b9693124046992770cfc2812cc66571ba5ac940a050a04b35809421667ec,V06,preserved,local_commit:656050cae337f96fdab3b47ec862ccae4f1c9601,outputs/burgers_data_sparse_clean_v1/m6/seed_00044/model.pt,Expériences antérieures M0/M1/M3/M5/M6 ; date exacte non attestée
outputs/burgers_data_sparse_clean_v1/m6/seed_00044/summary.json,1992,.json,5d7e5244e743ea98f097940d0f983e521b6f45e4ad64f9b2ecca87776e6c7be9,V06,preserved,local_commit:656050cae337f96fdab3b47ec862ccae4f1c9601,outputs/burgers_data_sparse_clean_v1/m6/seed_00044/summary.json,Expériences antérieures M0/M1/M3/M5/M6 ; date exacte non attestée
outputs/burgers_data_sparse_clean_v1/m6/seed_00055/checkpoint_0000600.pt,21799,.pt,72c0a3964ce5bf658f5e0a29ae3355b2483a1a40088d3366fe8592fe74552b94,V06,preserved,local_commit:656050cae337f96fdab3b47ec862ccae4f1c9601,outputs/burgers_data_sparse_clean_v1/m6/seed_00055/checkpoint_0000600.pt,Expériences antérieures M0/M1/M3/M5/M6 ; date exacte non attestée
outputs/burgers_data_sparse_clean_v1/m6/seed_00055/config.resolved.yaml,1223,.yaml,5f2fdd14c99614f5d0bc9e732dbe889ffedba1fb0203f946f88c009440e3488c,V06,preserved,local_commit:656050cae337f96fdab3b47ec862ccae4f1c9601,outputs/burgers_data_sparse_clean_v1/m6/seed_00055/config.resolved.yaml,Expériences antérieures M0/M1/M3/M5/M6 ; date exacte non attestée
outputs/burgers_data_sparse_clean_v1/m6/seed_00055/environment.json,270,.json,81e8b8ec1f0e36812a60c59a8df82f8463f4b7cdc0f374d41177cd34430c2417,V06,preserved,local_commit:656050cae337f96fdab3b47ec862ccae4f1c9601,outputs/burgers_data_sparse_clean_v1/m6/seed_00055/environment.json,Expériences antérieures M0/M1/M3/M5/M6 ; date exacte non attestée
outputs/burgers_data_sparse_clean_v1/m6/seed_00055/metrics.csv,9179,.csv,dac11949f82049a2fcbf47a3176c01b4684458bc71d6221d938716ae2831f12b,V06,preserved,local_commit:656050cae337f96fdab3b47ec862ccae4f1c9601,outputs/burgers_data_sparse_clean_v1/m6/seed_00055/metrics.csv,Expériences antérieures M0/M1/M3/M5/M6 ; date exacte non attestée
outputs/burgers_data_sparse_clean_v1/m6/seed_00055/model.pt,21105,.pt,82ff5fbf775e7a044e78afcd9003c761ea767847e241a5670c04ee51856277a1,V06,preserved,local_commit:656050cae337f96fdab3b47ec862ccae4f1c9601,outputs/burgers_data_sparse_clean_v1/m6/seed_00055/model.pt,Expériences antérieures M0/M1/M3/M5/M6 ; date exacte non attestée
outputs/burgers_data_sparse_clean_v1/m6/seed_00055/summary.json,1994,.json,df994eb00caf9a270701053656b126b971df845b50529c7f766fa1535321dfcb,V06,preserved,local_commit:656050cae337f96fdab3b47ec862ccae4f1c9601,outputs/burgers_data_sparse_clean_v1/m6/seed_00055/summary.json,Expériences antérieures M0/M1/M3/M5/M6 ; date exacte non attestée
outputs/burgers_data_sparse_clean_v1/m6/seed_00066/checkpoint_0000600.pt,21799,.pt,95e4f26002ad082cfed4af195c36788c8b81690be343da5bca35c2593e8d013a,V06,preserved,local_commit:656050cae337f96fdab3b47ec862ccae4f1c9601,outputs/burgers_data_sparse_clean_v1/m6/seed_00066/checkpoint_0000600.pt,Expériences antérieures M0/M1/M3/M5/M6 ; date exacte non attestée
outputs/burgers_data_sparse_clean_v1/m6/seed_00066/config.resolved.yaml,1223,.yaml,52a63206f052044aa7d86c6ed6d43dccc8f643624424b03bae259c024b6cc4f7,V06,preserved,local_commit:656050cae337f96fdab3b47ec862ccae4f1c9601,outputs/burgers_data_sparse_clean_v1/m6/seed_00066/config.resolved.yaml,Expériences antérieures M0/M1/M3/M5/M6 ; date exacte non attestée
outputs/burgers_data_sparse_clean_v1/m6/seed_00066/environment.json,270,.json,81e8b8ec1f0e36812a60c59a8df82f8463f4b7cdc0f374d41177cd34430c2417,V06,preserved,local_commit:656050cae337f96fdab3b47ec862ccae4f1c9601,outputs/burgers_data_sparse_clean_v1/m6/seed_00066/environment.json,Expériences antérieures M0/M1/M3/M5/M6 ; date exacte non attestée
outputs/burgers_data_sparse_clean_v1/m6/seed_00066/metrics.csv,9613,.csv,bfef4275f360bddbb74e3f54143dd71b2cbcf9a72b09d95ac19f22fc752dde1f,V06,preserved,local_commit:656050cae337f96fdab3b47ec862ccae4f1c9601,outputs/burgers_data_sparse_clean_v1/m6/seed_00066/metrics.csv,Expériences antérieures M0/M1/M3/M5/M6 ; date exacte non attestée
outputs/burgers_data_sparse_clean_v1/m6/seed_00066/model.pt,21105,.pt,9068bf4aa5822456c509f714495851b6d682b1d722e7b6d28dc6285e7d77e8d1,V06,preserved,local_commit:656050cae337f96fdab3b47ec862ccae4f1c9601,outputs/burgers_data_sparse_clean_v1/m6/seed_00066/model.pt,Expériences antérieures M0/M1/M3/M5/M6 ; date exacte non attestée
outputs/burgers_data_sparse_clean_v1/m6/seed_00066/summary.json,1993,.json,809d044e9a79c4db7357f3835a65b1be956a1221f972339cb87ad6ab36e719ce,V06,preserved,local_commit:656050cae337f96fdab3b47ec862ccae4f1c9601,outputs/burgers_data_sparse_clean_v1/m6/seed_00066/summary.json,Expériences antérieures M0/M1/M3/M5/M6 ; date exacte non attestée
outputs/burgers_data_sparse_clean_v1/m6/seed_00077/checkpoint_0000600.pt,21799,.pt,7423f0b2d17c1953ff1bb85fa81f212bddf317a92cffa93d7d0f35c33d0a5179,V06,preserved,local_commit:656050cae337f96fdab3b47ec862ccae4f1c9601,outputs/burgers_data_sparse_clean_v1/m6/seed_00077/checkpoint_0000600.pt,Expériences antérieures M0/M1/M3/M5/M6 ; date exacte non attestée
outputs/burgers_data_sparse_clean_v1/m6/seed_00077/config.resolved.yaml,1223,.yaml,9e1c232fea6491e6302e7ee1dcee8bd01ea3a408931911813bc54c1fde078c4c,V06,preserved,local_commit:656050cae337f96fdab3b47ec862ccae4f1c9601,outputs/burgers_data_sparse_clean_v1/m6/seed_00077/config.resolved.yaml,Expériences antérieures M0/M1/M3/M5/M6 ; date exacte non attestée
outputs/burgers_data_sparse_clean_v1/m6/seed_00077/environment.json,270,.json,81e8b8ec1f0e36812a60c59a8df82f8463f4b7cdc0f374d41177cd34430c2417,V06,preserved,local_commit:656050cae337f96fdab3b47ec862ccae4f1c9601,outputs/burgers_data_sparse_clean_v1/m6/seed_00077/environment.json,Expériences antérieures M0/M1/M3/M5/M6 ; date exacte non attestée
outputs/burgers_data_sparse_clean_v1/m6/seed_00077/metrics.csv,10888,.csv,53e7b02f6c56d26584c55bcec9a1e30bfe309c21988059d1f9e03c8cb70bcd12,V06,preserved,local_commit:656050cae337f96fdab3b47ec862ccae4f1c9601,outputs/burgers_data_sparse_clean_v1/m6/seed_00077/metrics.csv,Expériences antérieures M0/M1/M3/M5/M6 ; date exacte non attestée
outputs/burgers_data_sparse_clean_v1/m6/seed_00077/model.pt,21105,.pt,11ae659c9a0ef55af6d06978c9e391431ed5c91b27d8d573fdae91d1bbb8411c,V06,preserved,local_commit:656050cae337f96fdab3b47ec862ccae4f1c9601,outputs/burgers_data_sparse_clean_v1/m6/seed_00077/model.pt,Expériences antérieures M0/M1/M3/M5/M6 ; date exacte non attestée
outputs/burgers_data_sparse_clean_v1/m6/seed_00077/summary.json,1994,.json,dd86c210dea045a8508be28f3ca6edc4efc4ac5663289a4837c223393925e6b6,V06,preserved,local_commit:656050cae337f96fdab3b47ec862ccae4f1c9601,outputs/burgers_data_sparse_clean_v1/m6/seed_00077/summary.json,Expériences antérieures M0/M1/M3/M5/M6 ; date exacte non attestée
outputs/burgers_data_sparse_clean_v1/m6/seed_00088/checkpoint_0000600.pt,21799,.pt,701c72008a3896b1225831ebad1f350267357e0eaad254974d12f6558844640a,V06,preserved,local_commit:656050cae337f96fdab3b47ec862ccae4f1c9601,outputs/burgers_data_sparse_clean_v1/m6/seed_00088/checkpoint_0000600.pt,Expériences antérieures M0/M1/M3/M5/M6 ; date exacte non attestée
outputs/burgers_data_sparse_clean_v1/m6/seed_00088/config.resolved.yaml,1223,.yaml,5043dd4c6460f5628417825364d303c9c8b7ac4c8423da0e8fb39224ccc70928,V06,preserved,local_commit:656050cae337f96fdab3b47ec862ccae4f1c9601,outputs/burgers_data_sparse_clean_v1/m6/seed_00088/config.resolved.yaml,Expériences antérieures M0/M1/M3/M5/M6 ; date exacte non attestée
outputs/burgers_data_sparse_clean_v1/m6/seed_00088/environment.json,270,.json,81e8b8ec1f0e36812a60c59a8df82f8463f4b7cdc0f374d41177cd34430c2417,V06,preserved,local_commit:656050cae337f96fdab3b47ec862ccae4f1c9601,outputs/burgers_data_sparse_clean_v1/m6/seed_00088/environment.json,Expériences antérieures M0/M1/M3/M5/M6 ; date exacte non attestée
outputs/burgers_data_sparse_clean_v1/m6/seed_00088/metrics.csv,10877,.csv,25527ea123bab1050b7486ead75ddc4f7dad3e58ab8151bb2528aeb3273a1f86,V06,preserved,local_commit:656050cae337f96fdab3b47ec862ccae4f1c9601,outputs/burgers_data_sparse_clean_v1/m6/seed_00088/metrics.csv,Expériences antérieures M0/M1/M3/M5/M6 ; date exacte non attestée
outputs/burgers_data_sparse_clean_v1/m6/seed_00088/model.pt,21105,.pt,341e65e12a293381e90231be38118f4944f0672fb3d2c5f28454a0cc50d9154e,V06,preserved,local_commit:656050cae337f96fdab3b47ec862ccae4f1c9601,outputs/burgers_data_sparse_clean_v1/m6/seed_00088/model.pt,Expériences antérieures M0/M1/M3/M5/M6 ; date exacte non attestée
outputs/burgers_data_sparse_clean_v1/m6/seed_00088/summary.json,1991,.json,b777c5adbc1d79fd279128c3ea85e0d350da9920dec8c1a620ec4ca1e7bdd2b7,V06,preserved,local_commit:656050cae337f96fdab3b47ec862ccae4f1c9601,outputs/burgers_data_sparse_clean_v1/m6/seed_00088/summary.json,Expériences antérieures M0/M1/M3/M5/M6 ; date exacte non attestée
outputs/burgers_data_sparse_clean_v1/m6/seed_00099/checkpoint_0000600.pt,21799,.pt,c2e5e57013ee608433b8058f45cf6bf7f941cc67ccdfba2fb44399cb531e972f,V06,preserved,local_commit:656050cae337f96fdab3b47ec862ccae4f1c9601,outputs/burgers_data_sparse_clean_v1/m6/seed_00099/checkpoint_0000600.pt,Expériences antérieures M0/M1/M3/M5/M6 ; date exacte non attestée
outputs/burgers_data_sparse_clean_v1/m6/seed_00099/config.resolved.yaml,1223,.yaml,2455e87dbcc0ea685799f50e8f6068d5651472f0787f8ea70bdf18210dc70623,V06,preserved,local_commit:656050cae337f96fdab3b47ec862ccae4f1c9601,outputs/burgers_data_sparse_clean_v1/m6/seed_00099/config.resolved.yaml,Expériences antérieures M0/M1/M3/M5/M6 ; date exacte non attestée
outputs/burgers_data_sparse_clean_v1/m6/seed_00099/environment.json,270,.json,81e8b8ec1f0e36812a60c59a8df82f8463f4b7cdc0f374d41177cd34430c2417,V06,preserved,local_commit:656050cae337f96fdab3b47ec862ccae4f1c9601,outputs/burgers_data_sparse_clean_v1/m6/seed_00099/environment.json,Expériences antérieures M0/M1/M3/M5/M6 ; date exacte non attestée
outputs/burgers_data_sparse_clean_v1/m6/seed_00099/metrics.csv,10901,.csv,3da5c9af00c127d61c7bb0d6445d0eab11e3212bc951679e6b184d6fbd9800a0,V06,preserved,local_commit:656050cae337f96fdab3b47ec862ccae4f1c9601,outputs/burgers_data_sparse_clean_v1/m6/seed_00099/metrics.csv,Expériences antérieures M0/M1/M3/M5/M6 ; date exacte non attestée
outputs/burgers_data_sparse_clean_v1/m6/seed_00099/model.pt,21105,.pt,46f18bbcd97ce01d626faa055afb05f4b47d17e8d12eea45e71004bbcd6adf13,V06,preserved,local_commit:656050cae337f96fdab3b47ec862ccae4f1c9601,outputs/burgers_data_sparse_clean_v1/m6/seed_00099/model.pt,Expériences antérieures M0/M1/M3/M5/M6 ; date exacte non attestée
outputs/burgers_data_sparse_clean_v1/m6/seed_00099/summary.json,1991,.json,a8ef75ad1349acb657c6941a8768013e5904e766ee585d4317e3a9fbf3475fbf,V06,preserved,local_commit:656050cae337f96fdab3b47ec862ccae4f1c9601,outputs/burgers_data_sparse_clean_v1/m6/seed_00099/summary.json,Expériences antérieures M0/M1/M3/M5/M6 ; date exacte non attestée
outputs/burgers_data_sparse_clean_v1/m6/seed_00111/checkpoint_0000600.pt,21799,.pt,d8815439347f3214a21c190f25e35d0ac2d078864945293bbbd80d3fc3e8a439,V06,preserved,local_commit:656050cae337f96fdab3b47ec862ccae4f1c9601,outputs/burgers_data_sparse_clean_v1/m6/seed_00111/checkpoint_0000600.pt,Expériences antérieures M0/M1/M3/M5/M6 ; date exacte non attestée
outputs/burgers_data_sparse_clean_v1/m6/seed_00111/config.resolved.yaml,1224,.yaml,d9a950ea76c38a4524603365858c980f7f6913af8103c144b155886b0da91568,V06,preserved,local_commit:656050cae337f96fdab3b47ec862ccae4f1c9601,outputs/burgers_data_sparse_clean_v1/m6/seed_00111/config.resolved.yaml,Expériences antérieures M0/M1/M3/M5/M6 ; date exacte non attestée
outputs/burgers_data_sparse_clean_v1/m6/seed_00111/environment.json,270,.json,81e8b8ec1f0e36812a60c59a8df82f8463f4b7cdc0f374d41177cd34430c2417,V06,preserved,local_commit:656050cae337f96fdab3b47ec862ccae4f1c9601,outputs/burgers_data_sparse_clean_v1/m6/seed_00111/environment.json,Expériences antérieures M0/M1/M3/M5/M6 ; date exacte non attestée
outputs/burgers_data_sparse_clean_v1/m6/seed_00111/metrics.csv,10894,.csv,8a30255deb23d76e84f272cd13072e23909bb2c59d63092902fd8f59c706cc96,V06,preserved,local_commit:656050cae337f96fdab3b47ec862ccae4f1c9601,outputs/burgers_data_sparse_clean_v1/m6/seed_00111/metrics.csv,Expériences antérieures M0/M1/M3/M5/M6 ; date exacte non attestée
outputs/burgers_data_sparse_clean_v1/m6/seed_00111/model.pt,21105,.pt,6c640dc2730ef18fe7a3cd4701f30ddf5aec81602a1bf90963012611a748435e,V06,preserved,local_commit:656050cae337f96fdab3b47ec862ccae4f1c9601,outputs/burgers_data_sparse_clean_v1/m6/seed_00111/model.pt,Expériences antérieures M0/M1/M3/M5/M6 ; date exacte non attestée
outputs/burgers_data_sparse_clean_v1/m6/seed_00111/summary.json,1994,.json,00186cb35bedd837757363a2dd8e43168e91778ded1f7314dc70dccbd2b91ce8,V06,preserved,local_commit:656050cae337f96fdab3b47ec862ccae4f1c9601,outputs/burgers_data_sparse_clean_v1/m6/seed_00111/summary.json,Expériences antérieures M0/M1/M3/M5/M6 ; date exacte non attestée
outputs/burgers_data_sparse_noisy_v1/m5/seed_00011/checkpoint_0000600.pt,21799,.pt,f496febcc40aa13a842134ac3143df2a75b43b636ffe873d31ebc4146842b2dd,V06,preserved,local_commit:656050cae337f96fdab3b47ec862ccae4f1c9601,outputs/burgers_data_sparse_noisy_v1/m5/seed_00011/checkpoint_0000600.pt,Expériences antérieures M0/M1/M3/M5/M6 ; date exacte non attestée
outputs/burgers_data_sparse_noisy_v1/m5/seed_00011/config.resolved.yaml,1230,.yaml,8366e1c88f3b424425a6477a81896e9a6e3f8e8ae661b20d441e93c80bfc4863,V06,preserved,local_commit:656050cae337f96fdab3b47ec862ccae4f1c9601,outputs/burgers_data_sparse_noisy_v1/m5/seed_00011/config.resolved.yaml,Expériences antérieures M0/M1/M3/M5/M6 ; date exacte non attestée
outputs/burgers_data_sparse_noisy_v1/m5/seed_00011/environment.json,270,.json,81e8b8ec1f0e36812a60c59a8df82f8463f4b7cdc0f374d41177cd34430c2417,V06,preserved,local_commit:656050cae337f96fdab3b47ec862ccae4f1c9601,outputs/burgers_data_sparse_noisy_v1/m5/seed_00011/environment.json,Expériences antérieures M0/M1/M3/M5/M6 ; date exacte non attestée
outputs/burgers_data_sparse_noisy_v1/m5/seed_00011/metrics.csv,10889,.csv,98ae3050867bdb8c1c1fc4644ffae3b3191af6c788c4c3561e5a1406e236fc1e,V06,preserved,local_commit:656050cae337f96fdab3b47ec862ccae4f1c9601,outputs/burgers_data_sparse_noisy_v1/m5/seed_00011/metrics.csv,Expériences antérieures M0/M1/M3/M5/M6 ; date exacte non attestée
outputs/burgers_data_sparse_noisy_v1/m5/seed_00011/model.pt,21105,.pt,961d8c1ac40ac126f1f3d8baee9438565e6a3cd5b9f0caf39e1ff7d931eec694,V06,preserved,local_commit:656050cae337f96fdab3b47ec862ccae4f1c9601,outputs/burgers_data_sparse_noisy_v1/m5/seed_00011/model.pt,Expériences antérieures M0/M1/M3/M5/M6 ; date exacte non attestée
outputs/burgers_data_sparse_noisy_v1/m5/seed_00011/summary.json,2003,.json,407382d356c7b572189a05003704a68d3eba5b7a5d9f3ab37844c7ebdae2c848,V06,preserved,local_commit:656050cae337f96fdab3b47ec862ccae4f1c9601,outputs/burgers_data_sparse_noisy_v1/m5/seed_00011/summary.json,Expériences antérieures M0/M1/M3/M5/M6 ; date exacte non attestée
outputs/burgers_data_sparse_noisy_v1/m5/seed_00022/checkpoint_0000600.pt,21799,.pt,84168d1d71eff5d8635c4915578c98f968d09bc49773bf89a41fba21d74d0222,V06,preserved,local_commit:656050cae337f96fdab3b47ec862ccae4f1c9601,outputs/burgers_data_sparse_noisy_v1/m5/seed_00022/checkpoint_0000600.pt,Expériences antérieures M0/M1/M3/M5/M6 ; date exacte non attestée
outputs/burgers_data_sparse_noisy_v1/m5/seed_00022/config.resolved.yaml,1230,.yaml,04aeee466ad3080392a4a8198f856ee7d2dfb61838b595d75399c33d54ba87b5,V06,preserved,local_commit:656050cae337f96fdab3b47ec862ccae4f1c9601,outputs/burgers_data_sparse_noisy_v1/m5/seed_00022/config.resolved.yaml,Expériences antérieures M0/M1/M3/M5/M6 ; date exacte non attestée
outputs/burgers_data_sparse_noisy_v1/m5/seed_00022/environment.json,270,.json,81e8b8ec1f0e36812a60c59a8df82f8463f4b7cdc0f374d41177cd34430c2417,V06,preserved,local_commit:656050cae337f96fdab3b47ec862ccae4f1c9601,outputs/burgers_data_sparse_noisy_v1/m5/seed_00022/environment.json,Expériences antérieures M0/M1/M3/M5/M6 ; date exacte non attestée
outputs/burgers_data_sparse_noisy_v1/m5/seed_00022/metrics.csv,10835,.csv,f48b227a2fbe0e657fa2e6197ecf94de698a2963b06c399034117ba60aa7345c,V06,preserved,local_commit:656050cae337f96fdab3b47ec862ccae4f1c9601,outputs/burgers_data_sparse_noisy_v1/m5/seed_00022/metrics.csv,Expériences antérieures M0/M1/M3/M5/M6 ; date exacte non attestée
outputs/burgers_data_sparse_noisy_v1/m5/seed_00022/model.pt,21105,.pt,488512901b48002d4e9dc0b37cdfd6d47767698b12291e5654ddd1f808e58467,V06,preserved,local_commit:656050cae337f96fdab3b47ec862ccae4f1c9601,outputs/burgers_data_sparse_noisy_v1/m5/seed_00022/model.pt,Expériences antérieures M0/M1/M3/M5/M6 ; date exacte non attestée
outputs/burgers_data_sparse_noisy_v1/m5/seed_00022/summary.json,2005,.json,5d61e386d6ebc5e444d898b0f5dbf3ce47016c87e23d256900ccb9044fb4c0c8,V06,preserved,local_commit:656050cae337f96fdab3b47ec862ccae4f1c9601,outputs/burgers_data_sparse_noisy_v1/m5/seed_00022/summary.json,Expériences antérieures M0/M1/M3/M5/M6 ; date exacte non attestée
outputs/burgers_data_sparse_noisy_v1/m5/seed_00033/checkpoint_0000600.pt,21799,.pt,c012476ebd32ac39c7c6c60d62e86c4bd7039694c23b52f0d5cab1bbd15888da,V06,preserved,local_commit:656050cae337f96fdab3b47ec862ccae4f1c9601,outputs/burgers_data_sparse_noisy_v1/m5/seed_00033/checkpoint_0000600.pt,Expériences antérieures M0/M1/M3/M5/M6 ; date exacte non attestée
outputs/burgers_data_sparse_noisy_v1/m5/seed_00033/config.resolved.yaml,1230,.yaml,dbe7d76c724f33fb70779557d44e1cb14043a4db2a207e96079327b1fc6168a5,V06,preserved,local_commit:656050cae337f96fdab3b47ec862ccae4f1c9601,outputs/burgers_data_sparse_noisy_v1/m5/seed_00033/config.resolved.yaml,Expériences antérieures M0/M1/M3/M5/M6 ; date exacte non attestée
outputs/burgers_data_sparse_noisy_v1/m5/seed_00033/environment.json,270,.json,81e8b8ec1f0e36812a60c59a8df82f8463f4b7cdc0f374d41177cd34430c2417,V06,preserved,local_commit:656050cae337f96fdab3b47ec862ccae4f1c9601,outputs/burgers_data_sparse_noisy_v1/m5/seed_00033/environment.json,Expériences antérieures M0/M1/M3/M5/M6 ; date exacte non attestée
outputs/burgers_data_sparse_noisy_v1/m5/seed_00033/metrics.csv,10918,.csv,24840775bde63cb04ca646e9546f9297e2e0248646ae65052416631db7d5acba,V06,preserved,local_commit:656050cae337f96fdab3b47ec862ccae4f1c9601,outputs/burgers_data_sparse_noisy_v1/m5/seed_00033/metrics.csv,Expériences antérieures M0/M1/M3/M5/M6 ; date exacte non attestée
outputs/burgers_data_sparse_noisy_v1/m5/seed_00033/model.pt,21105,.pt,843629c5232aedc7ff9d4136e026caf8ca0478e6ec03665d5513fe0af9fd0342,V06,preserved,local_commit:656050cae337f96fdab3b47ec862ccae4f1c9601,outputs/burgers_data_sparse_noisy_v1/m5/seed_00033/model.pt,Expériences antérieures M0/M1/M3/M5/M6 ; date exacte non attestée
outputs/burgers_data_sparse_noisy_v1/m5/seed_00033/summary.json,2005,.json,fb99f3c2425887083e042fa05638ae17e92b35b1b3b61bcc0dd0f0d049e14646,V06,preserved,local_commit:656050cae337f96fdab3b47ec862ccae4f1c9601,outputs/burgers_data_sparse_noisy_v1/m5/seed_00033/summary.json,Expériences antérieures M0/M1/M3/M5/M6 ; date exacte non attestée
outputs/burgers_data_sparse_noisy_v1/m5/seed_00044/checkpoint_0000600.pt,21799,.pt,9f673fa638a989058a8d35115809e06012a656d86860223385c27eb0ccb8e09c,V06,preserved,local_commit:656050cae337f96fdab3b47ec862ccae4f1c9601,outputs/burgers_data_sparse_noisy_v1/m5/seed_00044/checkpoint_0000600.pt,Expériences antérieures M0/M1/M3/M5/M6 ; date exacte non attestée
outputs/burgers_data_sparse_noisy_v1/m5/seed_00044/config.resolved.yaml,1230,.yaml,de0ddafa8780c77f2513f9e4b11f12c3240610af79352e7ea0c50a3ed382b18d,V06,preserved,local_commit:656050cae337f96fdab3b47ec862ccae4f1c9601,outputs/burgers_data_sparse_noisy_v1/m5/seed_00044/config.resolved.yaml,Expériences antérieures M0/M1/M3/M5/M6 ; date exacte non attestée
outputs/burgers_data_sparse_noisy_v1/m5/seed_00044/environment.json,270,.json,81e8b8ec1f0e36812a60c59a8df82f8463f4b7cdc0f374d41177cd34430c2417,V06,preserved,local_commit:656050cae337f96fdab3b47ec862ccae4f1c9601,outputs/burgers_data_sparse_noisy_v1/m5/seed_00044/environment.json,Expériences antérieures M0/M1/M3/M5/M6 ; date exacte non attestée
outputs/burgers_data_sparse_noisy_v1/m5/seed_00044/metrics.csv,10872,.csv,6689a411fbc58886395f49fb3803e867e77413ec359d37bb3862beadb3d8b059,V06,preserved,local_commit:656050cae337f96fdab3b47ec862ccae4f1c9601,outputs/burgers_data_sparse_noisy_v1/m5/seed_00044/metrics.csv,Expériences antérieures M0/M1/M3/M5/M6 ; date exacte non attestée
outputs/burgers_data_sparse_noisy_v1/m5/seed_00044/model.pt,21105,.pt,4ed67377eb3cefae705823c726b26f82f993ffcf1d837946c6fbaa5ea36190ff,V06,preserved,local_commit:656050cae337f96fdab3b47ec862ccae4f1c9601,outputs/burgers_data_sparse_noisy_v1/m5/seed_00044/model.pt,Expériences antérieures M0/M1/M3/M5/M6 ; date exacte non attestée
outputs/burgers_data_sparse_noisy_v1/m5/seed_00044/summary.json,2004,.json,d2d90e69d086306c8a677cfeac87d6ae9a84da0cd4254ae8f8a5dcb6358a595e,V06,preserved,local_commit:656050cae337f96fdab3b47ec862ccae4f1c9601,outputs/burgers_data_sparse_noisy_v1/m5/seed_00044/summary.json,Expériences antérieures M0/M1/M3/M5/M6 ; date exacte non attestée
outputs/burgers_data_sparse_noisy_v1/m5/seed_00055/checkpoint_0000600.pt,21799,.pt,fdc6af12e03d55be2bb72aea5bc9e565af4181236947c077f36622a9df7a9ab6,V06,preserved,local_commit:656050cae337f96fdab3b47ec862ccae4f1c9601,outputs/burgers_data_sparse_noisy_v1/m5/seed_00055/checkpoint_0000600.pt,Expériences antérieures M0/M1/M3/M5/M6 ; date exacte non attestée
outputs/burgers_data_sparse_noisy_v1/m5/seed_00055/config.resolved.yaml,1230,.yaml,4cdbe609367842aed3c446aad3c5bfb34da4fc58e6289dcb6390befb28859e40,V06,preserved,local_commit:656050cae337f96fdab3b47ec862ccae4f1c9601,outputs/burgers_data_sparse_noisy_v1/m5/seed_00055/config.resolved.yaml,Expériences antérieures M0/M1/M3/M5/M6 ; date exacte non attestée
outputs/burgers_data_sparse_noisy_v1/m5/seed_00055/environment.json,270,.json,81e8b8ec1f0e36812a60c59a8df82f8463f4b7cdc0f374d41177cd34430c2417,V06,preserved,local_commit:656050cae337f96fdab3b47ec862ccae4f1c9601,outputs/burgers_data_sparse_noisy_v1/m5/seed_00055/environment.json,Expériences antérieures M0/M1/M3/M5/M6 ; date exacte non attestée
outputs/burgers_data_sparse_noisy_v1/m5/seed_00055/metrics.csv,10905,.csv,fb345832cc3314b5b0cdd739e030455ff5a2d05da00910f0aafcae9005f0ef8a,V06,preserved,local_commit:656050cae337f96fdab3b47ec862ccae4f1c9601,outputs/burgers_data_sparse_noisy_v1/m5/seed_00055/metrics.csv,Expériences antérieures M0/M1/M3/M5/M6 ; date exacte non attestée
outputs/burgers_data_sparse_noisy_v1/m5/seed_00055/model.pt,21105,.pt,181bbce52b2a6fbd1af6658672b3828fcdf934f3194dc3b02f66982d6b1f2f4f,V06,preserved,local_commit:656050cae337f96fdab3b47ec862ccae4f1c9601,outputs/burgers_data_sparse_noisy_v1/m5/seed_00055/model.pt,Expériences antérieures M0/M1/M3/M5/M6 ; date exacte non attestée
outputs/burgers_data_sparse_noisy_v1/m5/seed_00055/summary.json,2005,.json,362a1cbe7994c87e1c8825247aceb828fb171d279fae1898b851c6d88fc67b6d,V06,preserved,local_commit:656050cae337f96fdab3b47ec862ccae4f1c9601,outputs/burgers_data_sparse_noisy_v1/m5/seed_00055/summary.json,Expériences antérieures M0/M1/M3/M5/M6 ; date exacte non attestée
outputs/burgers_data_sparse_noisy_v1/m5/seed_00066/checkpoint_0000600.pt,21799,.pt,fe565f14a783921ff816d7ab22a6aa8fd75c1970366eaf75ac547e2ff3d15f85,V06,preserved,local_commit:656050cae337f96fdab3b47ec862ccae4f1c9601,outputs/burgers_data_sparse_noisy_v1/m5/seed_00066/checkpoint_0000600.pt,Expériences antérieures M0/M1/M3/M5/M6 ; date exacte non attestée
outputs/burgers_data_sparse_noisy_v1/m5/seed_00066/config.resolved.yaml,1230,.yaml,761139f1fd9daecc730c96b319a6bfb9a2856543a8540142ab75d1fea9fb17bb,V06,preserved,local_commit:656050cae337f96fdab3b47ec862ccae4f1c9601,outputs/burgers_data_sparse_noisy_v1/m5/seed_00066/config.resolved.yaml,Expériences antérieures M0/M1/M3/M5/M6 ; date exacte non attestée
outputs/burgers_data_sparse_noisy_v1/m5/seed_00066/environment.json,270,.json,81e8b8ec1f0e36812a60c59a8df82f8463f4b7cdc0f374d41177cd34430c2417,V06,preserved,local_commit:656050cae337f96fdab3b47ec862ccae4f1c9601,outputs/burgers_data_sparse_noisy_v1/m5/seed_00066/environment.json,Expériences antérieures M0/M1/M3/M5/M6 ; date exacte non attestée
outputs/burgers_data_sparse_noisy_v1/m5/seed_00066/metrics.csv,10869,.csv,df7eb656916093316ad5c0db472782ae59fdbd93b9cbb6fc32d4cc12ee8bd395,V06,preserved,local_commit:656050cae337f96fdab3b47ec862ccae4f1c9601,outputs/burgers_data_sparse_noisy_v1/m5/seed_00066/metrics.csv,Expériences antérieures M0/M1/M3/M5/M6 ; date exacte non attestée
outputs/burgers_data_sparse_noisy_v1/m5/seed_00066/model.pt,21105,.pt,d21ddf11c62b07732d52d8f24557828604867d79200ecb51894c420a5ce4529a,V06,preserved,local_commit:656050cae337f96fdab3b47ec862ccae4f1c9601,outputs/burgers_data_sparse_noisy_v1/m5/seed_00066/model.pt,Expériences antérieures M0/M1/M3/M5/M6 ; date exacte non attestée
outputs/burgers_data_sparse_noisy_v1/m5/seed_00066/summary.json,2008,.json,9254d0960a054d43c0e972bc035ca618146c7c6dc5a59fb4542495c6bba612aa,V06,preserved,local_commit:656050cae337f96fdab3b47ec862ccae4f1c9601,outputs/burgers_data_sparse_noisy_v1/m5/seed_00066/summary.json,Expériences antérieures M0/M1/M3/M5/M6 ; date exacte non attestée
outputs/burgers_data_sparse_noisy_v1/m5/seed_00077/checkpoint_0000600.pt,21799,.pt,ff93ab1c48cd85e3641a2aff886b3fa9612deccedebf6336d8dc4d31c000a71c,V06,preserved,local_commit:656050cae337f96fdab3b47ec862ccae4f1c9601,outputs/burgers_data_sparse_noisy_v1/m5/seed_00077/checkpoint_0000600.pt,Expériences antérieures M0/M1/M3/M5/M6 ; date exacte non attestée
outputs/burgers_data_sparse_noisy_v1/m5/seed_00077/config.resolved.yaml,1230,.yaml,29ac63a326f9dc41319110a9488e5caa0b8b9e7d3185d1f8cd15c5880149e451,V06,preserved,local_commit:656050cae337f96fdab3b47ec862ccae4f1c9601,outputs/burgers_data_sparse_noisy_v1/m5/seed_00077/config.resolved.yaml,Expériences antérieures M0/M1/M3/M5/M6 ; date exacte non attestée
outputs/burgers_data_sparse_noisy_v1/m5/seed_00077/environment.json,270,.json,81e8b8ec1f0e36812a60c59a8df82f8463f4b7cdc0f374d41177cd34430c2417,V06,preserved,local_commit:656050cae337f96fdab3b47ec862ccae4f1c9601,outputs/burgers_data_sparse_noisy_v1/m5/seed_00077/environment.json,Expériences antérieures M0/M1/M3/M5/M6 ; date exacte non attestée
outputs/burgers_data_sparse_noisy_v1/m5/seed_00077/metrics.csv,10933,.csv,4e2046a3139f8a0c8fdb6f30260fb9534652d76b2c4c6faaf6799b603a587ce7,V06,preserved,local_commit:656050cae337f96fdab3b47ec862ccae4f1c9601,outputs/burgers_data_sparse_noisy_v1/m5/seed_00077/metrics.csv,Expériences antérieures M0/M1/M3/M5/M6 ; date exacte non attestée
outputs/burgers_data_sparse_noisy_v1/m5/seed_00077/model.pt,21105,.pt,f0c22ce1f6737ef632dbfd1dfa57622aa1ec837184c13c8d65d552bc632c6412,V06,preserved,local_commit:656050cae337f96fdab3b47ec862ccae4f1c9601,outputs/burgers_data_sparse_noisy_v1/m5/seed_00077/model.pt,Expériences antérieures M0/M1/M3/M5/M6 ; date exacte non attestée
outputs/burgers_data_sparse_noisy_v1/m5/seed_00077/summary.json,2003,.json,dfd6d67b6ab8dceafcf7f875bc0ccf27f715903beadf63ca1bf5148e4475ca06,V06,preserved,local_commit:656050cae337f96fdab3b47ec862ccae4f1c9601,outputs/burgers_data_sparse_noisy_v1/m5/seed_00077/summary.json,Expériences antérieures M0/M1/M3/M5/M6 ; date exacte non attestée
outputs/burgers_data_sparse_noisy_v1/m5/seed_00088/checkpoint_0000600.pt,21799,.pt,b94a6d60c0bb8e4650f8d5e86933b30d18aa8c8d4bede973c3d06884572756b6,V06,preserved,local_commit:656050cae337f96fdab3b47ec862ccae4f1c9601,outputs/burgers_data_sparse_noisy_v1/m5/seed_00088/checkpoint_0000600.pt,Expériences antérieures M0/M1/M3/M5/M6 ; date exacte non attestée
outputs/burgers_data_sparse_noisy_v1/m5/seed_00088/config.resolved.yaml,1230,.yaml,0b3d09bdc4fd659e3e6745ec721d2c3a9e1b9cbbe22073fe9aa059cbd2818456,V06,preserved,local_commit:656050cae337f96fdab3b47ec862ccae4f1c9601,outputs/burgers_data_sparse_noisy_v1/m5/seed_00088/config.resolved.yaml,Expériences antérieures M0/M1/M3/M5/M6 ; date exacte non attestée
outputs/burgers_data_sparse_noisy_v1/m5/seed_00088/environment.json,270,.json,81e8b8ec1f0e36812a60c59a8df82f8463f4b7cdc0f374d41177cd34430c2417,V06,preserved,local_commit:656050cae337f96fdab3b47ec862ccae4f1c9601,outputs/burgers_data_sparse_noisy_v1/m5/seed_00088/environment.json,Expériences antérieures M0/M1/M3/M5/M6 ; date exacte non attestée
outputs/burgers_data_sparse_noisy_v1/m5/seed_00088/metrics.csv,10887,.csv,23319e5f3ddee65a039b269f65a91d9fe18b6dd08893931210c2d3f490a38eb8,V06,preserved,local_commit:656050cae337f96fdab3b47ec862ccae4f1c9601,outputs/burgers_data_sparse_noisy_v1/m5/seed_00088/metrics.csv,Expériences antérieures M0/M1/M3/M5/M6 ; date exacte non attestée
outputs/burgers_data_sparse_noisy_v1/m5/seed_00088/model.pt,21105,.pt,88fbe718588bc72502ba6ae51d3eaabe3bfa919a57b958d2fd3a07b5663736fa,V06,preserved,local_commit:656050cae337f96fdab3b47ec862ccae4f1c9601,outputs/burgers_data_sparse_noisy_v1/m5/seed_00088/model.pt,Expériences antérieures M0/M1/M3/M5/M6 ; date exacte non attestée
outputs/burgers_data_sparse_noisy_v1/m5/seed_00088/summary.json,2003,.json,13cd254ec138e2c5ffb32017fa351cb3b7d50c5b88fbf42f0d857a795dae0da3,V06,preserved,local_commit:656050cae337f96fdab3b47ec862ccae4f1c9601,outputs/burgers_data_sparse_noisy_v1/m5/seed_00088/summary.json,Expériences antérieures M0/M1/M3/M5/M6 ; date exacte non attestée
outputs/burgers_data_sparse_noisy_v1/m5/seed_00099/checkpoint_0000600.pt,21799,.pt,2cc504f3a20de545224e2caeeea488d20430c33e137b7692d8396f271d4ed7e2,V06,preserved,local_commit:656050cae337f96fdab3b47ec862ccae4f1c9601,outputs/burgers_data_sparse_noisy_v1/m5/seed_00099/checkpoint_0000600.pt,Expériences antérieures M0/M1/M3/M5/M6 ; date exacte non attestée
outputs/burgers_data_sparse_noisy_v1/m5/seed_00099/config.resolved.yaml,1230,.yaml,a269e8eaae0e4543539519e0ca361b33edb59a3866c41ab15b11831e36597aca,V06,preserved,local_commit:656050cae337f96fdab3b47ec862ccae4f1c9601,outputs/burgers_data_sparse_noisy_v1/m5/seed_00099/config.resolved.yaml,Expériences antérieures M0/M1/M3/M5/M6 ; date exacte non attestée
outputs/burgers_data_sparse_noisy_v1/m5/seed_00099/environment.json,270,.json,81e8b8ec1f0e36812a60c59a8df82f8463f4b7cdc0f374d41177cd34430c2417,V06,preserved,local_commit:656050cae337f96fdab3b47ec862ccae4f1c9601,outputs/burgers_data_sparse_noisy_v1/m5/seed_00099/environment.json,Expériences antérieures M0/M1/M3/M5/M6 ; date exacte non attestée
outputs/burgers_data_sparse_noisy_v1/m5/seed_00099/metrics.csv,10917,.csv,9d153050447fa5c14109419624baf0cd80de0e3dc1765b4dd1d98cf7710cc60f,V06,preserved,local_commit:656050cae337f96fdab3b47ec862ccae4f1c9601,outputs/burgers_data_sparse_noisy_v1/m5/seed_00099/metrics.csv,Expériences antérieures M0/M1/M3/M5/M6 ; date exacte non attestée
outputs/burgers_data_sparse_noisy_v1/m5/seed_00099/model.pt,21105,.pt,12b72a1e0c6c24dd923b5874dc70cf166fe7ea039ba16e0baafe447c3e6aa8d5,V06,preserved,local_commit:656050cae337f96fdab3b47ec862ccae4f1c9601,outputs/burgers_data_sparse_noisy_v1/m5/seed_00099/model.pt,Expériences antérieures M0/M1/M3/M5/M6 ; date exacte non attestée
outputs/burgers_data_sparse_noisy_v1/m5/seed_00099/summary.json,2003,.json,e7edcae3848a8da456d263f489a7d7d07b7318d26b2d1a1435c25190b01f5a80,V06,preserved,local_commit:656050cae337f96fdab3b47ec862ccae4f1c9601,outputs/burgers_data_sparse_noisy_v1/m5/seed_00099/summary.json,Expériences antérieures M0/M1/M3/M5/M6 ; date exacte non attestée
outputs/burgers_data_sparse_noisy_v1/m5/seed_00111/checkpoint_0000600.pt,21799,.pt,398df9b2a9e3dc157b976581b8b0bab5a682ea06c72e890c567d9d387927a44e,V06,preserved,local_commit:656050cae337f96fdab3b47ec862ccae4f1c9601,outputs/burgers_data_sparse_noisy_v1/m5/seed_00111/checkpoint_0000600.pt,Expériences antérieures M0/M1/M3/M5/M6 ; date exacte non attestée
outputs/burgers_data_sparse_noisy_v1/m5/seed_00111/config.resolved.yaml,1231,.yaml,b6d3f1c4d5a3e59a00717cb137f39923f7697e7dd099ce86e4080cc8a7e77de1,V06,preserved,local_commit:656050cae337f96fdab3b47ec862ccae4f1c9601,outputs/burgers_data_sparse_noisy_v1/m5/seed_00111/config.resolved.yaml,Expériences antérieures M0/M1/M3/M5/M6 ; date exacte non attestée
outputs/burgers_data_sparse_noisy_v1/m5/seed_00111/environment.json,270,.json,81e8b8ec1f0e36812a60c59a8df82f8463f4b7cdc0f374d41177cd34430c2417,V06,preserved,local_commit:656050cae337f96fdab3b47ec862ccae4f1c9601,outputs/burgers_data_sparse_noisy_v1/m5/seed_00111/environment.json,Expériences antérieures M0/M1/M3/M5/M6 ; date exacte non attestée
outputs/burgers_data_sparse_noisy_v1/m5/seed_00111/metrics.csv,10903,.csv,d2fcd3c322fac8fbf860fb8bb5b8ab38accb7179e671ecf55b39a13b5ec81e19,V06,preserved,local_commit:656050cae337f96fdab3b47ec862ccae4f1c9601,outputs/burgers_data_sparse_noisy_v1/m5/seed_00111/metrics.csv,Expériences antérieures M0/M1/M3/M5/M6 ; date exacte non attestée
outputs/burgers_data_sparse_noisy_v1/m5/seed_00111/model.pt,21105,.pt,4362f93ee014af4cf681087a99abbe33e61197a1a8fb34b86740e35a09e84b94,V06,preserved,local_commit:656050cae337f96fdab3b47ec862ccae4f1c9601,outputs/burgers_data_sparse_noisy_v1/m5/seed_00111/model.pt,Expériences antérieures M0/M1/M3/M5/M6 ; date exacte non attestée
outputs/burgers_data_sparse_noisy_v1/m5/seed_00111/summary.json,2009,.json,0ef9b7f75445a2b1b989c8d37d5d2ecfd1f6d049279fc9187d75f608cd5d4543,V06,preserved,local_commit:656050cae337f96fdab3b47ec862ccae4f1c9601,outputs/burgers_data_sparse_noisy_v1/m5/seed_00111/summary.json,Expériences antérieures M0/M1/M3/M5/M6 ; date exacte non attestée
outputs/burgers_data_sparse_noisy_v1/m6/seed_00011/checkpoint_0000600.pt,21799,.pt,263e3e98d96cc2a52e9e51e9284e8561301c507269b7afa7d31c6548e725ccc5,V06,preserved,local_commit:656050cae337f96fdab3b47ec862ccae4f1c9601,outputs/burgers_data_sparse_noisy_v1/m6/seed_00011/checkpoint_0000600.pt,Expériences antérieures M0/M1/M3/M5/M6 ; date exacte non attestée
outputs/burgers_data_sparse_noisy_v1/m6/seed_00011/config.resolved.yaml,1230,.yaml,dc9a531c33bc031f8663e49ccd57f82510049a3e62365df3f52b4e01bd88e5c4,V06,preserved,local_commit:656050cae337f96fdab3b47ec862ccae4f1c9601,outputs/burgers_data_sparse_noisy_v1/m6/seed_00011/config.resolved.yaml,Expériences antérieures M0/M1/M3/M5/M6 ; date exacte non attestée
outputs/burgers_data_sparse_noisy_v1/m6/seed_00011/environment.json,270,.json,81e8b8ec1f0e36812a60c59a8df82f8463f4b7cdc0f374d41177cd34430c2417,V06,preserved,local_commit:656050cae337f96fdab3b47ec862ccae4f1c9601,outputs/burgers_data_sparse_noisy_v1/m6/seed_00011/environment.json,Expériences antérieures M0/M1/M3/M5/M6 ; date exacte non attestée
outputs/burgers_data_sparse_noisy_v1/m6/seed_00011/metrics.csv,10889,.csv,27a7ec3d8996139e48a27012f2ab99adee643178ddb5bca3b21c8a508a6d346d,V06,preserved,local_commit:656050cae337f96fdab3b47ec862ccae4f1c9601,outputs/burgers_data_sparse_noisy_v1/m6/seed_00011/metrics.csv,Expériences antérieures M0/M1/M3/M5/M6 ; date exacte non attestée
outputs/burgers_data_sparse_noisy_v1/m6/seed_00011/model.pt,21105,.pt,2f62b5b4dcb4ecbd39f822bc5109d6e5961148a6132f79cda6902675a22168c5,V06,preserved,local_commit:656050cae337f96fdab3b47ec862ccae4f1c9601,outputs/burgers_data_sparse_noisy_v1/m6/seed_00011/model.pt,Expériences antérieures M0/M1/M3/M5/M6 ; date exacte non attestée
outputs/burgers_data_sparse_noisy_v1/m6/seed_00011/summary.json,2000,.json,40e51c979d61a44a0946a9aeacb617bda60b86db93e00bc23c038af7147961ee,V06,preserved,local_commit:656050cae337f96fdab3b47ec862ccae4f1c9601,outputs/burgers_data_sparse_noisy_v1/m6/seed_00011/summary.json,Expériences antérieures M0/M1/M3/M5/M6 ; date exacte non attestée
outputs/burgers_data_sparse_noisy_v1/m6/seed_00022/checkpoint_0000600.pt,21799,.pt,c2a21bf5eca1de8eb334f95af0bfdc8bd66d185e5a1e136bd501c6b0ec553011,V06,preserved,local_commit:656050cae337f96fdab3b47ec862ccae4f1c9601,outputs/burgers_data_sparse_noisy_v1/m6/seed_00022/checkpoint_0000600.pt,Expériences antérieures M0/M1/M3/M5/M6 ; date exacte non attestée
outputs/burgers_data_sparse_noisy_v1/m6/seed_00022/config.resolved.yaml,1230,.yaml,78a8fd30a793273fcea0d28ff311d0f819270f2da494f6aeff8657f40588b845,V06,preserved,local_commit:656050cae337f96fdab3b47ec862ccae4f1c9601,outputs/burgers_data_sparse_noisy_v1/m6/seed_00022/config.resolved.yaml,Expériences antérieures M0/M1/M3/M5/M6 ; date exacte non attestée
outputs/burgers_data_sparse_noisy_v1/m6/seed_00022/environment.json,270,.json,81e8b8ec1f0e36812a60c59a8df82f8463f4b7cdc0f374d41177cd34430c2417,V06,preserved,local_commit:656050cae337f96fdab3b47ec862ccae4f1c9601,outputs/burgers_data_sparse_noisy_v1/m6/seed_00022/environment.json,Expériences antérieures M0/M1/M3/M5/M6 ; date exacte non attestée
outputs/burgers_data_sparse_noisy_v1/m6/seed_00022/metrics.csv,10863,.csv,600f95d9b06bf023cf82657ad1face6793f292b0d34797d78c89202670abe3ef,V06,preserved,local_commit:656050cae337f96fdab3b47ec862ccae4f1c9601,outputs/burgers_data_sparse_noisy_v1/m6/seed_00022/metrics.csv,Expériences antérieures M0/M1/M3/M5/M6 ; date exacte non attestée
outputs/burgers_data_sparse_noisy_v1/m6/seed_00022/model.pt,21105,.pt,fbc35ca288a38649965a724fa0ad4c05a9b225f8bf26415d07c3bc7f494a4068,V06,preserved,local_commit:656050cae337f96fdab3b47ec862ccae4f1c9601,outputs/burgers_data_sparse_noisy_v1/m6/seed_00022/model.pt,Expériences antérieures M0/M1/M3/M5/M6 ; date exacte non attestée
outputs/burgers_data_sparse_noisy_v1/m6/seed_00022/summary.json,2001,.json,d3cfd3f87000d163a8672e845311d6c0ad5bf1b45f6e273bb0f5d6d84144bb73,V06,preserved,local_commit:656050cae337f96fdab3b47ec862ccae4f1c9601,outputs/burgers_data_sparse_noisy_v1/m6/seed_00022/summary.json,Expériences antérieures M0/M1/M3/M5/M6 ; date exacte non attestée
outputs/burgers_data_sparse_noisy_v1/m6/seed_00033/checkpoint_0000600.pt,21799,.pt,8e54825bc005d66b90ad224783b0fb879f61a5e69c1a0072aba8e6e824473cb4,V06,preserved,local_commit:656050cae337f96fdab3b47ec862ccae4f1c9601,outputs/burgers_data_sparse_noisy_v1/m6/seed_00033/checkpoint_0000600.pt,Expériences antérieures M0/M1/M3/M5/M6 ; date exacte non attestée
outputs/burgers_data_sparse_noisy_v1/m6/seed_00033/config.resolved.yaml,1230,.yaml,cef598be2a9649f457b4ce5b8dfcfcd60c1a98cb0dec1891d9f631b90ee3b752,V06,preserved,local_commit:656050cae337f96fdab3b47ec862ccae4f1c9601,outputs/burgers_data_sparse_noisy_v1/m6/seed_00033/config.resolved.yaml,Expériences antérieures M0/M1/M3/M5/M6 ; date exacte non attestée
outputs/burgers_data_sparse_noisy_v1/m6/seed_00033/environment.json,270,.json,81e8b8ec1f0e36812a60c59a8df82f8463f4b7cdc0f374d41177cd34430c2417,V06,preserved,local_commit:656050cae337f96fdab3b47ec862ccae4f1c9601,outputs/burgers_data_sparse_noisy_v1/m6/seed_00033/environment.json,Expériences antérieures M0/M1/M3/M5/M6 ; date exacte non attestée
outputs/burgers_data_sparse_noisy_v1/m6/seed_00033/metrics.csv,10918,.csv,c75c310405e3719188baae8a4e5eb2ed5fbac7f975cf183ea30212b7732e02b3,V06,preserved,local_commit:656050cae337f96fdab3b47ec862ccae4f1c9601,outputs/burgers_data_sparse_noisy_v1/m6/seed_00033/metrics.csv,Expériences antérieures M0/M1/M3/M5/M6 ; date exacte non attestée
outputs/burgers_data_sparse_noisy_v1/m6/seed_00033/model.pt,21105,.pt,250cdf28d466293c0437cf55656bd6df8c4ba6a526d4475f8ff37ae820394b1b,V06,preserved,local_commit:656050cae337f96fdab3b47ec862ccae4f1c9601,outputs/burgers_data_sparse_noisy_v1/m6/seed_00033/model.pt,Expériences antérieures M0/M1/M3/M5/M6 ; date exacte non attestée
outputs/burgers_data_sparse_noisy_v1/m6/seed_00033/summary.json,2001,.json,98dd2f989656defe8ef96ab92877dc3f038d7d9cd235e30d123661818847747c,V06,preserved,local_commit:656050cae337f96fdab3b47ec862ccae4f1c9601,outputs/burgers_data_sparse_noisy_v1/m6/seed_00033/summary.json,Expériences antérieures M0/M1/M3/M5/M6 ; date exacte non attestée
outputs/burgers_data_sparse_noisy_v1/m6/seed_00044/checkpoint_0000600.pt,21799,.pt,9193fd6d8860942a3d049716cacd206301db3418ca9d74b18387aba06f691016,V06,preserved,local_commit:656050cae337f96fdab3b47ec862ccae4f1c9601,outputs/burgers_data_sparse_noisy_v1/m6/seed_00044/checkpoint_0000600.pt,Expériences antérieures M0/M1/M3/M5/M6 ; date exacte non attestée
outputs/burgers_data_sparse_noisy_v1/m6/seed_00044/config.resolved.yaml,1230,.yaml,2aa3ea1f56afa83fe6887d6d6e9feb4ba32032b75760e08c153dbfa584b4e680,V06,preserved,local_commit:656050cae337f96fdab3b47ec862ccae4f1c9601,outputs/burgers_data_sparse_noisy_v1/m6/seed_00044/config.resolved.yaml,Expériences antérieures M0/M1/M3/M5/M6 ; date exacte non attestée
outputs/burgers_data_sparse_noisy_v1/m6/seed_00044/environment.json,270,.json,81e8b8ec1f0e36812a60c59a8df82f8463f4b7cdc0f374d41177cd34430c2417,V06,preserved,local_commit:656050cae337f96fdab3b47ec862ccae4f1c9601,outputs/burgers_data_sparse_noisy_v1/m6/seed_00044/environment.json,Expériences antérieures M0/M1/M3/M5/M6 ; date exacte non attestée
outputs/burgers_data_sparse_noisy_v1/m6/seed_00044/metrics.csv,10894,.csv,d3e1ea00411409cd1ed95cf9b2feec931967e3135ac392226ea1ac48eb26776c,V06,preserved,local_commit:656050cae337f96fdab3b47ec862ccae4f1c9601,outputs/burgers_data_sparse_noisy_v1/m6/seed_00044/metrics.csv,Expériences antérieures M0/M1/M3/M5/M6 ; date exacte non attestée
outputs/burgers_data_sparse_noisy_v1/m6/seed_00044/model.pt,21105,.pt,d4124d14e61dbaf9f9e691263294dc619d14563383ced3467a91e680665601ed,V06,preserved,local_commit:656050cae337f96fdab3b47ec862ccae4f1c9601,outputs/burgers_data_sparse_noisy_v1/m6/seed_00044/model.pt,Expériences antérieures M0/M1/M3/M5/M6 ; date exacte non attestée
outputs/burgers_data_sparse_noisy_v1/m6/seed_00044/summary.json,2003,.json,dfd4c417ff538cb6d14e65bdf1a6b2aa4e09a2e0ebb56bc5cbb8adfcdd9f30c7,V06,preserved,local_commit:656050cae337f96fdab3b47ec862ccae4f1c9601,outputs/burgers_data_sparse_noisy_v1/m6/seed_00044/summary.json,Expériences antérieures M0/M1/M3/M5/M6 ; date exacte non attestée
outputs/burgers_data_sparse_noisy_v1/m6/seed_00055/checkpoint_0000600.pt,21799,.pt,cb6106b8113d0beb63549e1225e1af6e1ecf493195f31a9031a15c36d9d0c33c,V06,preserved,local_commit:656050cae337f96fdab3b47ec862ccae4f1c9601,outputs/burgers_data_sparse_noisy_v1/m6/seed_00055/checkpoint_0000600.pt,Expériences antérieures M0/M1/M3/M5/M6 ; date exacte non attestée
outputs/burgers_data_sparse_noisy_v1/m6/seed_00055/config.resolved.yaml,1230,.yaml,0ec13ccf00cfd765fa13dad4c837b1cc42e243d3ccfa8ed8e13977718f8beb74,V06,preserved,local_commit:656050cae337f96fdab3b47ec862ccae4f1c9601,outputs/burgers_data_sparse_noisy_v1/m6/seed_00055/config.resolved.yaml,Expériences antérieures M0/M1/M3/M5/M6 ; date exacte non attestée
outputs/burgers_data_sparse_noisy_v1/m6/seed_00055/environment.json,270,.json,81e8b8ec1f0e36812a60c59a8df82f8463f4b7cdc0f374d41177cd34430c2417,V06,preserved,local_commit:656050cae337f96fdab3b47ec862ccae4f1c9601,outputs/burgers_data_sparse_noisy_v1/m6/seed_00055/environment.json,Expériences antérieures M0/M1/M3/M5/M6 ; date exacte non attestée
outputs/burgers_data_sparse_noisy_v1/m6/seed_00055/metrics.csv,10922,.csv,a7801aca6a43ad4cb35c91eea22d5107b7605f8f41b410b31feaa45c06a749c9,V06,preserved,local_commit:656050cae337f96fdab3b47ec862ccae4f1c9601,outputs/burgers_data_sparse_noisy_v1/m6/seed_00055/metrics.csv,Expériences antérieures M0/M1/M3/M5/M6 ; date exacte non attestée
outputs/burgers_data_sparse_noisy_v1/m6/seed_00055/model.pt,21105,.pt,95f7d8f0ef7192352e7c10e961da3a1aef73f4d6c7884787b8e89ac40037b16f,V06,preserved,local_commit:656050cae337f96fdab3b47ec862ccae4f1c9601,outputs/burgers_data_sparse_noisy_v1/m6/seed_00055/model.pt,Expériences antérieures M0/M1/M3/M5/M6 ; date exacte non attestée
outputs/burgers_data_sparse_noisy_v1/m6/seed_00055/summary.json,2001,.json,9135c2fe4a86f1fa147d0ac5baa3068caf924e9a67b2f0d99fc6d4c786d51195,V06,preserved,local_commit:656050cae337f96fdab3b47ec862ccae4f1c9601,outputs/burgers_data_sparse_noisy_v1/m6/seed_00055/summary.json,Expériences antérieures M0/M1/M3/M5/M6 ; date exacte non attestée
outputs/burgers_data_sparse_noisy_v1/m6/seed_00066/checkpoint_0000600.pt,21799,.pt,566c65cee7546a1fa91128ffc601501455193c956bca9c682f5070631daf9234,V06,preserved,local_commit:656050cae337f96fdab3b47ec862ccae4f1c9601,outputs/burgers_data_sparse_noisy_v1/m6/seed_00066/checkpoint_0000600.pt,Expériences antérieures M0/M1/M3/M5/M6 ; date exacte non attestée
outputs/burgers_data_sparse_noisy_v1/m6/seed_00066/config.resolved.yaml,1230,.yaml,e45e7317669d1f70469b38f560d580b97acb421ee8b5cf6a8f6b16e9bcc44eb4,V06,preserved,local_commit:656050cae337f96fdab3b47ec862ccae4f1c9601,outputs/burgers_data_sparse_noisy_v1/m6/seed_00066/config.resolved.yaml,Expériences antérieures M0/M1/M3/M5/M6 ; date exacte non attestée
outputs/burgers_data_sparse_noisy_v1/m6/seed_00066/environment.json,270,.json,81e8b8ec1f0e36812a60c59a8df82f8463f4b7cdc0f374d41177cd34430c2417,V06,preserved,local_commit:656050cae337f96fdab3b47ec862ccae4f1c9601,outputs/burgers_data_sparse_noisy_v1/m6/seed_00066/environment.json,Expériences antérieures M0/M1/M3/M5/M6 ; date exacte non attestée
outputs/burgers_data_sparse_noisy_v1/m6/seed_00066/metrics.csv,10880,.csv,fd895c596d001b27ebcca0c05c2d5f2cc2bf539234cd11f58c157b96d8e39124,V06,preserved,local_commit:656050cae337f96fdab3b47ec862ccae4f1c9601,outputs/burgers_data_sparse_noisy_v1/m6/seed_00066/metrics.csv,Expériences antérieures M0/M1/M3/M5/M6 ; date exacte non attestée
outputs/burgers_data_sparse_noisy_v1/m6/seed_00066/model.pt,21105,.pt,e37c0cefc7273d9ccb3affe66f4b453a1b215ba68042e5225948e39d2cbf48b6,V06,preserved,local_commit:656050cae337f96fdab3b47ec862ccae4f1c9601,outputs/burgers_data_sparse_noisy_v1/m6/seed_00066/model.pt,Expériences antérieures M0/M1/M3/M5/M6 ; date exacte non attestée
outputs/burgers_data_sparse_noisy_v1/m6/seed_00066/summary.json,1996,.json,94d441d615950c1571103a2e265cdd492aba9aa45553243ded8aa864d18c5a21,V06,preserved,local_commit:656050cae337f96fdab3b47ec862ccae4f1c9601,outputs/burgers_data_sparse_noisy_v1/m6/seed_00066/summary.json,Expériences antérieures M0/M1/M3/M5/M6 ; date exacte non attestée
outputs/burgers_data_sparse_noisy_v1/m6/seed_00077/checkpoint_0000600.pt,21799,.pt,1f93a8fffc834bb721bf6884636aa38ab6a018df2e2531f4e232dad5bd5b33c5,V06,preserved,local_commit:656050cae337f96fdab3b47ec862ccae4f1c9601,outputs/burgers_data_sparse_noisy_v1/m6/seed_00077/checkpoint_0000600.pt,Expériences antérieures M0/M1/M3/M5/M6 ; date exacte non attestée
outputs/burgers_data_sparse_noisy_v1/m6/seed_00077/config.resolved.yaml,1230,.yaml,6751345c6d4f5ad26c889041e079ae7aba2ab596d306cdc50dd6b98ae64d1a46,V06,preserved,local_commit:656050cae337f96fdab3b47ec862ccae4f1c9601,outputs/burgers_data_sparse_noisy_v1/m6/seed_00077/config.resolved.yaml,Expériences antérieures M0/M1/M3/M5/M6 ; date exacte non attestée
outputs/burgers_data_sparse_noisy_v1/m6/seed_00077/environment.json,270,.json,81e8b8ec1f0e36812a60c59a8df82f8463f4b7cdc0f374d41177cd34430c2417,V06,preserved,local_commit:656050cae337f96fdab3b47ec862ccae4f1c9601,outputs/burgers_data_sparse_noisy_v1/m6/seed_00077/environment.json,Expériences antérieures M0/M1/M3/M5/M6 ; date exacte non attestée
outputs/burgers_data_sparse_noisy_v1/m6/seed_00077/metrics.csv,10918,.csv,00307a8e4d9e95033751292c10280a19c8c9e7c6e622bae8551fa1e6849b1e94,V06,preserved,local_commit:656050cae337f96fdab3b47ec862ccae4f1c9601,outputs/burgers_data_sparse_noisy_v1/m6/seed_00077/metrics.csv,Expériences antérieures M0/M1/M3/M5/M6 ; date exacte non attestée
outputs/burgers_data_sparse_noisy_v1/m6/seed_00077/model.pt,21105,.pt,079a712be3445900bee580b584a526b36234aa7bbf333dc047394dee77300cf6,V06,preserved,local_commit:656050cae337f96fdab3b47ec862ccae4f1c9601,outputs/burgers_data_sparse_noisy_v1/m6/seed_00077/model.pt,Expériences antérieures M0/M1/M3/M5/M6 ; date exacte non attestée
outputs/burgers_data_sparse_noisy_v1/m6/seed_00077/summary.json,2005,.json,3e8cfbeb819a749806d055f3fbef37a5e32925d8700b6350a115e8c93e872ec4,V06,preserved,local_commit:656050cae337f96fdab3b47ec862ccae4f1c9601,outputs/burgers_data_sparse_noisy_v1/m6/seed_00077/summary.json,Expériences antérieures M0/M1/M3/M5/M6 ; date exacte non attestée
outputs/burgers_data_sparse_noisy_v1/m6/seed_00088/checkpoint_0000600.pt,21799,.pt,1c158a1b42b64695b9b0cea65d3fa4d7661816ba1857f9747dbf27bb30ccdb8e,V06,preserved,local_commit:656050cae337f96fdab3b47ec862ccae4f1c9601,outputs/burgers_data_sparse_noisy_v1/m6/seed_00088/checkpoint_0000600.pt,Expériences antérieures M0/M1/M3/M5/M6 ; date exacte non attestée
outputs/burgers_data_sparse_noisy_v1/m6/seed_00088/config.resolved.yaml,1230,.yaml,a104364b38aed87dcc16441325972d8472be11526005931f0a9fe2cefe1f1119,V06,preserved,local_commit:656050cae337f96fdab3b47ec862ccae4f1c9601,outputs/burgers_data_sparse_noisy_v1/m6/seed_00088/config.resolved.yaml,Expériences antérieures M0/M1/M3/M5/M6 ; date exacte non attestée
outputs/burgers_data_sparse_noisy_v1/m6/seed_00088/environment.json,270,.json,81e8b8ec1f0e36812a60c59a8df82f8463f4b7cdc0f374d41177cd34430c2417,V06,preserved,local_commit:656050cae337f96fdab3b47ec862ccae4f1c9601,outputs/burgers_data_sparse_noisy_v1/m6/seed_00088/environment.json,Expériences antérieures M0/M1/M3/M5/M6 ; date exacte non attestée
outputs/burgers_data_sparse_noisy_v1/m6/seed_00088/metrics.csv,10878,.csv,5fe70582c78daaf3c7cc99a21fd49a23d5ea69d520858856f1ddd347d74e0e22,V06,preserved,local_commit:656050cae337f96fdab3b47ec862ccae4f1c9601,outputs/burgers_data_sparse_noisy_v1/m6/seed_00088/metrics.csv,Expériences antérieures M0/M1/M3/M5/M6 ; date exacte non attestée
outputs/burgers_data_sparse_noisy_v1/m6/seed_00088/model.pt,21105,.pt,dfa27069aa46358320a900fa22a08d88af7ea91e7ecc99248b6b2c192da8ebbe,V06,preserved,local_commit:656050cae337f96fdab3b47ec862ccae4f1c9601,outputs/burgers_data_sparse_noisy_v1/m6/seed_00088/model.pt,Expériences antérieures M0/M1/M3/M5/M6 ; date exacte non attestée
outputs/burgers_data_sparse_noisy_v1/m6/seed_00088/summary.json,1998,.json,cbfb28f4c21b43047c5625fe36b6c18aec2d4a2db6763d82bfd1bc298bca92f1,V06,preserved,local_commit:656050cae337f96fdab3b47ec862ccae4f1c9601,outputs/burgers_data_sparse_noisy_v1/m6/seed_00088/summary.json,Expériences antérieures M0/M1/M3/M5/M6 ; date exacte non attestée
outputs/burgers_data_sparse_noisy_v1/m6/seed_00099/checkpoint_0000600.pt,21799,.pt,0509f1e0beaa66aefa675780112a3d9f5ad2da0690e6ea9b6e92851c25ea4f26,V06,preserved,local_commit:656050cae337f96fdab3b47ec862ccae4f1c9601,outputs/burgers_data_sparse_noisy_v1/m6/seed_00099/checkpoint_0000600.pt,Expériences antérieures M0/M1/M3/M5/M6 ; date exacte non attestée
outputs/burgers_data_sparse_noisy_v1/m6/seed_00099/config.resolved.yaml,1230,.yaml,42040da823420b55ea51456a57794f8348e50dcce64826cb42620c02fb8ea888,V06,preserved,local_commit:656050cae337f96fdab3b47ec862ccae4f1c9601,outputs/burgers_data_sparse_noisy_v1/m6/seed_00099/config.resolved.yaml,Expériences antérieures M0/M1/M3/M5/M6 ; date exacte non attestée
outputs/burgers_data_sparse_noisy_v1/m6/seed_00099/environment.json,270,.json,81e8b8ec1f0e36812a60c59a8df82f8463f4b7cdc0f374d41177cd34430c2417,V06,preserved,local_commit:656050cae337f96fdab3b47ec862ccae4f1c9601,outputs/burgers_data_sparse_noisy_v1/m6/seed_00099/environment.json,Expériences antérieures M0/M1/M3/M5/M6 ; date exacte non attestée
outputs/burgers_data_sparse_noisy_v1/m6/seed_00099/metrics.csv,10920,.csv,ef22c38bde0ac5052421209121ef17f952a3594cc4a4bd737c70fceb952692ee,V06,preserved,local_commit:656050cae337f96fdab3b47ec862ccae4f1c9601,outputs/burgers_data_sparse_noisy_v1/m6/seed_00099/metrics.csv,Expériences antérieures M0/M1/M3/M5/M6 ; date exacte non attestée
outputs/burgers_data_sparse_noisy_v1/m6/seed_00099/model.pt,21105,.pt,4d82be269f03ff3b5d035cd058f0e9bbad78025c5787f3b440cb24a5581d02aa,V06,preserved,local_commit:656050cae337f96fdab3b47ec862ccae4f1c9601,outputs/burgers_data_sparse_noisy_v1/m6/seed_00099/model.pt,Expériences antérieures M0/M1/M3/M5/M6 ; date exacte non attestée
outputs/burgers_data_sparse_noisy_v1/m6/seed_00099/summary.json,1999,.json,109deca601fdbca179438dd70a4354724d1f450cb8b2a77d85abfafd00842a85,V06,preserved,local_commit:656050cae337f96fdab3b47ec862ccae4f1c9601,outputs/burgers_data_sparse_noisy_v1/m6/seed_00099/summary.json,Expériences antérieures M0/M1/M3/M5/M6 ; date exacte non attestée
outputs/burgers_data_sparse_noisy_v1/m6/seed_00111/checkpoint_0000600.pt,21799,.pt,eb9a82c0bfc69cc4e83f90d7b9849bd0ff2a9800fb893302ab6768e8e7b0434b,V06,preserved,local_commit:656050cae337f96fdab3b47ec862ccae4f1c9601,outputs/burgers_data_sparse_noisy_v1/m6/seed_00111/checkpoint_0000600.pt,Expériences antérieures M0/M1/M3/M5/M6 ; date exacte non attestée
outputs/burgers_data_sparse_noisy_v1/m6/seed_00111/config.resolved.yaml,1231,.yaml,bae80cd9d7226169f55e7ce70e5d5ccf8f9516a77643be6fa570ec3295b6f4b8,V06,preserved,local_commit:656050cae337f96fdab3b47ec862ccae4f1c9601,outputs/burgers_data_sparse_noisy_v1/m6/seed_00111/config.resolved.yaml,Expériences antérieures M0/M1/M3/M5/M6 ; date exacte non attestée
outputs/burgers_data_sparse_noisy_v1/m6/seed_00111/environment.json,270,.json,81e8b8ec1f0e36812a60c59a8df82f8463f4b7cdc0f374d41177cd34430c2417,V06,preserved,local_commit:656050cae337f96fdab3b47ec862ccae4f1c9601,outputs/burgers_data_sparse_noisy_v1/m6/seed_00111/environment.json,Expériences antérieures M0/M1/M3/M5/M6 ; date exacte non attestée
outputs/burgers_data_sparse_noisy_v1/m6/seed_00111/metrics.csv,10921,.csv,294774f4df0a372aafe02ab949ad151d21bb7e822a74be3676b5672807088363,V06,preserved,local_commit:656050cae337f96fdab3b47ec862ccae4f1c9601,outputs/burgers_data_sparse_noisy_v1/m6/seed_00111/metrics.csv,Expériences antérieures M0/M1/M3/M5/M6 ; date exacte non attestée
outputs/burgers_data_sparse_noisy_v1/m6/seed_00111/model.pt,21105,.pt,1a4f5e2851d738f70ac3bb2dd206808f9db9e20e26dbf2912fa364008f092e08,V06,preserved,local_commit:656050cae337f96fdab3b47ec862ccae4f1c9601,outputs/burgers_data_sparse_noisy_v1/m6/seed_00111/model.pt,Expériences antérieures M0/M1/M3/M5/M6 ; date exacte non attestée
outputs/burgers_data_sparse_noisy_v1/m6/seed_00111/summary.json,2002,.json,fa4e159d2f1214c671bdbdb2b01d171c7724c092e9040c1ff228656ed6e63303,V06,preserved,local_commit:656050cae337f96fdab3b47ec862ccae4f1c9601,outputs/burgers_data_sparse_noisy_v1/m6/seed_00111/summary.json,Expériences antérieures M0/M1/M3/M5/M6 ; date exacte non attestée
outputs/burgers_pilot_quick/m0/seed_00011/checkpoint_0000120.pt,21799,.pt,f0f97ecd21ce59a879da709b5eafabec7ad0d21756e6936609d530c32c4a3a82,V06,preserved,local_commit:656050cae337f96fdab3b47ec862ccae4f1c9601,outputs/burgers_pilot_quick/m0/seed_00011/checkpoint_0000120.pt,Expériences antérieures M0/M1/M3/M5/M6 ; date exacte non attestée
outputs/burgers_pilot_quick/m0/seed_00011/config.resolved.yaml,876,.yaml,b7977d180e13eff91b0bea5c70b42c064e4c578a66d63d43d84de119f730e463,V06,preserved,local_commit:656050cae337f96fdab3b47ec862ccae4f1c9601,outputs/burgers_pilot_quick/m0/seed_00011/config.resolved.yaml,Expériences antérieures M0/M1/M3/M5/M6 ; date exacte non attestée
outputs/burgers_pilot_quick/m0/seed_00011/environment.json,270,.json,81e8b8ec1f0e36812a60c59a8df82f8463f4b7cdc0f374d41177cd34430c2417,V06,preserved,local_commit:656050cae337f96fdab3b47ec862ccae4f1c9601,outputs/burgers_pilot_quick/m0/seed_00011/environment.json,Expériences antérieures M0/M1/M3/M5/M6 ; date exacte non attestée
outputs/burgers_pilot_quick/m0/seed_00011/metrics.csv,3962,.csv,103ceef7ce16401a6e4685bcf8284b7e88747b152baf76093461bba6403a47b0,V06,preserved,local_commit:656050cae337f96fdab3b47ec862ccae4f1c9601,outputs/burgers_pilot_quick/m0/seed_00011/metrics.csv,Expériences antérieures M0/M1/M3/M5/M6 ; date exacte non attestée
outputs/burgers_pilot_quick/m0/seed_00011/model.pt,21105,.pt,08ac9be94220684abd5ad5de32890c10a8a7628aa415060b1bca38ad4545fa75,V06,preserved,local_commit:656050cae337f96fdab3b47ec862ccae4f1c9601,outputs/burgers_pilot_quick/m0/seed_00011/model.pt,Expériences antérieures M0/M1/M3/M5/M6 ; date exacte non attestée
outputs/burgers_pilot_quick/m0/seed_00011/summary.json,1220,.json,197311202202eb7d1fb658f1b07d81b7ed2b28202a829b365cbc5d062362063e,V06,preserved,local_commit:656050cae337f96fdab3b47ec862ccae4f1c9601,outputs/burgers_pilot_quick/m0/seed_00011/summary.json,Expériences antérieures M0/M1/M3/M5/M6 ; date exacte non attestée
outputs/burgers_pilot_quick/m0/seed_00022/checkpoint_0000120.pt,21799,.pt,0c761af580a51a55e2ed3bed2650f2db8f37a27ca63968576fb425b690c3a9c3,V06,preserved,local_commit:656050cae337f96fdab3b47ec862ccae4f1c9601,outputs/burgers_pilot_quick/m0/seed_00022/checkpoint_0000120.pt,Expériences antérieures M0/M1/M3/M5/M6 ; date exacte non attestée
outputs/burgers_pilot_quick/m0/seed_00022/config.resolved.yaml,876,.yaml,1f2c584697668de402e6f2247375c1f0866adb1c93baab90ea2d0e870d4d7eb2,V06,preserved,local_commit:656050cae337f96fdab3b47ec862ccae4f1c9601,outputs/burgers_pilot_quick/m0/seed_00022/config.resolved.yaml,Expériences antérieures M0/M1/M3/M5/M6 ; date exacte non attestée
outputs/burgers_pilot_quick/m0/seed_00022/environment.json,270,.json,81e8b8ec1f0e36812a60c59a8df82f8463f4b7cdc0f374d41177cd34430c2417,V06,preserved,local_commit:656050cae337f96fdab3b47ec862ccae4f1c9601,outputs/burgers_pilot_quick/m0/seed_00022/environment.json,Expériences antérieures M0/M1/M3/M5/M6 ; date exacte non attestée
outputs/burgers_pilot_quick/m0/seed_00022/metrics.csv,3950,.csv,b3c7de5cbdd44034fc0978ad0025222d73a681c5579771f2b1a55745e87a4c77,V06,preserved,local_commit:656050cae337f96fdab3b47ec862ccae4f1c9601,outputs/burgers_pilot_quick/m0/seed_00022/metrics.csv,Expériences antérieures M0/M1/M3/M5/M6 ; date exacte non attestée
outputs/burgers_pilot_quick/m0/seed_00022/model.pt,21105,.pt,014d022cc96b218e6606263cef23d7a41da550452d76beb889d1a2656f22e6c5,V06,preserved,local_commit:656050cae337f96fdab3b47ec862ccae4f1c9601,outputs/burgers_pilot_quick/m0/seed_00022/model.pt,Expériences antérieures M0/M1/M3/M5/M6 ; date exacte non attestée
outputs/burgers_pilot_quick/m0/seed_00022/summary.json,1217,.json,6ba2ac63ec671e6feb327ac19dc0a509a66c6a8b0cbfa084ee04da2318b04d17,V06,preserved,local_commit:656050cae337f96fdab3b47ec862ccae4f1c9601,outputs/burgers_pilot_quick/m0/seed_00022/summary.json,Expériences antérieures M0/M1/M3/M5/M6 ; date exacte non attestée
outputs/burgers_pilot_quick/m0/seed_00033/checkpoint_0000120.pt,21799,.pt,7355497a3d514d31765218226c49dff1f3764684470894ce8abfbaa4fb361f55,V06,preserved,local_commit:656050cae337f96fdab3b47ec862ccae4f1c9601,outputs/burgers_pilot_quick/m0/seed_00033/checkpoint_0000120.pt,Expériences antérieures M0/M1/M3/M5/M6 ; date exacte non attestée
outputs/burgers_pilot_quick/m0/seed_00033/config.resolved.yaml,876,.yaml,78b8e9e3fb1964a7a70394767ab39b1562a84fa39ee329bf71adc544cb3d18fc,V06,preserved,local_commit:656050cae337f96fdab3b47ec862ccae4f1c9601,outputs/burgers_pilot_quick/m0/seed_00033/config.resolved.yaml,Expériences antérieures M0/M1/M3/M5/M6 ; date exacte non attestée
outputs/burgers_pilot_quick/m0/seed_00033/environment.json,270,.json,81e8b8ec1f0e36812a60c59a8df82f8463f4b7cdc0f374d41177cd34430c2417,V06,preserved,local_commit:656050cae337f96fdab3b47ec862ccae4f1c9601,outputs/burgers_pilot_quick/m0/seed_00033/environment.json,Expériences antérieures M0/M1/M3/M5/M6 ; date exacte non attestée
outputs/burgers_pilot_quick/m0/seed_00033/metrics.csv,3973,.csv,bfd4cdce92a47e79b36fbe94723f23b2f2fefbf7a9e36ca6f1d740b7fea90def,V06,preserved,local_commit:656050cae337f96fdab3b47ec862ccae4f1c9601,outputs/burgers_pilot_quick/m0/seed_00033/metrics.csv,Expériences antérieures M0/M1/M3/M5/M6 ; date exacte non attestée
outputs/burgers_pilot_quick/m0/seed_00033/model.pt,21105,.pt,8eafd7b6d4e4bfd6a18abd056752d8f28d1bc85fdd30f9966131db018fbc0696,V06,preserved,local_commit:656050cae337f96fdab3b47ec862ccae4f1c9601,outputs/burgers_pilot_quick/m0/seed_00033/model.pt,Expériences antérieures M0/M1/M3/M5/M6 ; date exacte non attestée
outputs/burgers_pilot_quick/m0/seed_00033/summary.json,1218,.json,fbf0ebbe0056879b943991fdcf473f641b1cc83ca65fb538e954bf9c709db737,V06,preserved,local_commit:656050cae337f96fdab3b47ec862ccae4f1c9601,outputs/burgers_pilot_quick/m0/seed_00033/summary.json,Expériences antérieures M0/M1/M3/M5/M6 ; date exacte non attestée
outputs/burgers_pilot_quick/m1/seed_00011/checkpoint_0000120.pt,21799,.pt,0fabf0cdf0229718db2910aa12fc5d10c305ebcddf9076ebfe8db8cc19a27a4e,V06,preserved,local_commit:656050cae337f96fdab3b47ec862ccae4f1c9601,outputs/burgers_pilot_quick/m1/seed_00011/checkpoint_0000120.pt,Expériences antérieures M0/M1/M3/M5/M6 ; date exacte non attestée
outputs/burgers_pilot_quick/m1/seed_00011/config.resolved.yaml,876,.yaml,30fd1bb1b881b7fe507ebfcb56d1af00f6913d170c7dcf0f7420494e6a726a02,V06,preserved,local_commit:656050cae337f96fdab3b47ec862ccae4f1c9601,outputs/burgers_pilot_quick/m1/seed_00011/config.resolved.yaml,Expériences antérieures M0/M1/M3/M5/M6 ; date exacte non attestée
outputs/burgers_pilot_quick/m1/seed_00011/environment.json,270,.json,81e8b8ec1f0e36812a60c59a8df82f8463f4b7cdc0f374d41177cd34430c2417,V06,preserved,local_commit:656050cae337f96fdab3b47ec862ccae4f1c9601,outputs/burgers_pilot_quick/m1/seed_00011/environment.json,Expériences antérieures M0/M1/M3/M5/M6 ; date exacte non attestée
outputs/burgers_pilot_quick/m1/seed_00011/metrics.csv,4994,.csv,5a3bb32b678d523a10419bc00fe35c5d7c666e9b9de47a64a986c039ce146f45,V06,preserved,local_commit:656050cae337f96fdab3b47ec862ccae4f1c9601,outputs/burgers_pilot_quick/m1/seed_00011/metrics.csv,Expériences antérieures M0/M1/M3/M5/M6 ; date exacte non attestée
outputs/burgers_pilot_quick/m1/seed_00011/model.pt,21105,.pt,0ee053d15e71534125edc82eff83c5ea024304ace40f1d498eefce02cfe18f8e,V06,preserved,local_commit:656050cae337f96fdab3b47ec862ccae4f1c9601,outputs/burgers_pilot_quick/m1/seed_00011/model.pt,Expériences antérieures M0/M1/M3/M5/M6 ; date exacte non attestée
outputs/burgers_pilot_quick/m1/seed_00011/summary.json,1307,.json,656c2587aae3dc2dd1d7ff2d6be164962b825902cdb7221cdec8ef5ec18e665e,V06,preserved,local_commit:656050cae337f96fdab3b47ec862ccae4f1c9601,outputs/burgers_pilot_quick/m1/seed_00011/summary.json,Expériences antérieures M0/M1/M3/M5/M6 ; date exacte non attestée
outputs/burgers_pilot_quick/m1/seed_00022/checkpoint_0000120.pt,21799,.pt,55e1781a508bdb585b02534b5fdf3244d6465e6d48f2a871cd9b20c833459fd7,V06,preserved,local_commit:656050cae337f96fdab3b47ec862ccae4f1c9601,outputs/burgers_pilot_quick/m1/seed_00022/checkpoint_0000120.pt,Expériences antérieures M0/M1/M3/M5/M6 ; date exacte non attestée
outputs/burgers_pilot_quick/m1/seed_00022/config.resolved.yaml,876,.yaml,6795558636db95abf8be19b93a972a0190ed6d69d0cee9c0a97380eba4837f94,V06,preserved,local_commit:656050cae337f96fdab3b47ec862ccae4f1c9601,outputs/burgers_pilot_quick/m1/seed_00022/config.resolved.yaml,Expériences antérieures M0/M1/M3/M5/M6 ; date exacte non attestée
outputs/burgers_pilot_quick/m1/seed_00022/environment.json,270,.json,81e8b8ec1f0e36812a60c59a8df82f8463f4b7cdc0f374d41177cd34430c2417,V06,preserved,local_commit:656050cae337f96fdab3b47ec862ccae4f1c9601,outputs/burgers_pilot_quick/m1/seed_00022/environment.json,Expériences antérieures M0/M1/M3/M5/M6 ; date exacte non attestée
outputs/burgers_pilot_quick/m1/seed_00022/metrics.csv,4980,.csv,1173703a6184e52f79cdc111729388a5f65e9618e0e63b97312055aa9d634def,V06,preserved,local_commit:656050cae337f96fdab3b47ec862ccae4f1c9601,outputs/burgers_pilot_quick/m1/seed_00022/metrics.csv,Expériences antérieures M0/M1/M3/M5/M6 ; date exacte non attestée
outputs/burgers_pilot_quick/m1/seed_00022/model.pt,21105,.pt,cbeff0c43307d2af492042e342088d2c60b76055eb980844a08452ceac3b7b54,V06,preserved,local_commit:656050cae337f96fdab3b47ec862ccae4f1c9601,outputs/burgers_pilot_quick/m1/seed_00022/model.pt,Expériences antérieures M0/M1/M3/M5/M6 ; date exacte non attestée
outputs/burgers_pilot_quick/m1/seed_00022/summary.json,1303,.json,e03de9dd996c4f38b674681fc67d4ae5ddf9d3bbad07e0f623395c051f918b4a,V06,preserved,local_commit:656050cae337f96fdab3b47ec862ccae4f1c9601,outputs/burgers_pilot_quick/m1/seed_00022/summary.json,Expériences antérieures M0/M1/M3/M5/M6 ; date exacte non attestée
outputs/burgers_pilot_quick/m1/seed_00033/checkpoint_0000120.pt,21799,.pt,075a9157a6c259d4a27857940f98713a4e6e90474446492c86ede549b614c3a1,V06,preserved,local_commit:656050cae337f96fdab3b47ec862ccae4f1c9601,outputs/burgers_pilot_quick/m1/seed_00033/checkpoint_0000120.pt,Expériences antérieures M0/M1/M3/M5/M6 ; date exacte non attestée
outputs/burgers_pilot_quick/m1/seed_00033/config.resolved.yaml,876,.yaml,4dde6d35981b4e2d5695174247226e4ac0e402282cf2fae812657b11503a3f91,V06,preserved,local_commit:656050cae337f96fdab3b47ec862ccae4f1c9601,outputs/burgers_pilot_quick/m1/seed_00033/config.resolved.yaml,Expériences antérieures M0/M1/M3/M5/M6 ; date exacte non attestée
outputs/burgers_pilot_quick/m1/seed_00033/environment.json,270,.json,81e8b8ec1f0e36812a60c59a8df82f8463f4b7cdc0f374d41177cd34430c2417,V06,preserved,local_commit:656050cae337f96fdab3b47ec862ccae4f1c9601,outputs/burgers_pilot_quick/m1/seed_00033/environment.json,Expériences antérieures M0/M1/M3/M5/M6 ; date exacte non attestée
outputs/burgers_pilot_quick/m1/seed_00033/metrics.csv,5006,.csv,ddb01f7d4a10069750f6c3edd821e9f76f98eb9a24af9be51448de8093435012,V06,preserved,local_commit:656050cae337f96fdab3b47ec862ccae4f1c9601,outputs/burgers_pilot_quick/m1/seed_00033/metrics.csv,Expériences antérieures M0/M1/M3/M5/M6 ; date exacte non attestée
outputs/burgers_pilot_quick/m1/seed_00033/model.pt,21105,.pt,148a688f6c17bf8cd9f85b7c2ae14c2512341fe15e6d073b8de5e24ed0c6ab71,V06,preserved,local_commit:656050cae337f96fdab3b47ec862ccae4f1c9601,outputs/burgers_pilot_quick/m1/seed_00033/model.pt,Expériences antérieures M0/M1/M3/M5/M6 ; date exacte non attestée
outputs/burgers_pilot_quick/m1/seed_00033/summary.json,1309,.json,a345a672236b31c1b2fc320193994b95a16f74fb51d8bfe89215dd2b5391f028,V06,preserved,local_commit:656050cae337f96fdab3b47ec862ccae4f1c9601,outputs/burgers_pilot_quick/m1/seed_00033/summary.json,Expériences antérieures M0/M1/M3/M5/M6 ; date exacte non attestée
outputs/burgers_pilot_quick/m3/seed_00011/checkpoint_0000120.pt,21799,.pt,5e1af5b098831a39d2c8598416819ae90be1bd4f0096b79e0a6640370c50cd0a,V06,preserved,local_commit:656050cae337f96fdab3b47ec862ccae4f1c9601,outputs/burgers_pilot_quick/m3/seed_00011/checkpoint_0000120.pt,Expériences antérieures M0/M1/M3/M5/M6 ; date exacte non attestée
outputs/burgers_pilot_quick/m3/seed_00011/config.resolved.yaml,876,.yaml,d491a945d8f70035cb8d0b0b89df7857889864f24f39bed9c6f3ab6f80d467cb,V06,preserved,local_commit:656050cae337f96fdab3b47ec862ccae4f1c9601,outputs/burgers_pilot_quick/m3/seed_00011/config.resolved.yaml,Expériences antérieures M0/M1/M3/M5/M6 ; date exacte non attestée
outputs/burgers_pilot_quick/m3/seed_00011/environment.json,270,.json,81e8b8ec1f0e36812a60c59a8df82f8463f4b7cdc0f374d41177cd34430c2417,V06,preserved,local_commit:656050cae337f96fdab3b47ec862ccae4f1c9601,outputs/burgers_pilot_quick/m3/seed_00011/environment.json,Expériences antérieures M0/M1/M3/M5/M6 ; date exacte non attestée
outputs/burgers_pilot_quick/m3/seed_00011/metrics.csv,4339,.csv,740bbef6ea96dfedb1447078cbd6899ccb8a591c222de708e029fba9569c927c,V06,preserved,local_commit:656050cae337f96fdab3b47ec862ccae4f1c9601,outputs/burgers_pilot_quick/m3/seed_00011/metrics.csv,Expériences antérieures M0/M1/M3/M5/M6 ; date exacte non attestée
outputs/burgers_pilot_quick/m3/seed_00011/model.pt,21105,.pt,1ec0412c07165d2f71b552d5234e9f9b26b8baddb063d818791220035744cf9c,V06,preserved,local_commit:656050cae337f96fdab3b47ec862ccae4f1c9601,outputs/burgers_pilot_quick/m3/seed_00011/model.pt,Expériences antérieures M0/M1/M3/M5/M6 ; date exacte non attestée
outputs/burgers_pilot_quick/m3/seed_00011/summary.json,1252,.json,ebbb77d5fc0c0b10772ce62c98d634d1b60bb64070938980d881e0b0aca9d871,V06,preserved,local_commit:656050cae337f96fdab3b47ec862ccae4f1c9601,outputs/burgers_pilot_quick/m3/seed_00011/summary.json,Expériences antérieures M0/M1/M3/M5/M6 ; date exacte non attestée
outputs/burgers_pilot_quick/m3/seed_00022/checkpoint_0000120.pt,21799,.pt,2a3de7fc351e73d8437b8534d7fcd0ae42ada25a492dc08cf38a6bb24aec95ec,V06,preserved,local_commit:656050cae337f96fdab3b47ec862ccae4f1c9601,outputs/burgers_pilot_quick/m3/seed_00022/checkpoint_0000120.pt,Expériences antérieures M0/M1/M3/M5/M6 ; date exacte non attestée
outputs/burgers_pilot_quick/m3/seed_00022/config.resolved.yaml,876,.yaml,63096d9ba529d65e67df888088283896499aae022b42c448b60cc8b75f48b15b,V06,preserved,local_commit:656050cae337f96fdab3b47ec862ccae4f1c9601,outputs/burgers_pilot_quick/m3/seed_00022/config.resolved.yaml,Expériences antérieures M0/M1/M3/M5/M6 ; date exacte non attestée
outputs/burgers_pilot_quick/m3/seed_00022/environment.json,270,.json,81e8b8ec1f0e36812a60c59a8df82f8463f4b7cdc0f374d41177cd34430c2417,V06,preserved,local_commit:656050cae337f96fdab3b47ec862ccae4f1c9601,outputs/burgers_pilot_quick/m3/seed_00022/environment.json,Expériences antérieures M0/M1/M3/M5/M6 ; date exacte non attestée
outputs/burgers_pilot_quick/m3/seed_00022/metrics.csv,4337,.csv,a82b7ad18cd65fc8f28b22f76c1e14a40344045cb389d3ab070ab3ad4f244b23,V06,preserved,local_commit:656050cae337f96fdab3b47ec862ccae4f1c9601,outputs/burgers_pilot_quick/m3/seed_00022/metrics.csv,Expériences antérieures M0/M1/M3/M5/M6 ; date exacte non attestée
outputs/burgers_pilot_quick/m3/seed_00022/model.pt,21105,.pt,c1b398a476c812a15e0298d253c2835f15972cea542b862aea13a4986949d9a3,V06,preserved,local_commit:656050cae337f96fdab3b47ec862ccae4f1c9601,outputs/burgers_pilot_quick/m3/seed_00022/model.pt,Expériences antérieures M0/M1/M3/M5/M6 ; date exacte non attestée
outputs/burgers_pilot_quick/m3/seed_00022/summary.json,1249,.json,c63910d10e8595f446f48d065d16aae752021752b0d96de42a5cedad012b42a3,V06,preserved,local_commit:656050cae337f96fdab3b47ec862ccae4f1c9601,outputs/burgers_pilot_quick/m3/seed_00022/summary.json,Expériences antérieures M0/M1/M3/M5/M6 ; date exacte non attestée
outputs/burgers_pilot_quick/m3/seed_00033/checkpoint_0000120.pt,21799,.pt,9d90f4e69d4cf1872f676c200b0d6c8792ffeafd39fb79266a04f18edce9b9fb,V06,preserved,local_commit:656050cae337f96fdab3b47ec862ccae4f1c9601,outputs/burgers_pilot_quick/m3/seed_00033/checkpoint_0000120.pt,Expériences antérieures M0/M1/M3/M5/M6 ; date exacte non attestée
outputs/burgers_pilot_quick/m3/seed_00033/config.resolved.yaml,876,.yaml,ca309af4f029f28639cdc4ed514e981bcd0e4d9403e2600712e844c2a1eb6537,V06,preserved,local_commit:656050cae337f96fdab3b47ec862ccae4f1c9601,outputs/burgers_pilot_quick/m3/seed_00033/config.resolved.yaml,Expériences antérieures M0/M1/M3/M5/M6 ; date exacte non attestée
outputs/burgers_pilot_quick/m3/seed_00033/environment.json,270,.json,81e8b8ec1f0e36812a60c59a8df82f8463f4b7cdc0f374d41177cd34430c2417,V06,preserved,local_commit:656050cae337f96fdab3b47ec862ccae4f1c9601,outputs/burgers_pilot_quick/m3/seed_00033/environment.json,Expériences antérieures M0/M1/M3/M5/M6 ; date exacte non attestée
outputs/burgers_pilot_quick/m3/seed_00033/metrics.csv,4332,.csv,2f0ac5181f63e0142b5c576e31b09c8396727731ce858678e335629e0950dc39,V06,preserved,local_commit:656050cae337f96fdab3b47ec862ccae4f1c9601,outputs/burgers_pilot_quick/m3/seed_00033/metrics.csv,Expériences antérieures M0/M1/M3/M5/M6 ; date exacte non attestée
outputs/burgers_pilot_quick/m3/seed_00033/model.pt,21105,.pt,449e821e91627a0acad67361f669f9e82a40f52a21e0f7faec745676ad16626a,V06,preserved,local_commit:656050cae337f96fdab3b47ec862ccae4f1c9601,outputs/burgers_pilot_quick/m3/seed_00033/model.pt,Expériences antérieures M0/M1/M3/M5/M6 ; date exacte non attestée
outputs/burgers_pilot_quick/m3/seed_00033/summary.json,1249,.json,1cc5ab3edcd1947a01d054de951247d0b9687982caf2ce802b99f02283c5631e,V06,preserved,local_commit:656050cae337f96fdab3b47ec862ccae4f1c9601,outputs/burgers_pilot_quick/m3/seed_00033/summary.json,Expériences antérieures M0/M1/M3/M5/M6 ; date exacte non attestée
outputs/burgers_pilot_quick/m5/seed_00011/checkpoint_0000120.pt,21799,.pt,53e060423021a0952c2babfd69da473308a45333fe97e16cdc8207438083afd2,V06,preserved,local_commit:656050cae337f96fdab3b47ec862ccae4f1c9601,outputs/burgers_pilot_quick/m5/seed_00011/checkpoint_0000120.pt,Expériences antérieures M0/M1/M3/M5/M6 ; date exacte non attestée
outputs/burgers_pilot_quick/m5/seed_00011/config.resolved.yaml,876,.yaml,b78cde4b0b00a166bac9e75d0dd43deb972ab748a59eecb92aea74a8c4fa64a1,V06,preserved,local_commit:656050cae337f96fdab3b47ec862ccae4f1c9601,outputs/burgers_pilot_quick/m5/seed_00011/config.resolved.yaml,Expériences antérieures M0/M1/M3/M5/M6 ; date exacte non attestée
outputs/burgers_pilot_quick/m5/seed_00011/environment.json,270,.json,81e8b8ec1f0e36812a60c59a8df82f8463f4b7cdc0f374d41177cd34430c2417,V06,preserved,local_commit:656050cae337f96fdab3b47ec862ccae4f1c9601,outputs/burgers_pilot_quick/m5/seed_00011/environment.json,Expériences antérieures M0/M1/M3/M5/M6 ; date exacte non attestée
outputs/burgers_pilot_quick/m5/seed_00011/metrics.csv,5361,.csv,606aa0bd4bed663e8777b77344422024c5cf43259d80622fc796a99168fe5bf8,V06,preserved,local_commit:656050cae337f96fdab3b47ec862ccae4f1c9601,outputs/burgers_pilot_quick/m5/seed_00011/metrics.csv,Expériences antérieures M0/M1/M3/M5/M6 ; date exacte non attestée
outputs/burgers_pilot_quick/m5/seed_00011/model.pt,21105,.pt,d034e5b12874207b4c01155cb202615f52c0e8fe3e24cf5c1c1c902ac0a26be9,V06,preserved,local_commit:656050cae337f96fdab3b47ec862ccae4f1c9601,outputs/burgers_pilot_quick/m5/seed_00011/model.pt,Expériences antérieures M0/M1/M3/M5/M6 ; date exacte non attestée
outputs/burgers_pilot_quick/m5/seed_00011/summary.json,1339,.json,9a988b8d48b77910914d23050c509874f9c2025a0a049edd199f1f083a2cf000,V06,preserved,local_commit:656050cae337f96fdab3b47ec862ccae4f1c9601,outputs/burgers_pilot_quick/m5/seed_00011/summary.json,Expériences antérieures M0/M1/M3/M5/M6 ; date exacte non attestée
outputs/burgers_pilot_quick/m5/seed_00022/checkpoint_0000120.pt,21799,.pt,4a48b8a7e0730d4f8d719d4dd95db900ff1e89d10119325a09911a29e7be4fdf,V06,preserved,local_commit:656050cae337f96fdab3b47ec862ccae4f1c9601,outputs/burgers_pilot_quick/m5/seed_00022/checkpoint_0000120.pt,Expériences antérieures M0/M1/M3/M5/M6 ; date exacte non attestée
outputs/burgers_pilot_quick/m5/seed_00022/config.resolved.yaml,876,.yaml,34bc110911ed4eafd0b550f9bbe4f218a5bc8bbc3d5b0b84c647c2028153a8f4,V06,preserved,local_commit:656050cae337f96fdab3b47ec862ccae4f1c9601,outputs/burgers_pilot_quick/m5/seed_00022/config.resolved.yaml,Expériences antérieures M0/M1/M3/M5/M6 ; date exacte non attestée
outputs/burgers_pilot_quick/m5/seed_00022/environment.json,270,.json,81e8b8ec1f0e36812a60c59a8df82f8463f4b7cdc0f374d41177cd34430c2417,V06,preserved,local_commit:656050cae337f96fdab3b47ec862ccae4f1c9601,outputs/burgers_pilot_quick/m5/seed_00022/environment.json,Expériences antérieures M0/M1/M3/M5/M6 ; date exacte non attestée
outputs/burgers_pilot_quick/m5/seed_00022/metrics.csv,5335,.csv,ef3abf188e48101da7a8fb6970b764d5a330d8472d07d11a14ea9ac33ff955bc,V06,preserved,local_commit:656050cae337f96fdab3b47ec862ccae4f1c9601,outputs/burgers_pilot_quick/m5/seed_00022/metrics.csv,Expériences antérieures M0/M1/M3/M5/M6 ; date exacte non attestée
outputs/burgers_pilot_quick/m5/seed_00022/model.pt,21105,.pt,5369e7c2595d3d517dc1ac57127b9622fa0953c2422e62d187a7c9b294768937,V06,preserved,local_commit:656050cae337f96fdab3b47ec862ccae4f1c9601,outputs/burgers_pilot_quick/m5/seed_00022/model.pt,Expériences antérieures M0/M1/M3/M5/M6 ; date exacte non attestée
outputs/burgers_pilot_quick/m5/seed_00022/summary.json,1332,.json,4617ba91c8b7fb87d5027515d87267429d8d5511bb395eac028ef62f85d810e0,V06,preserved,local_commit:656050cae337f96fdab3b47ec862ccae4f1c9601,outputs/burgers_pilot_quick/m5/seed_00022/summary.json,Expériences antérieures M0/M1/M3/M5/M6 ; date exacte non attestée
outputs/burgers_pilot_quick/m5/seed_00033/checkpoint_0000120.pt,21799,.pt,4f03d17121d4cefd0d2b2b2f214d7b5460cb5c74e82b43ba99c0ff93af4a8cf7,V06,preserved,local_commit:656050cae337f96fdab3b47ec862ccae4f1c9601,outputs/burgers_pilot_quick/m5/seed_00033/checkpoint_0000120.pt,Expériences antérieures M0/M1/M3/M5/M6 ; date exacte non attestée
outputs/burgers_pilot_quick/m5/seed_00033/config.resolved.yaml,876,.yaml,8fe4e5a6630576ad5a01eed9db2c1fb58d3b05c7129ac25c570ef5d0faa38030,V06,preserved,local_commit:656050cae337f96fdab3b47ec862ccae4f1c9601,outputs/burgers_pilot_quick/m5/seed_00033/config.resolved.yaml,Expériences antérieures M0/M1/M3/M5/M6 ; date exacte non attestée
outputs/burgers_pilot_quick/m5/seed_00033/environment.json,270,.json,81e8b8ec1f0e36812a60c59a8df82f8463f4b7cdc0f374d41177cd34430c2417,V06,preserved,local_commit:656050cae337f96fdab3b47ec862ccae4f1c9601,outputs/burgers_pilot_quick/m5/seed_00033/environment.json,Expériences antérieures M0/M1/M3/M5/M6 ; date exacte non attestée
outputs/burgers_pilot_quick/m5/seed_00033/metrics.csv,5379,.csv,e859bb79a84cce4b012a94fcf678c78e750b6bc89da409a8cc7bbf64404074f5,V06,preserved,local_commit:656050cae337f96fdab3b47ec862ccae4f1c9601,outputs/burgers_pilot_quick/m5/seed_00033/metrics.csv,Expériences antérieures M0/M1/M3/M5/M6 ; date exacte non attestée
outputs/burgers_pilot_quick/m5/seed_00033/model.pt,21105,.pt,c89d8614471c3873e0eb81c85a78cbaf1d930889600f63f3c9eaf8291bc33e31,V06,preserved,local_commit:656050cae337f96fdab3b47ec862ccae4f1c9601,outputs/burgers_pilot_quick/m5/seed_00033/model.pt,Expériences antérieures M0/M1/M3/M5/M6 ; date exacte non attestée
outputs/burgers_pilot_quick/m5/seed_00033/summary.json,1337,.json,adfc646fda3631d2cf4f2b1cde460c5a0bc666409c6314207c3107687af03b46,V06,preserved,local_commit:656050cae337f96fdab3b47ec862ccae4f1c9601,outputs/burgers_pilot_quick/m5/seed_00033/summary.json,Expériences antérieures M0/M1/M3/M5/M6 ; date exacte non attestée
outputs/burgers_pilot_quick/m6/seed_00011/checkpoint_0000120.pt,21799,.pt,3b638704f750c4c34f5870e2d64ba9cb68c9cdcd9783ded654d02f3c37e633ff,V06,preserved,local_commit:656050cae337f96fdab3b47ec862ccae4f1c9601,outputs/burgers_pilot_quick/m6/seed_00011/checkpoint_0000120.pt,Expériences antérieures M0/M1/M3/M5/M6 ; date exacte non attestée
outputs/burgers_pilot_quick/m6/seed_00011/config.resolved.yaml,876,.yaml,dd3ad5fc050f2ea6e3eb81558f464c985f373330297ad0d9a147c9c0beb64845,V06,preserved,local_commit:656050cae337f96fdab3b47ec862ccae4f1c9601,outputs/burgers_pilot_quick/m6/seed_00011/config.resolved.yaml,Expériences antérieures M0/M1/M3/M5/M6 ; date exacte non attestée
outputs/burgers_pilot_quick/m6/seed_00011/environment.json,270,.json,81e8b8ec1f0e36812a60c59a8df82f8463f4b7cdc0f374d41177cd34430c2417,V06,preserved,local_commit:656050cae337f96fdab3b47ec862ccae4f1c9601,outputs/burgers_pilot_quick/m6/seed_00011/environment.json,Expériences antérieures M0/M1/M3/M5/M6 ; date exacte non attestée
outputs/burgers_pilot_quick/m6/seed_00011/metrics.csv,5361,.csv,846944ebdd7d81cc20f4946b32d73ba2d1f7603cbd6ac7b8cc6ad80625ee624a,V06,preserved,local_commit:656050cae337f96fdab3b47ec862ccae4f1c9601,outputs/burgers_pilot_quick/m6/seed_00011/metrics.csv,Expériences antérieures M0/M1/M3/M5/M6 ; date exacte non attestée
outputs/burgers_pilot_quick/m6/seed_00011/model.pt,21105,.pt,bbc6637103f3a5bfc2939aac1b8865aa0175ca2904957c14b8ccd07f78e89cc0,V06,preserved,local_commit:656050cae337f96fdab3b47ec862ccae4f1c9601,outputs/burgers_pilot_quick/m6/seed_00011/model.pt,Expériences antérieures M0/M1/M3/M5/M6 ; date exacte non attestée
outputs/burgers_pilot_quick/m6/seed_00011/summary.json,1332,.json,6d00f87df07e6448cdf95609fc49c88d2a55b98b4e78ea8917b0ed8fa86ec25c,V06,preserved,local_commit:656050cae337f96fdab3b47ec862ccae4f1c9601,outputs/burgers_pilot_quick/m6/seed_00011/summary.json,Expériences antérieures M0/M1/M3/M5/M6 ; date exacte non attestée
outputs/burgers_pilot_quick/m6/seed_00022/checkpoint_0000120.pt,21799,.pt,fd94aa8ad0cb506dad712cbc81339ccc1f047b00ac266a06a798b8e9d5f57a58,V06,preserved,local_commit:656050cae337f96fdab3b47ec862ccae4f1c9601,outputs/burgers_pilot_quick/m6/seed_00022/checkpoint_0000120.pt,Expériences antérieures M0/M1/M3/M5/M6 ; date exacte non attestée
outputs/burgers_pilot_quick/m6/seed_00022/config.resolved.yaml,876,.yaml,39dfc2665b8172b9ca7ef674f8b8edbda2f1f36e1bd8009f840db4d4ba513eb9,V06,preserved,local_commit:656050cae337f96fdab3b47ec862ccae4f1c9601,outputs/burgers_pilot_quick/m6/seed_00022/config.resolved.yaml,Expériences antérieures M0/M1/M3/M5/M6 ; date exacte non attestée
outputs/burgers_pilot_quick/m6/seed_00022/environment.json,270,.json,81e8b8ec1f0e36812a60c59a8df82f8463f4b7cdc0f374d41177cd34430c2417,V06,preserved,local_commit:656050cae337f96fdab3b47ec862ccae4f1c9601,outputs/burgers_pilot_quick/m6/seed_00022/environment.json,Expériences antérieures M0/M1/M3/M5/M6 ; date exacte non attestée
outputs/burgers_pilot_quick/m6/seed_00022/metrics.csv,5341,.csv,8410d117558ea3ab9d1a93e989da99f9a50ac13d5b83744df16b115fbc845125,V06,preserved,local_commit:656050cae337f96fdab3b47ec862ccae4f1c9601,outputs/burgers_pilot_quick/m6/seed_00022/metrics.csv,Expériences antérieures M0/M1/M3/M5/M6 ; date exacte non attestée
outputs/burgers_pilot_quick/m6/seed_00022/model.pt,21105,.pt,a8c227e7d55bebb207220b4b28de35cf77a0481847a6deb81753fabda4d69eb4,V06,preserved,local_commit:656050cae337f96fdab3b47ec862ccae4f1c9601,outputs/burgers_pilot_quick/m6/seed_00022/model.pt,Expériences antérieures M0/M1/M3/M5/M6 ; date exacte non attestée
outputs/burgers_pilot_quick/m6/seed_00022/summary.json,1330,.json,977574f5195990a299558f4ba7215f037f01eba93c7c17ebc2812e0e691e1ff5,V06,preserved,local_commit:656050cae337f96fdab3b47ec862ccae4f1c9601,outputs/burgers_pilot_quick/m6/seed_00022/summary.json,Expériences antérieures M0/M1/M3/M5/M6 ; date exacte non attestée
outputs/burgers_pilot_quick/m6/seed_00033/checkpoint_0000120.pt,21799,.pt,75bac7b41942f06a613426d5df43f4c52a2109b8667ab0547de68db11a16d46e,V06,preserved,local_commit:656050cae337f96fdab3b47ec862ccae4f1c9601,outputs/burgers_pilot_quick/m6/seed_00033/checkpoint_0000120.pt,Expériences antérieures M0/M1/M3/M5/M6 ; date exacte non attestée
outputs/burgers_pilot_quick/m6/seed_00033/config.resolved.yaml,876,.yaml,1bb754243cb4eb2a04183e8e29f084c34d1917cd02fde6ba9ad97239eb367bd6,V06,preserved,local_commit:656050cae337f96fdab3b47ec862ccae4f1c9601,outputs/burgers_pilot_quick/m6/seed_00033/config.resolved.yaml,Expériences antérieures M0/M1/M3/M5/M6 ; date exacte non attestée
outputs/burgers_pilot_quick/m6/seed_00033/environment.json,270,.json,81e8b8ec1f0e36812a60c59a8df82f8463f4b7cdc0f374d41177cd34430c2417,V06,preserved,local_commit:656050cae337f96fdab3b47ec862ccae4f1c9601,outputs/burgers_pilot_quick/m6/seed_00033/environment.json,Expériences antérieures M0/M1/M3/M5/M6 ; date exacte non attestée
outputs/burgers_pilot_quick/m6/seed_00033/metrics.csv,5369,.csv,53296743fd3745e40f0409c568de54a916aad3e276b8762acc82bd7de05a091c,V06,preserved,local_commit:656050cae337f96fdab3b47ec862ccae4f1c9601,outputs/burgers_pilot_quick/m6/seed_00033/metrics.csv,Expériences antérieures M0/M1/M3/M5/M6 ; date exacte non attestée
outputs/burgers_pilot_quick/m6/seed_00033/model.pt,21105,.pt,407f970c8c95a1b86a546d7a2ca5601f820a72851b61224e0f22ddcdf759eed6,V06,preserved,local_commit:656050cae337f96fdab3b47ec862ccae4f1c9601,outputs/burgers_pilot_quick/m6/seed_00033/model.pt,Expériences antérieures M0/M1/M3/M5/M6 ; date exacte non attestée
outputs/burgers_pilot_quick/m6/seed_00033/summary.json,1328,.json,3f627c614db3fe67bc59890ffa107b77e3e2a030e2cdeabc833d14e7d6d61406,V06,preserved,local_commit:656050cae337f96fdab3b47ec862ccae4f1c9601,outputs/burgers_pilot_quick/m6/seed_00033/summary.json,Expériences antérieures M0/M1/M3/M5/M6 ; date exacte non attestée
outputs/helmholtz_calibrated_v1/m0/seed_00011/checkpoint_0001500.pt,62453,.pt,c1c37ace49586a0ce0564362dadf64a84df8cd2a482c966a4c0fdffacb41b135,V06,preserved,local_commit:656050cae337f96fdab3b47ec862ccae4f1c9601,outputs/helmholtz_calibrated_v1/m0/seed_00011/checkpoint_0001500.pt,Expériences antérieures M0/M1/M3/M5/M6 ; date exacte non attestée
outputs/helmholtz_calibrated_v1/m0/seed_00011/config.resolved.yaml,1323,.yaml,d313ad7c036de51a1f56d3683123c2762e0df14c841d279ad2ac26d124631835,V06,preserved,local_commit:656050cae337f96fdab3b47ec862ccae4f1c9601,outputs/helmholtz_calibrated_v1/m0/seed_00011/config.resolved.yaml,Expériences antérieures M0/M1/M3/M5/M6 ; date exacte non attestée
outputs/helmholtz_calibrated_v1/m0/seed_00011/environment.json,270,.json,59e52bc612bba62a99448a8a04299bc2aa0322ae6cf893c87438016a3132b1b0,V06,preserved,local_commit:656050cae337f96fdab3b47ec862ccae4f1c9601,outputs/helmholtz_calibrated_v1/m0/seed_00011/environment.json,Expériences antérieures M0/M1/M3/M5/M6 ; date exacte non attestée
outputs/helmholtz_calibrated_v1/m0/seed_00011/metrics.csv,9075,.csv,357387e2fb73542a8af92f86b0fd706099bfdb090eab821c2efbc61d565d7f5c,V06,preserved,local_commit:656050cae337f96fdab3b47ec862ccae4f1c9601,outputs/helmholtz_calibrated_v1/m0/seed_00011/metrics.csv,Expériences antérieures M0/M1/M3/M5/M6 ; date exacte non attestée
outputs/helmholtz_calibrated_v1/m0/seed_00011/model.pt,61605,.pt,f0a5c3260c593cd6d2b1a986fe3b14c3b92099feef7d642c12582795f7730ac8,V06,preserved,local_commit:656050cae337f96fdab3b47ec862ccae4f1c9601,outputs/helmholtz_calibrated_v1/m0/seed_00011/model.pt,Expériences antérieures M0/M1/M3/M5/M6 ; date exacte non attestée
outputs/helmholtz_calibrated_v1/m0/seed_00011/summary.json,2608,.json,488bc680ae72c72ec3ff9dc1d3c0de6a2edc731856b4205a4ea9b8b4188fac6f,V06,preserved,local_commit:656050cae337f96fdab3b47ec862ccae4f1c9601,outputs/helmholtz_calibrated_v1/m0/seed_00011/summary.json,Expériences antérieures M0/M1/M3/M5/M6 ; date exacte non attestée
outputs/helmholtz_calibrated_v1/m0/seed_00022/checkpoint_0001500.pt,62453,.pt,419d0b70f835ccabcaa763929686cacf618545e2edc00e160ca5b14050b532f7,V06,preserved,local_commit:656050cae337f96fdab3b47ec862ccae4f1c9601,outputs/helmholtz_calibrated_v1/m0/seed_00022/checkpoint_0001500.pt,Expériences antérieures M0/M1/M3/M5/M6 ; date exacte non attestée
outputs/helmholtz_calibrated_v1/m0/seed_00022/config.resolved.yaml,1323,.yaml,19a22931eab87c130a731bf50ba566e38f38ee3510cb79ff86def7126add2edd,V06,preserved,local_commit:656050cae337f96fdab3b47ec862ccae4f1c9601,outputs/helmholtz_calibrated_v1/m0/seed_00022/config.resolved.yaml,Expériences antérieures M0/M1/M3/M5/M6 ; date exacte non attestée
outputs/helmholtz_calibrated_v1/m0/seed_00022/environment.json,270,.json,59e52bc612bba62a99448a8a04299bc2aa0322ae6cf893c87438016a3132b1b0,V06,preserved,local_commit:656050cae337f96fdab3b47ec862ccae4f1c9601,outputs/helmholtz_calibrated_v1/m0/seed_00022/environment.json,Expériences antérieures M0/M1/M3/M5/M6 ; date exacte non attestée
outputs/helmholtz_calibrated_v1/m0/seed_00022/metrics.csv,9020,.csv,fb570e607f11de6ee33177d76edecb4eb37f0d668c85419d06ce0cd80920aca5,V06,preserved,local_commit:656050cae337f96fdab3b47ec862ccae4f1c9601,outputs/helmholtz_calibrated_v1/m0/seed_00022/metrics.csv,Expériences antérieures M0/M1/M3/M5/M6 ; date exacte non attestée
outputs/helmholtz_calibrated_v1/m0/seed_00022/model.pt,61605,.pt,e16ff7e81a456ae81a86b7bf99b10239a0b820e8a74c4ce2cf6e06645d69d368,V06,preserved,local_commit:656050cae337f96fdab3b47ec862ccae4f1c9601,outputs/helmholtz_calibrated_v1/m0/seed_00022/model.pt,Expériences antérieures M0/M1/M3/M5/M6 ; date exacte non attestée
outputs/helmholtz_calibrated_v1/m0/seed_00022/summary.json,2610,.json,77b56c31cec114a1a321593cc0a4fcf2dfaea585998fb762c93510d51ecac885,V06,preserved,local_commit:656050cae337f96fdab3b47ec862ccae4f1c9601,outputs/helmholtz_calibrated_v1/m0/seed_00022/summary.json,Expériences antérieures M0/M1/M3/M5/M6 ; date exacte non attestée
outputs/helmholtz_calibrated_v1/m0/seed_00033/checkpoint_0001500.pt,62453,.pt,cf41081ec7a00a63408a5b5043d7d1ce0becbedc49b8226720bcb49d404fa6f8,V06,preserved,local_commit:656050cae337f96fdab3b47ec862ccae4f1c9601,outputs/helmholtz_calibrated_v1/m0/seed_00033/checkpoint_0001500.pt,Expériences antérieures M0/M1/M3/M5/M6 ; date exacte non attestée
outputs/helmholtz_calibrated_v1/m0/seed_00033/config.resolved.yaml,1323,.yaml,de2e7307df9bde94d48dc055f6fd5a0bdeb8edcdcf1a102ee675f43f27ece63e,V06,preserved,local_commit:656050cae337f96fdab3b47ec862ccae4f1c9601,outputs/helmholtz_calibrated_v1/m0/seed_00033/config.resolved.yaml,Expériences antérieures M0/M1/M3/M5/M6 ; date exacte non attestée
outputs/helmholtz_calibrated_v1/m0/seed_00033/environment.json,270,.json,59e52bc612bba62a99448a8a04299bc2aa0322ae6cf893c87438016a3132b1b0,V06,preserved,local_commit:656050cae337f96fdab3b47ec862ccae4f1c9601,outputs/helmholtz_calibrated_v1/m0/seed_00033/environment.json,Expériences antérieures M0/M1/M3/M5/M6 ; date exacte non attestée
outputs/helmholtz_calibrated_v1/m0/seed_00033/metrics.csv,9049,.csv,a12c8169f06d1006486325fd1245966fb9ec29c4549db6989ce4c411392eab18,V06,preserved,local_commit:656050cae337f96fdab3b47ec862ccae4f1c9601,outputs/helmholtz_calibrated_v1/m0/seed_00033/metrics.csv,Expériences antérieures M0/M1/M3/M5/M6 ; date exacte non attestée
outputs/helmholtz_calibrated_v1/m0/seed_00033/model.pt,61605,.pt,42d6cf7de7efbd644fa517c34437e6906ce05745cca520357e0e57f3a64432e6,V06,preserved,local_commit:656050cae337f96fdab3b47ec862ccae4f1c9601,outputs/helmholtz_calibrated_v1/m0/seed_00033/model.pt,Expériences antérieures M0/M1/M3/M5/M6 ; date exacte non attestée
outputs/helmholtz_calibrated_v1/m0/seed_00033/summary.json,2609,.json,c448e789236ab06b15b9b928237d32bdc0120ff30ff9667b9b21efafebf0bdac,V06,preserved,local_commit:656050cae337f96fdab3b47ec862ccae4f1c9601,outputs/helmholtz_calibrated_v1/m0/seed_00033/summary.json,Expériences antérieures M0/M1/M3/M5/M6 ; date exacte non attestée
outputs/helmholtz_calibrated_v1/m0/seed_00044/checkpoint_0001500.pt,62453,.pt,3adb72f4858163e32887ec49c58e43886eb110df6a66c0114f2421f0265edda3,V06,preserved,local_commit:656050cae337f96fdab3b47ec862ccae4f1c9601,outputs/helmholtz_calibrated_v1/m0/seed_00044/checkpoint_0001500.pt,Expériences antérieures M0/M1/M3/M5/M6 ; date exacte non attestée
outputs/helmholtz_calibrated_v1/m0/seed_00044/config.resolved.yaml,1366,.yaml,ec213b0d46f56fb423150ddc5d3b6c332aee9e42b714712612e3308154c3a8e9,V06,preserved,local_commit:656050cae337f96fdab3b47ec862ccae4f1c9601,outputs/helmholtz_calibrated_v1/m0/seed_00044/config.resolved.yaml,Expériences antérieures M0/M1/M3/M5/M6 ; date exacte non attestée
outputs/helmholtz_calibrated_v1/m0/seed_00044/environment.json,270,.json,59e52bc612bba62a99448a8a04299bc2aa0322ae6cf893c87438016a3132b1b0,V06,preserved,local_commit:656050cae337f96fdab3b47ec862ccae4f1c9601,outputs/helmholtz_calibrated_v1/m0/seed_00044/environment.json,Expériences antérieures M0/M1/M3/M5/M6 ; date exacte non attestée
outputs/helmholtz_calibrated_v1/m0/seed_00044/metrics.csv,9028,.csv,45c4486ac2b9f04f891bc40b62a4dccd3a3f06407a4f85a6e18fc2495f1e877a,V06,preserved,local_commit:656050cae337f96fdab3b47ec862ccae4f1c9601,outputs/helmholtz_calibrated_v1/m0/seed_00044/metrics.csv,Expériences antérieures M0/M1/M3/M5/M6 ; date exacte non attestée
outputs/helmholtz_calibrated_v1/m0/seed_00044/model.pt,61605,.pt,25f8f7abf58c00e1c0c45b8550c72a0dcee93ffc0edca4163df31d1d96c183a1,V06,preserved,local_commit:656050cae337f96fdab3b47ec862ccae4f1c9601,outputs/helmholtz_calibrated_v1/m0/seed_00044/model.pt,Expériences antérieures M0/M1/M3/M5/M6 ; date exacte non attestée
outputs/helmholtz_calibrated_v1/m0/seed_00044/summary.json,2609,.json,ec46d843e226118fedd1517ee4df8e268235868d0fe488bf927f44754e45908b,V06,preserved,local_commit:656050cae337f96fdab3b47ec862ccae4f1c9601,outputs/helmholtz_calibrated_v1/m0/seed_00044/summary.json,Expériences antérieures M0/M1/M3/M5/M6 ; date exacte non attestée
outputs/helmholtz_calibrated_v1/m0/seed_00055/checkpoint_0001500.pt,62453,.pt,76484d1722cf22afa4ea6c631ca336095d83adeaceb27a1abda918cb50db73f1,V06,preserved,local_commit:656050cae337f96fdab3b47ec862ccae4f1c9601,outputs/helmholtz_calibrated_v1/m0/seed_00055/checkpoint_0001500.pt,Expériences antérieures M0/M1/M3/M5/M6 ; date exacte non attestée
outputs/helmholtz_calibrated_v1/m0/seed_00055/config.resolved.yaml,1366,.yaml,f187a008dcdccdb3aad5a34f755ecaca22925ee39137983d8e644b98840f97a1,V06,preserved,local_commit:656050cae337f96fdab3b47ec862ccae4f1c9601,outputs/helmholtz_calibrated_v1/m0/seed_00055/config.resolved.yaml,Expériences antérieures M0/M1/M3/M5/M6 ; date exacte non attestée
outputs/helmholtz_calibrated_v1/m0/seed_00055/environment.json,270,.json,59e52bc612bba62a99448a8a04299bc2aa0322ae6cf893c87438016a3132b1b0,V06,preserved,local_commit:656050cae337f96fdab3b47ec862ccae4f1c9601,outputs/helmholtz_calibrated_v1/m0/seed_00055/environment.json,Expériences antérieures M0/M1/M3/M5/M6 ; date exacte non attestée
outputs/helmholtz_calibrated_v1/m0/seed_00055/metrics.csv,9055,.csv,b4bd66f0e772f06afb73ec418fbb76fe764ae74ad717e9a80b0a0531749e6562,V06,preserved,local_commit:656050cae337f96fdab3b47ec862ccae4f1c9601,outputs/helmholtz_calibrated_v1/m0/seed_00055/metrics.csv,Expériences antérieures M0/M1/M3/M5/M6 ; date exacte non attestée
outputs/helmholtz_calibrated_v1/m0/seed_00055/model.pt,61605,.pt,2fb7262ecd8424b0fe6254774e1100d69b8eb77546d60dbd0b3f1808927627d0,V06,preserved,local_commit:656050cae337f96fdab3b47ec862ccae4f1c9601,outputs/helmholtz_calibrated_v1/m0/seed_00055/model.pt,Expériences antérieures M0/M1/M3/M5/M6 ; date exacte non attestée
outputs/helmholtz_calibrated_v1/m0/seed_00055/summary.json,2606,.json,9bb12d5903ceaef07fc96b73c0f7afa40c65c7e73159fe42f905b72f4e2dfc0d,V06,preserved,local_commit:656050cae337f96fdab3b47ec862ccae4f1c9601,outputs/helmholtz_calibrated_v1/m0/seed_00055/summary.json,Expériences antérieures M0/M1/M3/M5/M6 ; date exacte non attestée
outputs/helmholtz_calibrated_v1/m0/seed_00066/checkpoint_0001500.pt,62453,.pt,534ce7cca93f9857e66a1585c84b17955c602313872ee5a295dba091496943fc,V06,preserved,local_commit:656050cae337f96fdab3b47ec862ccae4f1c9601,outputs/helmholtz_calibrated_v1/m0/seed_00066/checkpoint_0001500.pt,Expériences antérieures M0/M1/M3/M5/M6 ; date exacte non attestée
outputs/helmholtz_calibrated_v1/m0/seed_00066/config.resolved.yaml,1366,.yaml,ac2f0988b38c1d0695f7d2b8f1a436e4783514fac9cff9bdcfa992e23899dfd2,V06,preserved,local_commit:656050cae337f96fdab3b47ec862ccae4f1c9601,outputs/helmholtz_calibrated_v1/m0/seed_00066/config.resolved.yaml,Expériences antérieures M0/M1/M3/M5/M6 ; date exacte non attestée
outputs/helmholtz_calibrated_v1/m0/seed_00066/environment.json,270,.json,59e52bc612bba62a99448a8a04299bc2aa0322ae6cf893c87438016a3132b1b0,V06,preserved,local_commit:656050cae337f96fdab3b47ec862ccae4f1c9601,outputs/helmholtz_calibrated_v1/m0/seed_00066/environment.json,Expériences antérieures M0/M1/M3/M5/M6 ; date exacte non attestée
outputs/helmholtz_calibrated_v1/m0/seed_00066/metrics.csv,9085,.csv,17955cd961a37c7b603ccd2a410347697e07a517c2640884d0e0a58e38a9aaa1,V06,preserved,local_commit:656050cae337f96fdab3b47ec862ccae4f1c9601,outputs/helmholtz_calibrated_v1/m0/seed_00066/metrics.csv,Expériences antérieures M0/M1/M3/M5/M6 ; date exacte non attestée
outputs/helmholtz_calibrated_v1/m0/seed_00066/model.pt,61605,.pt,b83f5d623efc4db25aa5cd794215600146f3c17119d1db8c852e306181ee4d3a,V06,preserved,local_commit:656050cae337f96fdab3b47ec862ccae4f1c9601,outputs/helmholtz_calibrated_v1/m0/seed_00066/model.pt,Expériences antérieures M0/M1/M3/M5/M6 ; date exacte non attestée
outputs/helmholtz_calibrated_v1/m0/seed_00066/summary.json,2611,.json,fb301bdf227c7c7881fe9ce29609880678a6f084c7dc992a0cbce5a7fd835525,V06,preserved,local_commit:656050cae337f96fdab3b47ec862ccae4f1c9601,outputs/helmholtz_calibrated_v1/m0/seed_00066/summary.json,Expériences antérieures M0/M1/M3/M5/M6 ; date exacte non attestée
outputs/helmholtz_calibrated_v1/m0/seed_00077/checkpoint_0001500.pt,62453,.pt,1fa052119e42ed814bc94cca767dc9f9817c9bf3e747a913e30d34fc6cd2ae0d,V06,preserved,local_commit:656050cae337f96fdab3b47ec862ccae4f1c9601,outputs/helmholtz_calibrated_v1/m0/seed_00077/checkpoint_0001500.pt,Expériences antérieures M0/M1/M3/M5/M6 ; date exacte non attestée
outputs/helmholtz_calibrated_v1/m0/seed_00077/config.resolved.yaml,1366,.yaml,e2003002eec161672090b7352c116f4964e5623cc7d583f41de3650a2648b23b,V06,preserved,local_commit:656050cae337f96fdab3b47ec862ccae4f1c9601,outputs/helmholtz_calibrated_v1/m0/seed_00077/config.resolved.yaml,Expériences antérieures M0/M1/M3/M5/M6 ; date exacte non attestée
outputs/helmholtz_calibrated_v1/m0/seed_00077/environment.json,270,.json,59e52bc612bba62a99448a8a04299bc2aa0322ae6cf893c87438016a3132b1b0,V06,preserved,local_commit:656050cae337f96fdab3b47ec862ccae4f1c9601,outputs/helmholtz_calibrated_v1/m0/seed_00077/environment.json,Expériences antérieures M0/M1/M3/M5/M6 ; date exacte non attestée
outputs/helmholtz_calibrated_v1/m0/seed_00077/metrics.csv,9063,.csv,acfc5b35670ec53376dea6ab562707c480ef900934a2d5334b52f781a9a54768,V06,preserved,local_commit:656050cae337f96fdab3b47ec862ccae4f1c9601,outputs/helmholtz_calibrated_v1/m0/seed_00077/metrics.csv,Expériences antérieures M0/M1/M3/M5/M6 ; date exacte non attestée
outputs/helmholtz_calibrated_v1/m0/seed_00077/model.pt,61605,.pt,4edd3c8b79e667a46da595d60890a95b3f0da76c40d801d2fc41dd5ee68809b4,V06,preserved,local_commit:656050cae337f96fdab3b47ec862ccae4f1c9601,outputs/helmholtz_calibrated_v1/m0/seed_00077/model.pt,Expériences antérieures M0/M1/M3/M5/M6 ; date exacte non attestée
outputs/helmholtz_calibrated_v1/m0/seed_00077/summary.json,2607,.json,87d8776278773aa5cd95df382581823458d2600f597ae738b742c8620d07c9b7,V06,preserved,local_commit:656050cae337f96fdab3b47ec862ccae4f1c9601,outputs/helmholtz_calibrated_v1/m0/seed_00077/summary.json,Expériences antérieures M0/M1/M3/M5/M6 ; date exacte non attestée
outputs/helmholtz_calibrated_v1/m0/seed_00088/checkpoint_0001500.pt,62453,.pt,87616c2c127ddae961dc2bc7314d3dfb0e65b39c7bea17fc95d1a763bdf46ad3,V06,preserved,local_commit:656050cae337f96fdab3b47ec862ccae4f1c9601,outputs/helmholtz_calibrated_v1/m0/seed_00088/checkpoint_0001500.pt,Expériences antérieures M0/M1/M3/M5/M6 ; date exacte non attestée
outputs/helmholtz_calibrated_v1/m0/seed_00088/config.resolved.yaml,1366,.yaml,f3b248f1dbb3dcfdd64d2e101d616f457150d89ac324e17bbfbc9223995f3e77,V06,preserved,local_commit:656050cae337f96fdab3b47ec862ccae4f1c9601,outputs/helmholtz_calibrated_v1/m0/seed_00088/config.resolved.yaml,Expériences antérieures M0/M1/M3/M5/M6 ; date exacte non attestée
outputs/helmholtz_calibrated_v1/m0/seed_00088/environment.json,270,.json,59e52bc612bba62a99448a8a04299bc2aa0322ae6cf893c87438016a3132b1b0,V06,preserved,local_commit:656050cae337f96fdab3b47ec862ccae4f1c9601,outputs/helmholtz_calibrated_v1/m0/seed_00088/environment.json,Expériences antérieures M0/M1/M3/M5/M6 ; date exacte non attestée
outputs/helmholtz_calibrated_v1/m0/seed_00088/metrics.csv,9094,.csv,df2237fe57e2af1223609c872a5bdb75ad2d4e0edfff82de8c26cfcfe5c18820,V06,preserved,local_commit:656050cae337f96fdab3b47ec862ccae4f1c9601,outputs/helmholtz_calibrated_v1/m0/seed_00088/metrics.csv,Expériences antérieures M0/M1/M3/M5/M6 ; date exacte non attestée
outputs/helmholtz_calibrated_v1/m0/seed_00088/model.pt,61605,.pt,50750a619463f3df18a1256f90bb1803c904c1a168a2fbecee4a4b8ee9d6ce77,V06,preserved,local_commit:656050cae337f96fdab3b47ec862ccae4f1c9601,outputs/helmholtz_calibrated_v1/m0/seed_00088/model.pt,Expériences antérieures M0/M1/M3/M5/M6 ; date exacte non attestée
outputs/helmholtz_calibrated_v1/m0/seed_00088/summary.json,2611,.json,2d9af7791794984cc828431d4d3a18a8f9111e0a4e3b7c1ffcbbd06a9cccb23e,V06,preserved,local_commit:656050cae337f96fdab3b47ec862ccae4f1c9601,outputs/helmholtz_calibrated_v1/m0/seed_00088/summary.json,Expériences antérieures M0/M1/M3/M5/M6 ; date exacte non attestée
outputs/helmholtz_calibrated_v1/m0/seed_00099/checkpoint_0001500.pt,62453,.pt,87feb1c55fa41455c0459924a97724c9e18fbeb22e91f207849cd81879292e92,V06,preserved,local_commit:656050cae337f96fdab3b47ec862ccae4f1c9601,outputs/helmholtz_calibrated_v1/m0/seed_00099/checkpoint_0001500.pt,Expériences antérieures M0/M1/M3/M5/M6 ; date exacte non attestée
outputs/helmholtz_calibrated_v1/m0/seed_00099/config.resolved.yaml,1366,.yaml,b28a2305815b6a1524a3032c724a87a24d597d89fd15092c2f251c8eac7b81dd,V06,preserved,local_commit:656050cae337f96fdab3b47ec862ccae4f1c9601,outputs/helmholtz_calibrated_v1/m0/seed_00099/config.resolved.yaml,Expériences antérieures M0/M1/M3/M5/M6 ; date exacte non attestée
outputs/helmholtz_calibrated_v1/m0/seed_00099/environment.json,270,.json,59e52bc612bba62a99448a8a04299bc2aa0322ae6cf893c87438016a3132b1b0,V06,preserved,local_commit:656050cae337f96fdab3b47ec862ccae4f1c9601,outputs/helmholtz_calibrated_v1/m0/seed_00099/environment.json,Expériences antérieures M0/M1/M3/M5/M6 ; date exacte non attestée
outputs/helmholtz_calibrated_v1/m0/seed_00099/metrics.csv,9095,.csv,9d38823416b5e4dda2499312204bb09fa96397b7e0ba1a0e75eb28379312df74,V06,preserved,local_commit:656050cae337f96fdab3b47ec862ccae4f1c9601,outputs/helmholtz_calibrated_v1/m0/seed_00099/metrics.csv,Expériences antérieures M0/M1/M3/M5/M6 ; date exacte non attestée
outputs/helmholtz_calibrated_v1/m0/seed_00099/model.pt,61605,.pt,afec45fc62238a640d7a147f7b3bb62f6eddb01cd76e4be27b4c2eb17369071b,V06,preserved,local_commit:656050cae337f96fdab3b47ec862ccae4f1c9601,outputs/helmholtz_calibrated_v1/m0/seed_00099/model.pt,Expériences antérieures M0/M1/M3/M5/M6 ; date exacte non attestée
outputs/helmholtz_calibrated_v1/m0/seed_00099/summary.json,2611,.json,bb8da1d1cd1fe17d6552da1b1dc67e90f8f884a1213f7f2830f5327b72894a84,V06,preserved,local_commit:656050cae337f96fdab3b47ec862ccae4f1c9601,outputs/helmholtz_calibrated_v1/m0/seed_00099/summary.json,Expériences antérieures M0/M1/M3/M5/M6 ; date exacte non attestée
outputs/helmholtz_calibrated_v1/m0/seed_00111/checkpoint_0001500.pt,62453,.pt,be40c445d738ab8154a5ae24e3fd847ee18dd8b28984c4576e7e48774bbfd283,V06,preserved,local_commit:656050cae337f96fdab3b47ec862ccae4f1c9601,outputs/helmholtz_calibrated_v1/m0/seed_00111/checkpoint_0001500.pt,Expériences antérieures M0/M1/M3/M5/M6 ; date exacte non attestée
outputs/helmholtz_calibrated_v1/m0/seed_00111/config.resolved.yaml,1367,.yaml,c998530aa2c9041ae719f0213cbce3723804ecbf2bb691bdaff40db870d014a3,V06,preserved,local_commit:656050cae337f96fdab3b47ec862ccae4f1c9601,outputs/helmholtz_calibrated_v1/m0/seed_00111/config.resolved.yaml,Expériences antérieures M0/M1/M3/M5/M6 ; date exacte non attestée
outputs/helmholtz_calibrated_v1/m0/seed_00111/environment.json,270,.json,59e52bc612bba62a99448a8a04299bc2aa0322ae6cf893c87438016a3132b1b0,V06,preserved,local_commit:656050cae337f96fdab3b47ec862ccae4f1c9601,outputs/helmholtz_calibrated_v1/m0/seed_00111/environment.json,Expériences antérieures M0/M1/M3/M5/M6 ; date exacte non attestée
outputs/helmholtz_calibrated_v1/m0/seed_00111/metrics.csv,9048,.csv,61576d609df94f35d995116ff0f4788a904e3c585da34baaca9d725f1e46d3e3,V06,preserved,local_commit:656050cae337f96fdab3b47ec862ccae4f1c9601,outputs/helmholtz_calibrated_v1/m0/seed_00111/metrics.csv,Expériences antérieures M0/M1/M3/M5/M6 ; date exacte non attestée
outputs/helmholtz_calibrated_v1/m0/seed_00111/model.pt,61605,.pt,807737cef399c62e4c4ddd09616d56018fa8a8a19cb97bd98901df615d05cce8,V06,preserved,local_commit:656050cae337f96fdab3b47ec862ccae4f1c9601,outputs/helmholtz_calibrated_v1/m0/seed_00111/model.pt,Expériences antérieures M0/M1/M3/M5/M6 ; date exacte non attestée
outputs/helmholtz_calibrated_v1/m0/seed_00111/summary.json,2604,.json,262725e8e5d223bea1bfe6fbb2869d9dbdac3b81fc62c01b6dc0fec9f86bf14c,V06,preserved,local_commit:656050cae337f96fdab3b47ec862ccae4f1c9601,outputs/helmholtz_calibrated_v1/m0/seed_00111/summary.json,Expériences antérieures M0/M1/M3/M5/M6 ; date exacte non attestée
outputs/helmholtz_calibrated_v1/m1/seed_00011/checkpoint_0001500.pt,62453,.pt,9f1ceb9260eaeadd63935d487186a25245ab3039785b2b4a5aca3a818d7aa248,V06,preserved,local_commit:656050cae337f96fdab3b47ec862ccae4f1c9601,outputs/helmholtz_calibrated_v1/m1/seed_00011/checkpoint_0001500.pt,Expériences antérieures M0/M1/M3/M5/M6 ; date exacte non attestée
outputs/helmholtz_calibrated_v1/m1/seed_00011/config.resolved.yaml,1366,.yaml,d8ee3a3f76709368093fe73fd95c14970524c4967cce499983eddb0a5bbdfba4,V06,preserved,local_commit:656050cae337f96fdab3b47ec862ccae4f1c9601,outputs/helmholtz_calibrated_v1/m1/seed_00011/config.resolved.yaml,Expériences antérieures M0/M1/M3/M5/M6 ; date exacte non attestée
outputs/helmholtz_calibrated_v1/m1/seed_00011/environment.json,270,.json,59e52bc612bba62a99448a8a04299bc2aa0322ae6cf893c87438016a3132b1b0,V06,preserved,local_commit:656050cae337f96fdab3b47ec862ccae4f1c9601,outputs/helmholtz_calibrated_v1/m1/seed_00011/environment.json,Expériences antérieures M0/M1/M3/M5/M6 ; date exacte non attestée
outputs/helmholtz_calibrated_v1/m1/seed_00011/metrics.csv,11105,.csv,a71264db421e73f4d43fc3082e61c472e6bab8856fccf2c52b299a5a053c602d,V06,preserved,local_commit:656050cae337f96fdab3b47ec862ccae4f1c9601,outputs/helmholtz_calibrated_v1/m1/seed_00011/metrics.csv,Expériences antérieures M0/M1/M3/M5/M6 ; date exacte non attestée
outputs/helmholtz_calibrated_v1/m1/seed_00011/model.pt,61605,.pt,51b023f06d1f24410faf840dfac5a0069c5a8384a4dd42606ca6500bb407e7f7,V06,preserved,local_commit:656050cae337f96fdab3b47ec862ccae4f1c9601,outputs/helmholtz_calibrated_v1/m1/seed_00011/model.pt,Expériences antérieures M0/M1/M3/M5/M6 ; date exacte non attestée
outputs/helmholtz_calibrated_v1/m1/seed_00011/summary.json,2700,.json,27b836e8e1d8f4af762fba8c67b543886d069562228713c2b786431ec58f0840,V06,preserved,local_commit:656050cae337f96fdab3b47ec862ccae4f1c9601,outputs/helmholtz_calibrated_v1/m1/seed_00011/summary.json,Expériences antérieures M0/M1/M3/M5/M6 ; date exacte non attestée
outputs/helmholtz_calibrated_v1/m1/seed_00022/checkpoint_0001500.pt,62453,.pt,ed670db36ef32acc1c920d88585e1454cc837205ab846dca9d3a4f9abd9c256c,V06,preserved,local_commit:656050cae337f96fdab3b47ec862ccae4f1c9601,outputs/helmholtz_calibrated_v1/m1/seed_00022/checkpoint_0001500.pt,Expériences antérieures M0/M1/M3/M5/M6 ; date exacte non attestée
outputs/helmholtz_calibrated_v1/m1/seed_00022/config.resolved.yaml,1366,.yaml,5f50ab8dc10706506faee9a625cb834e28cbde2651d8c3acbfe15cf16874cca3,V06,preserved,local_commit:656050cae337f96fdab3b47ec862ccae4f1c9601,outputs/helmholtz_calibrated_v1/m1/seed_00022/config.resolved.yaml,Expériences antérieures M0/M1/M3/M5/M6 ; date exacte non attestée
outputs/helmholtz_calibrated_v1/m1/seed_00022/environment.json,270,.json,59e52bc612bba62a99448a8a04299bc2aa0322ae6cf893c87438016a3132b1b0,V06,preserved,local_commit:656050cae337f96fdab3b47ec862ccae4f1c9601,outputs/helmholtz_calibrated_v1/m1/seed_00022/environment.json,Expériences antérieures M0/M1/M3/M5/M6 ; date exacte non attestée
outputs/helmholtz_calibrated_v1/m1/seed_00022/metrics.csv,11156,.csv,9a63cb8a07e480e95031a104699677bdff024e0f4ee2880659a779cc22c9fc4b,V06,preserved,local_commit:656050cae337f96fdab3b47ec862ccae4f1c9601,outputs/helmholtz_calibrated_v1/m1/seed_00022/metrics.csv,Expériences antérieures M0/M1/M3/M5/M6 ; date exacte non attestée
outputs/helmholtz_calibrated_v1/m1/seed_00022/model.pt,61605,.pt,cc469c1153dac3a251ed34855e020ce43740aeb3906a55220f64dad814fb49d3,V06,preserved,local_commit:656050cae337f96fdab3b47ec862ccae4f1c9601,outputs/helmholtz_calibrated_v1/m1/seed_00022/model.pt,Expériences antérieures M0/M1/M3/M5/M6 ; date exacte non attestée
outputs/helmholtz_calibrated_v1/m1/seed_00022/summary.json,2701,.json,a5475ead6544eed57c8ca1be59c3abeedd0396d3105ab916654c3ea64d702602,V06,preserved,local_commit:656050cae337f96fdab3b47ec862ccae4f1c9601,outputs/helmholtz_calibrated_v1/m1/seed_00022/summary.json,Expériences antérieures M0/M1/M3/M5/M6 ; date exacte non attestée
outputs/helmholtz_calibrated_v1/m1/seed_00033/checkpoint_0001500.pt,62453,.pt,6217ff9f8fa7bd1aebd3a6a1531150be4dbc2409e99e0c962a1365b64c251a5b,V06,preserved,local_commit:656050cae337f96fdab3b47ec862ccae4f1c9601,outputs/helmholtz_calibrated_v1/m1/seed_00033/checkpoint_0001500.pt,Expériences antérieures M0/M1/M3/M5/M6 ; date exacte non attestée
outputs/helmholtz_calibrated_v1/m1/seed_00033/config.resolved.yaml,1366,.yaml,1794b09fda63fa75389eaa63fe92b64b294305b79790b6d24f61cc54eab7563e,V06,preserved,local_commit:656050cae337f96fdab3b47ec862ccae4f1c9601,outputs/helmholtz_calibrated_v1/m1/seed_00033/config.resolved.yaml,Expériences antérieures M0/M1/M3/M5/M6 ; date exacte non attestée
outputs/helmholtz_calibrated_v1/m1/seed_00033/environment.json,270,.json,59e52bc612bba62a99448a8a04299bc2aa0322ae6cf893c87438016a3132b1b0,V06,preserved,local_commit:656050cae337f96fdab3b47ec862ccae4f1c9601,outputs/helmholtz_calibrated_v1/m1/seed_00033/environment.json,Expériences antérieures M0/M1/M3/M5/M6 ; date exacte non attestée
outputs/helmholtz_calibrated_v1/m1/seed_00033/metrics.csv,11109,.csv,518ca5912067ea3110b8ce0a9642c6ba99a8c7afffec36c2be57c4e95a7e7bd4,V06,preserved,local_commit:656050cae337f96fdab3b47ec862ccae4f1c9601,outputs/helmholtz_calibrated_v1/m1/seed_00033/metrics.csv,Expériences antérieures M0/M1/M3/M5/M6 ; date exacte non attestée
outputs/helmholtz_calibrated_v1/m1/seed_00033/model.pt,61605,.pt,96cb90222105b1537e9ed4f2c39aeb95fcd9ee53d8cc5390fd8df4deea801318,V06,preserved,local_commit:656050cae337f96fdab3b47ec862ccae4f1c9601,outputs/helmholtz_calibrated_v1/m1/seed_00033/model.pt,Expériences antérieures M0/M1/M3/M5/M6 ; date exacte non attestée
outputs/helmholtz_calibrated_v1/m1/seed_00033/summary.json,2701,.json,408e2051794f301eca33b54974624bb80df3e222b65fc367b6e3c9fdaf915c18,V06,preserved,local_commit:656050cae337f96fdab3b47ec862ccae4f1c9601,outputs/helmholtz_calibrated_v1/m1/seed_00033/summary.json,Expériences antérieures M0/M1/M3/M5/M6 ; date exacte non attestée
outputs/helmholtz_calibrated_v1/m1/seed_00044/checkpoint_0001500.pt,62453,.pt,de5a4a29e081622857b290a92a51e7cc032f26f513c9c789802411ab5c2068d1,V06,preserved,local_commit:656050cae337f96fdab3b47ec862ccae4f1c9601,outputs/helmholtz_calibrated_v1/m1/seed_00044/checkpoint_0001500.pt,Expériences antérieures M0/M1/M3/M5/M6 ; date exacte non attestée
outputs/helmholtz_calibrated_v1/m1/seed_00044/config.resolved.yaml,1366,.yaml,cb3cb679ed20fe65fde0ae7d1c9dfbec80f12689caa71c516416a21f77bbe815,V06,preserved,local_commit:656050cae337f96fdab3b47ec862ccae4f1c9601,outputs/helmholtz_calibrated_v1/m1/seed_00044/config.resolved.yaml,Expériences antérieures M0/M1/M3/M5/M6 ; date exacte non attestée
outputs/helmholtz_calibrated_v1/m1/seed_00044/environment.json,270,.json,59e52bc612bba62a99448a8a04299bc2aa0322ae6cf893c87438016a3132b1b0,V06,preserved,local_commit:656050cae337f96fdab3b47ec862ccae4f1c9601,outputs/helmholtz_calibrated_v1/m1/seed_00044/environment.json,Expériences antérieures M0/M1/M3/M5/M6 ; date exacte non attestée
outputs/helmholtz_calibrated_v1/m1/seed_00044/metrics.csv,11165,.csv,9ef5f921a98e6f3beece55bf812db5e630c07b36b07dd990e8c22341ffb14ee0,V06,preserved,local_commit:656050cae337f96fdab3b47ec862ccae4f1c9601,outputs/helmholtz_calibrated_v1/m1/seed_00044/metrics.csv,Expériences antérieures M0/M1/M3/M5/M6 ; date exacte non attestée
outputs/helmholtz_calibrated_v1/m1/seed_00044/model.pt,61605,.pt,f0db8c5aeda64cf751ef34c64bbe06395402ebc6bd7d5ec4e89eb5b56dc10043,V06,preserved,local_commit:656050cae337f96fdab3b47ec862ccae4f1c9601,outputs/helmholtz_calibrated_v1/m1/seed_00044/model.pt,Expériences antérieures M0/M1/M3/M5/M6 ; date exacte non attestée
outputs/helmholtz_calibrated_v1/m1/seed_00044/summary.json,2704,.json,1630cb4c3114e4724cfb23aef9b5814b399614028f10b4100f08bf18116f2841,V06,preserved,local_commit:656050cae337f96fdab3b47ec862ccae4f1c9601,outputs/helmholtz_calibrated_v1/m1/seed_00044/summary.json,Expériences antérieures M0/M1/M3/M5/M6 ; date exacte non attestée
outputs/helmholtz_calibrated_v1/m1/seed_00055/checkpoint_0001500.pt,62453,.pt,9e059c58674afb5c76e34474a38bee7b00354d37998f1b4c00a8c64a6cc4154b,V06,preserved,local_commit:656050cae337f96fdab3b47ec862ccae4f1c9601,outputs/helmholtz_calibrated_v1/m1/seed_00055/checkpoint_0001500.pt,Expériences antérieures M0/M1/M3/M5/M6 ; date exacte non attestée
outputs/helmholtz_calibrated_v1/m1/seed_00055/config.resolved.yaml,1366,.yaml,2af8bf03d3ce3ce0e25a87606099a74152b07c9c08ab266aa692e19c8821247d,V06,preserved,local_commit:656050cae337f96fdab3b47ec862ccae4f1c9601,outputs/helmholtz_calibrated_v1/m1/seed_00055/config.resolved.yaml,Expériences antérieures M0/M1/M3/M5/M6 ; date exacte non attestée
outputs/helmholtz_calibrated_v1/m1/seed_00055/environment.json,270,.json,59e52bc612bba62a99448a8a04299bc2aa0322ae6cf893c87438016a3132b1b0,V06,preserved,local_commit:656050cae337f96fdab3b47ec862ccae4f1c9601,outputs/helmholtz_calibrated_v1/m1/seed_00055/environment.json,Expériences antérieures M0/M1/M3/M5/M6 ; date exacte non attestée
outputs/helmholtz_calibrated_v1/m1/seed_00055/metrics.csv,11119,.csv,fb7b5d53a7320288c347ff91e8afdaa8059fb9a93eeda04a2e6a2f86a0f1d62d,V06,preserved,local_commit:656050cae337f96fdab3b47ec862ccae4f1c9601,outputs/helmholtz_calibrated_v1/m1/seed_00055/metrics.csv,Expériences antérieures M0/M1/M3/M5/M6 ; date exacte non attestée
outputs/helmholtz_calibrated_v1/m1/seed_00055/model.pt,61605,.pt,d8a75caf67bf4971f96c7edbfa0f0d48a984b94f7658a87200ba34382ef55134,V06,preserved,local_commit:656050cae337f96fdab3b47ec862ccae4f1c9601,outputs/helmholtz_calibrated_v1/m1/seed_00055/model.pt,Expériences antérieures M0/M1/M3/M5/M6 ; date exacte non attestée
outputs/helmholtz_calibrated_v1/m1/seed_00055/summary.json,2706,.json,29a0295a77c0787cdbd2267ccacfa6b7057606af21c0b8da6942aad9ca061ecd,V06,preserved,local_commit:656050cae337f96fdab3b47ec862ccae4f1c9601,outputs/helmholtz_calibrated_v1/m1/seed_00055/summary.json,Expériences antérieures M0/M1/M3/M5/M6 ; date exacte non attestée
outputs/helmholtz_calibrated_v1/m1/seed_00066/checkpoint_0001500.pt,62453,.pt,af8ff6bd03276e36efb78c9e41f7b4844d487b355d7bb904cae18477728b24aa,V06,preserved,local_commit:656050cae337f96fdab3b47ec862ccae4f1c9601,outputs/helmholtz_calibrated_v1/m1/seed_00066/checkpoint_0001500.pt,Expériences antérieures M0/M1/M3/M5/M6 ; date exacte non attestée
outputs/helmholtz_calibrated_v1/m1/seed_00066/config.resolved.yaml,1366,.yaml,7283fac65e5ca6edda9ec3e8361be74bbf78bd0604e9807f134765f2156678a6,V06,preserved,local_commit:656050cae337f96fdab3b47ec862ccae4f1c9601,outputs/helmholtz_calibrated_v1/m1/seed_00066/config.resolved.yaml,Expériences antérieures M0/M1/M3/M5/M6 ; date exacte non attestée
outputs/helmholtz_calibrated_v1/m1/seed_00066/environment.json,270,.json,59e52bc612bba62a99448a8a04299bc2aa0322ae6cf893c87438016a3132b1b0,V06,preserved,local_commit:656050cae337f96fdab3b47ec862ccae4f1c9601,outputs/helmholtz_calibrated_v1/m1/seed_00066/environment.json,Expériences antérieures M0/M1/M3/M5/M6 ; date exacte non attestée
outputs/helmholtz_calibrated_v1/m1/seed_00066/metrics.csv,11130,.csv,effa065c27a7545dd1de13a276cc7f5a823795fa621eadb9324b28bf9edb47e1,V06,preserved,local_commit:656050cae337f96fdab3b47ec862ccae4f1c9601,outputs/helmholtz_calibrated_v1/m1/seed_00066/metrics.csv,Expériences antérieures M0/M1/M3/M5/M6 ; date exacte non attestée
outputs/helmholtz_calibrated_v1/m1/seed_00066/model.pt,61605,.pt,a39dadd0f831f9863702339d6cd9e09e4cad6d07dc217c19b6f1fb37a480ae9a,V06,preserved,local_commit:656050cae337f96fdab3b47ec862ccae4f1c9601,outputs/helmholtz_calibrated_v1/m1/seed_00066/model.pt,Expériences antérieures M0/M1/M3/M5/M6 ; date exacte non attestée
outputs/helmholtz_calibrated_v1/m1/seed_00066/summary.json,2706,.json,4996da6599649b9fca33b17ca29f2b7df007a2b8b3e6db748acc385b4189c4f5,V06,preserved,local_commit:656050cae337f96fdab3b47ec862ccae4f1c9601,outputs/helmholtz_calibrated_v1/m1/seed_00066/summary.json,Expériences antérieures M0/M1/M3/M5/M6 ; date exacte non attestée
outputs/helmholtz_calibrated_v1/m1/seed_00077/checkpoint_0001500.pt,62453,.pt,92c9fc0a64d1829c3e9929be878182b2e7cad2610cb247403d14fd37c2388ab3,V06,preserved,local_commit:656050cae337f96fdab3b47ec862ccae4f1c9601,outputs/helmholtz_calibrated_v1/m1/seed_00077/checkpoint_0001500.pt,Expériences antérieures M0/M1/M3/M5/M6 ; date exacte non attestée
outputs/helmholtz_calibrated_v1/m1/seed_00077/config.resolved.yaml,1366,.yaml,b85fc2537a83e4c25f1c7ca1bde028d6fe00c564274df884659fef5e96836c11,V06,preserved,local_commit:656050cae337f96fdab3b47ec862ccae4f1c9601,outputs/helmholtz_calibrated_v1/m1/seed_00077/config.resolved.yaml,Expériences antérieures M0/M1/M3/M5/M6 ; date exacte non attestée
outputs/helmholtz_calibrated_v1/m1/seed_00077/environment.json,270,.json,59e52bc612bba62a99448a8a04299bc2aa0322ae6cf893c87438016a3132b1b0,V06,preserved,local_commit:656050cae337f96fdab3b47ec862ccae4f1c9601,outputs/helmholtz_calibrated_v1/m1/seed_00077/environment.json,Expériences antérieures M0/M1/M3/M5/M6 ; date exacte non attestée
outputs/helmholtz_calibrated_v1/m1/seed_00077/metrics.csv,11114,.csv,a5b2eb46205a3efc9855d3b8e9feb5db6148d9b0babc6dbc340e60e094302bb1,V06,preserved,local_commit:656050cae337f96fdab3b47ec862ccae4f1c9601,outputs/helmholtz_calibrated_v1/m1/seed_00077/metrics.csv,Expériences antérieures M0/M1/M3/M5/M6 ; date exacte non attestée
outputs/helmholtz_calibrated_v1/m1/seed_00077/model.pt,61605,.pt,6b17d1ad87e1b9538efeae450a71df9eaca19f44ff13f94e5a38f540244e4ce1,V06,preserved,local_commit:656050cae337f96fdab3b47ec862ccae4f1c9601,outputs/helmholtz_calibrated_v1/m1/seed_00077/model.pt,Expériences antérieures M0/M1/M3/M5/M6 ; date exacte non attestée
outputs/helmholtz_calibrated_v1/m1/seed_00077/summary.json,2699,.json,d15c1a7d8106bb6f4ea6bb799292e65acf882b1da63a078beb3d2815607f97e7,V06,preserved,local_commit:656050cae337f96fdab3b47ec862ccae4f1c9601,outputs/helmholtz_calibrated_v1/m1/seed_00077/summary.json,Expériences antérieures M0/M1/M3/M5/M6 ; date exacte non attestée
outputs/helmholtz_calibrated_v1/m1/seed_00088/checkpoint_0001500.pt,62453,.pt,1e8d8d6b18be7bc7ab5d5154a0b627afafc45097f968f8560140984676817c47,V06,preserved,local_commit:656050cae337f96fdab3b47ec862ccae4f1c9601,outputs/helmholtz_calibrated_v1/m1/seed_00088/checkpoint_0001500.pt,Expériences antérieures M0/M1/M3/M5/M6 ; date exacte non attestée
outputs/helmholtz_calibrated_v1/m1/seed_00088/config.resolved.yaml,1366,.yaml,adbc547fee4c7fcad395f08252c38bea846f4361d9aeea1edfd9cab9f28b3eff,V06,preserved,local_commit:656050cae337f96fdab3b47ec862ccae4f1c9601,outputs/helmholtz_calibrated_v1/m1/seed_00088/config.resolved.yaml,Expériences antérieures M0/M1/M3/M5/M6 ; date exacte non attestée
outputs/helmholtz_calibrated_v1/m1/seed_00088/environment.json,270,.json,59e52bc612bba62a99448a8a04299bc2aa0322ae6cf893c87438016a3132b1b0,V06,preserved,local_commit:656050cae337f96fdab3b47ec862ccae4f1c9601,outputs/helmholtz_calibrated_v1/m1/seed_00088/environment.json,Expériences antérieures M0/M1/M3/M5/M6 ; date exacte non attestée
outputs/helmholtz_calibrated_v1/m1/seed_00088/metrics.csv,11158,.csv,937bd1b6d08f73c5e2fec891501a7a73dd86ba3f13f0963d34ed770195b6d17d,V06,preserved,local_commit:656050cae337f96fdab3b47ec862ccae4f1c9601,outputs/helmholtz_calibrated_v1/m1/seed_00088/metrics.csv,Expériences antérieures M0/M1/M3/M5/M6 ; date exacte non attestée
outputs/helmholtz_calibrated_v1/m1/seed_00088/model.pt,61605,.pt,d89293fbf5ae77c32557e1eb8f57b6400220d17b119738baea66ab6c8669c918,V06,preserved,local_commit:656050cae337f96fdab3b47ec862ccae4f1c9601,outputs/helmholtz_calibrated_v1/m1/seed_00088/model.pt,Expériences antérieures M0/M1/M3/M5/M6 ; date exacte non attestée
outputs/helmholtz_calibrated_v1/m1/seed_00088/summary.json,2703,.json,88d2b1ad0c7d923a3f9e99ac1c0072b4a7a41a0a25e1dc89d8f59c7a9fbb71d4,V06,preserved,local_commit:656050cae337f96fdab3b47ec862ccae4f1c9601,outputs/helmholtz_calibrated_v1/m1/seed_00088/summary.json,Expériences antérieures M0/M1/M3/M5/M6 ; date exacte non attestée
outputs/helmholtz_calibrated_v1/m1/seed_00099/checkpoint_0001500.pt,62453,.pt,59ff68075a222fe55eea15bcc260d92accdb2034e9b3d3ff1b32691e511cebd4,V06,preserved,local_commit:656050cae337f96fdab3b47ec862ccae4f1c9601,outputs/helmholtz_calibrated_v1/m1/seed_00099/checkpoint_0001500.pt,Expériences antérieures M0/M1/M3/M5/M6 ; date exacte non attestée
outputs/helmholtz_calibrated_v1/m1/seed_00099/config.resolved.yaml,1366,.yaml,07f20c25329a07c702768c64a6a2c080a1f1a93aa55f37962932c5d4bf76d370,V06,preserved,local_commit:656050cae337f96fdab3b47ec862ccae4f1c9601,outputs/helmholtz_calibrated_v1/m1/seed_00099/config.resolved.yaml,Expériences antérieures M0/M1/M3/M5/M6 ; date exacte non attestée
outputs/helmholtz_calibrated_v1/m1/seed_00099/environment.json,270,.json,59e52bc612bba62a99448a8a04299bc2aa0322ae6cf893c87438016a3132b1b0,V06,preserved,local_commit:656050cae337f96fdab3b47ec862ccae4f1c9601,outputs/helmholtz_calibrated_v1/m1/seed_00099/environment.json,Expériences antérieures M0/M1/M3/M5/M6 ; date exacte non attestée
outputs/helmholtz_calibrated_v1/m1/seed_00099/metrics.csv,11154,.csv,50a4474225ab16208d9794b67cd0544272d23543205afd160e42f21a3dfffac1,V06,preserved,local_commit:656050cae337f96fdab3b47ec862ccae4f1c9601,outputs/helmholtz_calibrated_v1/m1/seed_00099/metrics.csv,Expériences antérieures M0/M1/M3/M5/M6 ; date exacte non attestée
outputs/helmholtz_calibrated_v1/m1/seed_00099/model.pt,61605,.pt,002af0d3728783b5385e4320c74cd310fd06b6a1077b66793c018f34d4ef3632,V06,preserved,local_commit:656050cae337f96fdab3b47ec862ccae4f1c9601,outputs/helmholtz_calibrated_v1/m1/seed_00099/model.pt,Expériences antérieures M0/M1/M3/M5/M6 ; date exacte non attestée
outputs/helmholtz_calibrated_v1/m1/seed_00099/summary.json,2702,.json,38b3ba1f727a1376efae61b7837170d34779d7f912c1aeafeb09963b7874f25e,V06,preserved,local_commit:656050cae337f96fdab3b47ec862ccae4f1c9601,outputs/helmholtz_calibrated_v1/m1/seed_00099/summary.json,Expériences antérieures M0/M1/M3/M5/M6 ; date exacte non attestée
outputs/helmholtz_calibrated_v1/m1/seed_00111/checkpoint_0001500.pt,62453,.pt,680392759b43bd44907d8a2e7f8c3f21953038d82a152d682cac3f078c704e51,V06,preserved,local_commit:656050cae337f96fdab3b47ec862ccae4f1c9601,outputs/helmholtz_calibrated_v1/m1/seed_00111/checkpoint_0001500.pt,Expériences antérieures M0/M1/M3/M5/M6 ; date exacte non attestée
outputs/helmholtz_calibrated_v1/m1/seed_00111/config.resolved.yaml,1367,.yaml,dda8f5b18f4078069e5d64754b31d81dfdc58e6b6fdb730e63b56173b5f3594e,V06,preserved,local_commit:656050cae337f96fdab3b47ec862ccae4f1c9601,outputs/helmholtz_calibrated_v1/m1/seed_00111/config.resolved.yaml,Expériences antérieures M0/M1/M3/M5/M6 ; date exacte non attestée
outputs/helmholtz_calibrated_v1/m1/seed_00111/environment.json,270,.json,59e52bc612bba62a99448a8a04299bc2aa0322ae6cf893c87438016a3132b1b0,V06,preserved,local_commit:656050cae337f96fdab3b47ec862ccae4f1c9601,outputs/helmholtz_calibrated_v1/m1/seed_00111/environment.json,Expériences antérieures M0/M1/M3/M5/M6 ; date exacte non attestée
outputs/helmholtz_calibrated_v1/m1/seed_00111/metrics.csv,11151,.csv,f28b76d6a35d2379fd7bf8018372d5026629001a601164708fd261440e8b88f2,V06,preserved,local_commit:656050cae337f96fdab3b47ec862ccae4f1c9601,outputs/helmholtz_calibrated_v1/m1/seed_00111/metrics.csv,Expériences antérieures M0/M1/M3/M5/M6 ; date exacte non attestée
outputs/helmholtz_calibrated_v1/m1/seed_00111/model.pt,61605,.pt,ad1aa6e8557f1c149b5563879ebbabb84b908ae3880920f1f80a9836f4aa9ba0,V06,preserved,local_commit:656050cae337f96fdab3b47ec862ccae4f1c9601,outputs/helmholtz_calibrated_v1/m1/seed_00111/model.pt,Expériences antérieures M0/M1/M3/M5/M6 ; date exacte non attestée
outputs/helmholtz_calibrated_v1/m1/seed_00111/summary.json,2703,.json,6335c5cfd2ef969824bb2d48a7186f53062aefe5c150edeb64c29106df64fdf0,V06,preserved,local_commit:656050cae337f96fdab3b47ec862ccae4f1c9601,outputs/helmholtz_calibrated_v1/m1/seed_00111/summary.json,Expériences antérieures M0/M1/M3/M5/M6 ; date exacte non attestée
outputs/helmholtz_calibrated_v1/m3/seed_00011/checkpoint_0001500.pt,62453,.pt,6b9c233818ca5d2beae2a0bb3827596eee7fe8b257a71b890ba637a88b9879e6,V06,preserved,local_commit:656050cae337f96fdab3b47ec862ccae4f1c9601,outputs/helmholtz_calibrated_v1/m3/seed_00011/checkpoint_0001500.pt,Expériences antérieures M0/M1/M3/M5/M6 ; date exacte non attestée
outputs/helmholtz_calibrated_v1/m3/seed_00011/config.resolved.yaml,1366,.yaml,b50b543a3e0f10e56595b772d5a26e13cab99374f9b0944336c1a84cae6cdbbb,V06,preserved,local_commit:656050cae337f96fdab3b47ec862ccae4f1c9601,outputs/helmholtz_calibrated_v1/m3/seed_00011/config.resolved.yaml,Expériences antérieures M0/M1/M3/M5/M6 ; date exacte non attestée
outputs/helmholtz_calibrated_v1/m3/seed_00011/environment.json,270,.json,59e52bc612bba62a99448a8a04299bc2aa0322ae6cf893c87438016a3132b1b0,V06,preserved,local_commit:656050cae337f96fdab3b47ec862ccae4f1c9601,outputs/helmholtz_calibrated_v1/m3/seed_00011/environment.json,Expériences antérieures M0/M1/M3/M5/M6 ; date exacte non attestée
outputs/helmholtz_calibrated_v1/m3/seed_00011/metrics.csv,10322,.csv,bd14b4035a6a634a0b86f36116bd0a5fefcf74a67aa39380ab5d07597e0fc9c4,V06,preserved,local_commit:656050cae337f96fdab3b47ec862ccae4f1c9601,outputs/helmholtz_calibrated_v1/m3/seed_00011/metrics.csv,Expériences antérieures M0/M1/M3/M5/M6 ; date exacte non attestée
outputs/helmholtz_calibrated_v1/m3/seed_00011/model.pt,61605,.pt,bac39a158f42fe400ae17f8d13ea20fe9d24749a25690c10c86afb7dbcb39812,V06,preserved,local_commit:656050cae337f96fdab3b47ec862ccae4f1c9601,outputs/helmholtz_calibrated_v1/m3/seed_00011/model.pt,Expériences antérieures M0/M1/M3/M5/M6 ; date exacte non attestée
outputs/helmholtz_calibrated_v1/m3/seed_00011/summary.json,2667,.json,b94dcb405fa263590179a00ed2353a5785d4b2ed33eae5b8061781937a0c5cce,V06,preserved,local_commit:656050cae337f96fdab3b47ec862ccae4f1c9601,outputs/helmholtz_calibrated_v1/m3/seed_00011/summary.json,Expériences antérieures M0/M1/M3/M5/M6 ; date exacte non attestée
outputs/helmholtz_calibrated_v1/m3/seed_00022/checkpoint_0001500.pt,62453,.pt,6e9b9739c0e9e4b838aa2185569cb1fd2b466f39f15aa96ab1bf1ba560f26114,V06,preserved,local_commit:656050cae337f96fdab3b47ec862ccae4f1c9601,outputs/helmholtz_calibrated_v1/m3/seed_00022/checkpoint_0001500.pt,Expériences antérieures M0/M1/M3/M5/M6 ; date exacte non attestée
outputs/helmholtz_calibrated_v1/m3/seed_00022/config.resolved.yaml,1366,.yaml,28d424f7c14d178af16d3e56e872308bb8b3a68c57e80c86ae971ac361d7b918,V06,preserved,local_commit:656050cae337f96fdab3b47ec862ccae4f1c9601,outputs/helmholtz_calibrated_v1/m3/seed_00022/config.resolved.yaml,Expériences antérieures M0/M1/M3/M5/M6 ; date exacte non attestée
outputs/helmholtz_calibrated_v1/m3/seed_00022/environment.json,270,.json,59e52bc612bba62a99448a8a04299bc2aa0322ae6cf893c87438016a3132b1b0,V06,preserved,local_commit:656050cae337f96fdab3b47ec862ccae4f1c9601,outputs/helmholtz_calibrated_v1/m3/seed_00022/environment.json,Expériences antérieures M0/M1/M3/M5/M6 ; date exacte non attestée
outputs/helmholtz_calibrated_v1/m3/seed_00022/metrics.csv,10292,.csv,c5e70429b8bc5a258b6a581d789ac13971f846f224feb10aa9325f8df7fa1ee7,V06,preserved,local_commit:656050cae337f96fdab3b47ec862ccae4f1c9601,outputs/helmholtz_calibrated_v1/m3/seed_00022/metrics.csv,Expériences antérieures M0/M1/M3/M5/M6 ; date exacte non attestée
outputs/helmholtz_calibrated_v1/m3/seed_00022/model.pt,61605,.pt,92a0d03cd354697567413fb519b499572b862cbd0dce61e8e686badd1626332f,V06,preserved,local_commit:656050cae337f96fdab3b47ec862ccae4f1c9601,outputs/helmholtz_calibrated_v1/m3/seed_00022/model.pt,Expériences antérieures M0/M1/M3/M5/M6 ; date exacte non attestée
outputs/helmholtz_calibrated_v1/m3/seed_00022/summary.json,2670,.json,c50440df896c7212aff8deff773190441443e633f0e7cb6c8e5bf849395cb2c4,V06,preserved,local_commit:656050cae337f96fdab3b47ec862ccae4f1c9601,outputs/helmholtz_calibrated_v1/m3/seed_00022/summary.json,Expériences antérieures M0/M1/M3/M5/M6 ; date exacte non attestée
outputs/helmholtz_calibrated_v1/m3/seed_00033/checkpoint_0001500.pt,62453,.pt,af6f2e6f7df86efee30240b734baeb55b9a693b09338ac1a07e14a44d6476a4a,V06,preserved,local_commit:656050cae337f96fdab3b47ec862ccae4f1c9601,outputs/helmholtz_calibrated_v1/m3/seed_00033/checkpoint_0001500.pt,Expériences antérieures M0/M1/M3/M5/M6 ; date exacte non attestée
outputs/helmholtz_calibrated_v1/m3/seed_00033/config.resolved.yaml,1366,.yaml,d55174b4cbf982f8f34b347d76ba2136376facf21aad4512ebb9872d086ab3fc,V06,preserved,local_commit:656050cae337f96fdab3b47ec862ccae4f1c9601,outputs/helmholtz_calibrated_v1/m3/seed_00033/config.resolved.yaml,Expériences antérieures M0/M1/M3/M5/M6 ; date exacte non attestée
outputs/helmholtz_calibrated_v1/m3/seed_00033/environment.json,270,.json,59e52bc612bba62a99448a8a04299bc2aa0322ae6cf893c87438016a3132b1b0,V06,preserved,local_commit:656050cae337f96fdab3b47ec862ccae4f1c9601,outputs/helmholtz_calibrated_v1/m3/seed_00033/environment.json,Expériences antérieures M0/M1/M3/M5/M6 ; date exacte non attestée
outputs/helmholtz_calibrated_v1/m3/seed_00033/metrics.csv,10259,.csv,45296acbd7c5e1d95aa6e44d3b4d56643811c180fffefefc1c8739e6189c78ea,V06,preserved,local_commit:656050cae337f96fdab3b47ec862ccae4f1c9601,outputs/helmholtz_calibrated_v1/m3/seed_00033/metrics.csv,Expériences antérieures M0/M1/M3/M5/M6 ; date exacte non attestée
outputs/helmholtz_calibrated_v1/m3/seed_00033/model.pt,61605,.pt,9daaaa22b43a64b72198cf1e3c9d25e36b11ef7708089da846022820cee640fa,V06,preserved,local_commit:656050cae337f96fdab3b47ec862ccae4f1c9601,outputs/helmholtz_calibrated_v1/m3/seed_00033/model.pt,Expériences antérieures M0/M1/M3/M5/M6 ; date exacte non attestée
outputs/helmholtz_calibrated_v1/m3/seed_00033/summary.json,2666,.json,ec5eb74e376b00e2c5d531698c9b1f2fed952c78a9a2261fdd2516bb9d38695d,V06,preserved,local_commit:656050cae337f96fdab3b47ec862ccae4f1c9601,outputs/helmholtz_calibrated_v1/m3/seed_00033/summary.json,Expériences antérieures M0/M1/M3/M5/M6 ; date exacte non attestée
outputs/helmholtz_calibrated_v1/m3/seed_00044/checkpoint_0001500.pt,62453,.pt,9c0efba512521ab0e327f9fbc78a4acfe72b8148c7a117ea6b0236376969b322,V06,preserved,local_commit:656050cae337f96fdab3b47ec862ccae4f1c9601,outputs/helmholtz_calibrated_v1/m3/seed_00044/checkpoint_0001500.pt,Expériences antérieures M0/M1/M3/M5/M6 ; date exacte non attestée
outputs/helmholtz_calibrated_v1/m3/seed_00044/config.resolved.yaml,1366,.yaml,8512ea4d1ba699c47a34b356a6408e8bd1452434b94ccf9eb7481afcbd01f341,V06,preserved,local_commit:656050cae337f96fdab3b47ec862ccae4f1c9601,outputs/helmholtz_calibrated_v1/m3/seed_00044/config.resolved.yaml,Expériences antérieures M0/M1/M3/M5/M6 ; date exacte non attestée
outputs/helmholtz_calibrated_v1/m3/seed_00044/environment.json,270,.json,59e52bc612bba62a99448a8a04299bc2aa0322ae6cf893c87438016a3132b1b0,V06,preserved,local_commit:656050cae337f96fdab3b47ec862ccae4f1c9601,outputs/helmholtz_calibrated_v1/m3/seed_00044/environment.json,Expériences antérieures M0/M1/M3/M5/M6 ; date exacte non attestée
outputs/helmholtz_calibrated_v1/m3/seed_00044/metrics.csv,10306,.csv,d991aa69c495729e59c45e13c0443624628204043aa730cc52ac6ac94c23fed1,V06,preserved,local_commit:656050cae337f96fdab3b47ec862ccae4f1c9601,outputs/helmholtz_calibrated_v1/m3/seed_00044/metrics.csv,Expériences antérieures M0/M1/M3/M5/M6 ; date exacte non attestée
outputs/helmholtz_calibrated_v1/m3/seed_00044/model.pt,61605,.pt,bb89cfdafc2b8f29bd84f26b5bc9462dc813aa1559bcf3cbd555929f736282b4,V06,preserved,local_commit:656050cae337f96fdab3b47ec862ccae4f1c9601,outputs/helmholtz_calibrated_v1/m3/seed_00044/model.pt,Expériences antérieures M0/M1/M3/M5/M6 ; date exacte non attestée
outputs/helmholtz_calibrated_v1/m3/seed_00044/summary.json,2671,.json,1b18a03db3f76af0367ae9f211b9efe1620ccc993993f5331d03e415ec7f29fd,V06,preserved,local_commit:656050cae337f96fdab3b47ec862ccae4f1c9601,outputs/helmholtz_calibrated_v1/m3/seed_00044/summary.json,Expériences antérieures M0/M1/M3/M5/M6 ; date exacte non attestée
outputs/helmholtz_calibrated_v1/m3/seed_00055/checkpoint_0001500.pt,62453,.pt,5d4591b633c0de8632f0205b7c6909767c97e8ffa2a2a20fa9de6d9573321814,V06,preserved,local_commit:656050cae337f96fdab3b47ec862ccae4f1c9601,outputs/helmholtz_calibrated_v1/m3/seed_00055/checkpoint_0001500.pt,Expériences antérieures M0/M1/M3/M5/M6 ; date exacte non attestée
outputs/helmholtz_calibrated_v1/m3/seed_00055/config.resolved.yaml,1366,.yaml,c1e1863b84a25536b4e2711c2a7ad415928ac02f844320f90a793a81f6736909,V06,preserved,local_commit:656050cae337f96fdab3b47ec862ccae4f1c9601,outputs/helmholtz_calibrated_v1/m3/seed_00055/config.resolved.yaml,Expériences antérieures M0/M1/M3/M5/M6 ; date exacte non attestée
outputs/helmholtz_calibrated_v1/m3/seed_00055/environment.json,270,.json,59e52bc612bba62a99448a8a04299bc2aa0322ae6cf893c87438016a3132b1b0,V06,preserved,local_commit:656050cae337f96fdab3b47ec862ccae4f1c9601,outputs/helmholtz_calibrated_v1/m3/seed_00055/environment.json,Expériences antérieures M0/M1/M3/M5/M6 ; date exacte non attestée
outputs/helmholtz_calibrated_v1/m3/seed_00055/metrics.csv,10290,.csv,43c9c47a1d7fad1d3af1ad8802892deab997fcb9c9843633dfd70f846c0fc687,V06,preserved,local_commit:656050cae337f96fdab3b47ec862ccae4f1c9601,outputs/helmholtz_calibrated_v1/m3/seed_00055/metrics.csv,Expériences antérieures M0/M1/M3/M5/M6 ; date exacte non attestée
outputs/helmholtz_calibrated_v1/m3/seed_00055/model.pt,61605,.pt,21776e184d64b71894d51b378cc0a08203ec81e89c58c3c45e0dac654061980d,V06,preserved,local_commit:656050cae337f96fdab3b47ec862ccae4f1c9601,outputs/helmholtz_calibrated_v1/m3/seed_00055/model.pt,Expériences antérieures M0/M1/M3/M5/M6 ; date exacte non attestée
outputs/helmholtz_calibrated_v1/m3/seed_00055/summary.json,2666,.json,35c07c834e6ce116857fb71cf7a8e9347d32ca702aaa7afa15422688e415a978,V06,preserved,local_commit:656050cae337f96fdab3b47ec862ccae4f1c9601,outputs/helmholtz_calibrated_v1/m3/seed_00055/summary.json,Expériences antérieures M0/M1/M3/M5/M6 ; date exacte non attestée
outputs/helmholtz_calibrated_v1/m3/seed_00066/checkpoint_0001500.pt,62453,.pt,40e586c37bdcb6a59aad1683b8a0b34f9f7f6e1aa4c901cf925eb0e69a7f78ef,V06,preserved,local_commit:656050cae337f96fdab3b47ec862ccae4f1c9601,outputs/helmholtz_calibrated_v1/m3/seed_00066/checkpoint_0001500.pt,Expériences antérieures M0/M1/M3/M5/M6 ; date exacte non attestée
outputs/helmholtz_calibrated_v1/m3/seed_00066/config.resolved.yaml,1366,.yaml,0c87c8aa60c697dd363b26fac003e139810df2682284c28e4ef42949b1419e6b,V06,preserved,local_commit:656050cae337f96fdab3b47ec862ccae4f1c9601,outputs/helmholtz_calibrated_v1/m3/seed_00066/config.resolved.yaml,Expériences antérieures M0/M1/M3/M5/M6 ; date exacte non attestée
outputs/helmholtz_calibrated_v1/m3/seed_00066/environment.json,270,.json,59e52bc612bba62a99448a8a04299bc2aa0322ae6cf893c87438016a3132b1b0,V06,preserved,local_commit:656050cae337f96fdab3b47ec862ccae4f1c9601,outputs/helmholtz_calibrated_v1/m3/seed_00066/environment.json,Expériences antérieures M0/M1/M3/M5/M6 ; date exacte non attestée
outputs/helmholtz_calibrated_v1/m3/seed_00066/metrics.csv,10307,.csv,933a32b30695238053c215ea270253f24c16e87065d807e531c103035ad11f1f,V06,preserved,local_commit:656050cae337f96fdab3b47ec862ccae4f1c9601,outputs/helmholtz_calibrated_v1/m3/seed_00066/metrics.csv,Expériences antérieures M0/M1/M3/M5/M6 ; date exacte non attestée
outputs/helmholtz_calibrated_v1/m3/seed_00066/model.pt,61605,.pt,fe26f2bf6296923b556e61c466c5a2638ed87229b2e4050002d62780636c0c37,V06,preserved,local_commit:656050cae337f96fdab3b47ec862ccae4f1c9601,outputs/helmholtz_calibrated_v1/m3/seed_00066/model.pt,Expériences antérieures M0/M1/M3/M5/M6 ; date exacte non attestée
outputs/helmholtz_calibrated_v1/m3/seed_00066/summary.json,2669,.json,e7db876f46bf852e5fe4e569e25730f53664b7a43cdf8f422e630dbae817450f,V06,preserved,local_commit:656050cae337f96fdab3b47ec862ccae4f1c9601,outputs/helmholtz_calibrated_v1/m3/seed_00066/summary.json,Expériences antérieures M0/M1/M3/M5/M6 ; date exacte non attestée
outputs/helmholtz_calibrated_v1/m3/seed_00077/checkpoint_0001500.pt,62453,.pt,86ed4de59ea7b5530e34eae1d91554a4145e55744b7f855cfaef3922e879e527,V06,preserved,local_commit:656050cae337f96fdab3b47ec862ccae4f1c9601,outputs/helmholtz_calibrated_v1/m3/seed_00077/checkpoint_0001500.pt,Expériences antérieures M0/M1/M3/M5/M6 ; date exacte non attestée
outputs/helmholtz_calibrated_v1/m3/seed_00077/config.resolved.yaml,1366,.yaml,2eb9abca921244181463decb651b94c15ae926d239bb5e750d8d5d45825699df,V06,preserved,local_commit:656050cae337f96fdab3b47ec862ccae4f1c9601,outputs/helmholtz_calibrated_v1/m3/seed_00077/config.resolved.yaml,Expériences antérieures M0/M1/M3/M5/M6 ; date exacte non attestée
outputs/helmholtz_calibrated_v1/m3/seed_00077/environment.json,270,.json,59e52bc612bba62a99448a8a04299bc2aa0322ae6cf893c87438016a3132b1b0,V06,preserved,local_commit:656050cae337f96fdab3b47ec862ccae4f1c9601,outputs/helmholtz_calibrated_v1/m3/seed_00077/environment.json,Expériences antérieures M0/M1/M3/M5/M6 ; date exacte non attestée
outputs/helmholtz_calibrated_v1/m3/seed_00077/metrics.csv,10313,.csv,634f109688e0edc6fa8ec2ed841d70cb35abb346de36aaeb1f1f31136c08cadb,V06,preserved,local_commit:656050cae337f96fdab3b47ec862ccae4f1c9601,outputs/helmholtz_calibrated_v1/m3/seed_00077/metrics.csv,Expériences antérieures M0/M1/M3/M5/M6 ; date exacte non attestée
outputs/helmholtz_calibrated_v1/m3/seed_00077/model.pt,61605,.pt,4782658a615a9353175b1ad09af0273686a6a3aae1cd492eab4acfca8970c846,V06,preserved,local_commit:656050cae337f96fdab3b47ec862ccae4f1c9601,outputs/helmholtz_calibrated_v1/m3/seed_00077/model.pt,Expériences antérieures M0/M1/M3/M5/M6 ; date exacte non attestée
outputs/helmholtz_calibrated_v1/m3/seed_00077/summary.json,2667,.json,cc98780dede4b6a486bc89d9f45aee8db027ff02a13fe076f94cfad88e43fb46,V06,preserved,local_commit:656050cae337f96fdab3b47ec862ccae4f1c9601,outputs/helmholtz_calibrated_v1/m3/seed_00077/summary.json,Expériences antérieures M0/M1/M3/M5/M6 ; date exacte non attestée
outputs/helmholtz_calibrated_v1/m3/seed_00088/checkpoint_0001500.pt,62453,.pt,67ee1e25f9e2a240d6de013e11991db766083971b52b897d147ddfe798b9f43c,V06,preserved,local_commit:656050cae337f96fdab3b47ec862ccae4f1c9601,outputs/helmholtz_calibrated_v1/m3/seed_00088/checkpoint_0001500.pt,Expériences antérieures M0/M1/M3/M5/M6 ; date exacte non attestée
outputs/helmholtz_calibrated_v1/m3/seed_00088/config.resolved.yaml,1366,.yaml,f3c949e4bb2f60f6d48930035b5fec631c9b6279e21bcb77e01997ee98da1236,V06,preserved,local_commit:656050cae337f96fdab3b47ec862ccae4f1c9601,outputs/helmholtz_calibrated_v1/m3/seed_00088/config.resolved.yaml,Expériences antérieures M0/M1/M3/M5/M6 ; date exacte non attestée
outputs/helmholtz_calibrated_v1/m3/seed_00088/environment.json,270,.json,59e52bc612bba62a99448a8a04299bc2aa0322ae6cf893c87438016a3132b1b0,V06,preserved,local_commit:656050cae337f96fdab3b47ec862ccae4f1c9601,outputs/helmholtz_calibrated_v1/m3/seed_00088/environment.json,Expériences antérieures M0/M1/M3/M5/M6 ; date exacte non attestée
outputs/helmholtz_calibrated_v1/m3/seed_00088/metrics.csv,10300,.csv,d3a194972e2fd13518c21d989424b5d612bc02e30aaeafd41e4610e8a3515baf,V06,preserved,local_commit:656050cae337f96fdab3b47ec862ccae4f1c9601,outputs/helmholtz_calibrated_v1/m3/seed_00088/metrics.csv,Expériences antérieures M0/M1/M3/M5/M6 ; date exacte non attestée
outputs/helmholtz_calibrated_v1/m3/seed_00088/model.pt,61605,.pt,a5196de46b4c256f285c9049fb19d2432b9fe3cf9103e9da10a3b6a49ca99575,V06,preserved,local_commit:656050cae337f96fdab3b47ec862ccae4f1c9601,outputs/helmholtz_calibrated_v1/m3/seed_00088/model.pt,Expériences antérieures M0/M1/M3/M5/M6 ; date exacte non attestée
outputs/helmholtz_calibrated_v1/m3/seed_00088/summary.json,2667,.json,c57e28112f35373a2e8d7309c9ca45389608cc1a4070329ae177ac9ad8b57f12,V06,preserved,local_commit:656050cae337f96fdab3b47ec862ccae4f1c9601,outputs/helmholtz_calibrated_v1/m3/seed_00088/summary.json,Expériences antérieures M0/M1/M3/M5/M6 ; date exacte non attestée
outputs/helmholtz_calibrated_v1/m3/seed_00099/checkpoint_0001500.pt,62453,.pt,7325c3992df279c5b9015a315812de5d2e6f929510e898caef7a522b0567e638,V06,preserved,local_commit:656050cae337f96fdab3b47ec862ccae4f1c9601,outputs/helmholtz_calibrated_v1/m3/seed_00099/checkpoint_0001500.pt,Expériences antérieures M0/M1/M3/M5/M6 ; date exacte non attestée
outputs/helmholtz_calibrated_v1/m3/seed_00099/config.resolved.yaml,1366,.yaml,0087b4070fc19110838366f224b3b9e2f25afb0286ca59f083c4983b9fd4d6a5,V06,preserved,local_commit:656050cae337f96fdab3b47ec862ccae4f1c9601,outputs/helmholtz_calibrated_v1/m3/seed_00099/config.resolved.yaml,Expériences antérieures M0/M1/M3/M5/M6 ; date exacte non attestée
outputs/helmholtz_calibrated_v1/m3/seed_00099/environment.json,270,.json,59e52bc612bba62a99448a8a04299bc2aa0322ae6cf893c87438016a3132b1b0,V06,preserved,local_commit:656050cae337f96fdab3b47ec862ccae4f1c9601,outputs/helmholtz_calibrated_v1/m3/seed_00099/environment.json,Expériences antérieures M0/M1/M3/M5/M6 ; date exacte non attestée
outputs/helmholtz_calibrated_v1/m3/seed_00099/metrics.csv,10316,.csv,a308a8f32497009a3ca92f1466265f6a55afeabf6493ca1589b545e5a8cb8fd5,V06,preserved,local_commit:656050cae337f96fdab3b47ec862ccae4f1c9601,outputs/helmholtz_calibrated_v1/m3/seed_00099/metrics.csv,Expériences antérieures M0/M1/M3/M5/M6 ; date exacte non attestée
outputs/helmholtz_calibrated_v1/m3/seed_00099/model.pt,61605,.pt,868b171b5ab8cb28657a04fcff2ffc11d74a448b2d5fb43f951ddeec2b6eb77d,V06,preserved,local_commit:656050cae337f96fdab3b47ec862ccae4f1c9601,outputs/helmholtz_calibrated_v1/m3/seed_00099/model.pt,Expériences antérieures M0/M1/M3/M5/M6 ; date exacte non attestée
outputs/helmholtz_calibrated_v1/m3/seed_00099/summary.json,2664,.json,674302ec10d35f3de94bf5e38e4deacd4369144a8943801c474dd80cd22f70fd,V06,preserved,local_commit:656050cae337f96fdab3b47ec862ccae4f1c9601,outputs/helmholtz_calibrated_v1/m3/seed_00099/summary.json,Expériences antérieures M0/M1/M3/M5/M6 ; date exacte non attestée
outputs/helmholtz_calibrated_v1/m3/seed_00111/checkpoint_0001500.pt,62453,.pt,6679a41d7e6b056368bfc0a8e9538f65c07018ae297daef418ad0e7af2eb2f33,V06,preserved,local_commit:656050cae337f96fdab3b47ec862ccae4f1c9601,outputs/helmholtz_calibrated_v1/m3/seed_00111/checkpoint_0001500.pt,Expériences antérieures M0/M1/M3/M5/M6 ; date exacte non attestée
outputs/helmholtz_calibrated_v1/m3/seed_00111/config.resolved.yaml,1367,.yaml,a7fb370f856a1f2bc36b4fdf06b4422b0eeae13bcbb67bd54b1d12414b49935f,V06,preserved,local_commit:656050cae337f96fdab3b47ec862ccae4f1c9601,outputs/helmholtz_calibrated_v1/m3/seed_00111/config.resolved.yaml,Expériences antérieures M0/M1/M3/M5/M6 ; date exacte non attestée
outputs/helmholtz_calibrated_v1/m3/seed_00111/environment.json,270,.json,59e52bc612bba62a99448a8a04299bc2aa0322ae6cf893c87438016a3132b1b0,V06,preserved,local_commit:656050cae337f96fdab3b47ec862ccae4f1c9601,outputs/helmholtz_calibrated_v1/m3/seed_00111/environment.json,Expériences antérieures M0/M1/M3/M5/M6 ; date exacte non attestée
outputs/helmholtz_calibrated_v1/m3/seed_00111/metrics.csv,10316,.csv,19683011d76077ff1333e95c5061eaa1af09b1dbabe8580d9bf366f64d8d4e8f,V06,preserved,local_commit:656050cae337f96fdab3b47ec862ccae4f1c9601,outputs/helmholtz_calibrated_v1/m3/seed_00111/metrics.csv,Expériences antérieures M0/M1/M3/M5/M6 ; date exacte non attestée
outputs/helmholtz_calibrated_v1/m3/seed_00111/model.pt,61605,.pt,1b06fbeff920e8c14948166f84ae50a5bf5b4ea0e50f1b95ced51de343a28baf,V06,preserved,local_commit:656050cae337f96fdab3b47ec862ccae4f1c9601,outputs/helmholtz_calibrated_v1/m3/seed_00111/model.pt,Expériences antérieures M0/M1/M3/M5/M6 ; date exacte non attestée
outputs/helmholtz_calibrated_v1/m3/seed_00111/summary.json,2670,.json,9267eacb37255b66245dd13d4d392d539d171844ebbac3451e483e2bfbe2d2e4,V06,preserved,local_commit:656050cae337f96fdab3b47ec862ccae4f1c9601,outputs/helmholtz_calibrated_v1/m3/seed_00111/summary.json,Expériences antérieures M0/M1/M3/M5/M6 ; date exacte non attestée
outputs/helmholtz_calibrated_v1/m5/seed_00011/checkpoint_0001500.pt,62453,.pt,81482849e9aa593ca68f8c2b38b66995e9e68dc4a4f729b0d6162e18c14000cb,V06,preserved,local_commit:656050cae337f96fdab3b47ec862ccae4f1c9601,outputs/helmholtz_calibrated_v1/m5/seed_00011/checkpoint_0001500.pt,Expériences antérieures M0/M1/M3/M5/M6 ; date exacte non attestée
outputs/helmholtz_calibrated_v1/m5/seed_00011/config.resolved.yaml,1366,.yaml,236969f3683e800e4da1a2cf9b47ac5ddb9b85e61018252560a4aa4d24956019,V06,preserved,local_commit:656050cae337f96fdab3b47ec862ccae4f1c9601,outputs/helmholtz_calibrated_v1/m5/seed_00011/config.resolved.yaml,Expériences antérieures M0/M1/M3/M5/M6 ; date exacte non attestée
outputs/helmholtz_calibrated_v1/m5/seed_00011/environment.json,270,.json,59e52bc612bba62a99448a8a04299bc2aa0322ae6cf893c87438016a3132b1b0,V06,preserved,local_commit:656050cae337f96fdab3b47ec862ccae4f1c9601,outputs/helmholtz_calibrated_v1/m5/seed_00011/environment.json,Expériences antérieures M0/M1/M3/M5/M6 ; date exacte non attestée
outputs/helmholtz_calibrated_v1/m5/seed_00011/metrics.csv,12344,.csv,bfa5710bea03d585bf21e59dc1f5c7f91fe0b84b76670fd84a4d01b5d214dbe7,V06,preserved,local_commit:656050cae337f96fdab3b47ec862ccae4f1c9601,outputs/helmholtz_calibrated_v1/m5/seed_00011/metrics.csv,Expériences antérieures M0/M1/M3/M5/M6 ; date exacte non attestée
outputs/helmholtz_calibrated_v1/m5/seed_00011/model.pt,61605,.pt,c962bf9a0f6112530751c61e62a540fc481aff32178d090b7c7870189d179d44,V06,preserved,local_commit:656050cae337f96fdab3b47ec862ccae4f1c9601,outputs/helmholtz_calibrated_v1/m5/seed_00011/model.pt,Expériences antérieures M0/M1/M3/M5/M6 ; date exacte non attestée
outputs/helmholtz_calibrated_v1/m5/seed_00011/summary.json,2757,.json,63aa230067eba593bc001f0dc57eef1696f8e82cae3c55129ed89fd321aff0ff,V06,preserved,local_commit:656050cae337f96fdab3b47ec862ccae4f1c9601,outputs/helmholtz_calibrated_v1/m5/seed_00011/summary.json,Expériences antérieures M0/M1/M3/M5/M6 ; date exacte non attestée
outputs/helmholtz_calibrated_v1/m5/seed_00022/checkpoint_0001500.pt,62453,.pt,72348efb5a0aece00a1cb4c0b8e7935c535ef4a469ae0079ad06e6a69c59d777,V06,preserved,local_commit:656050cae337f96fdab3b47ec862ccae4f1c9601,outputs/helmholtz_calibrated_v1/m5/seed_00022/checkpoint_0001500.pt,Expériences antérieures M0/M1/M3/M5/M6 ; date exacte non attestée
outputs/helmholtz_calibrated_v1/m5/seed_00022/config.resolved.yaml,1366,.yaml,d15ccfd323f9ed5c9707515c2f1bd6db1dedb90e628070f251ddaa3107704e20,V06,preserved,local_commit:656050cae337f96fdab3b47ec862ccae4f1c9601,outputs/helmholtz_calibrated_v1/m5/seed_00022/config.resolved.yaml,Expériences antérieures M0/M1/M3/M5/M6 ; date exacte non attestée
outputs/helmholtz_calibrated_v1/m5/seed_00022/environment.json,270,.json,59e52bc612bba62a99448a8a04299bc2aa0322ae6cf893c87438016a3132b1b0,V06,preserved,local_commit:656050cae337f96fdab3b47ec862ccae4f1c9601,outputs/helmholtz_calibrated_v1/m5/seed_00022/environment.json,Expériences antérieures M0/M1/M3/M5/M6 ; date exacte non attestée
outputs/helmholtz_calibrated_v1/m5/seed_00022/metrics.csv,12357,.csv,720fa78b819993516845484b854cd2382bdafa798f1c16cd4649d690c178b903,V06,preserved,local_commit:656050cae337f96fdab3b47ec862ccae4f1c9601,outputs/helmholtz_calibrated_v1/m5/seed_00022/metrics.csv,Expériences antérieures M0/M1/M3/M5/M6 ; date exacte non attestée
outputs/helmholtz_calibrated_v1/m5/seed_00022/model.pt,61605,.pt,943ba1b556b2109dce0c33d1b3b652ba74d5fe1486ca098a4a72e26eb3e0c70f,V06,preserved,local_commit:656050cae337f96fdab3b47ec862ccae4f1c9601,outputs/helmholtz_calibrated_v1/m5/seed_00022/model.pt,Expériences antérieures M0/M1/M3/M5/M6 ; date exacte non attestée
outputs/helmholtz_calibrated_v1/m5/seed_00022/summary.json,2759,.json,1eebc7dbc8df5f82af3b387544774fca039f9bf31949e705476029be64a96e04,V06,preserved,local_commit:656050cae337f96fdab3b47ec862ccae4f1c9601,outputs/helmholtz_calibrated_v1/m5/seed_00022/summary.json,Expériences antérieures M0/M1/M3/M5/M6 ; date exacte non attestée
outputs/helmholtz_calibrated_v1/m5/seed_00033/checkpoint_0001500.pt,62453,.pt,048d9f84983b05b9629b0016efbc04a2b8aea6502671da0ec07332437b342273,V06,preserved,local_commit:656050cae337f96fdab3b47ec862ccae4f1c9601,outputs/helmholtz_calibrated_v1/m5/seed_00033/checkpoint_0001500.pt,Expériences antérieures M0/M1/M3/M5/M6 ; date exacte non attestée
outputs/helmholtz_calibrated_v1/m5/seed_00033/config.resolved.yaml,1366,.yaml,394ad41966663823bc2e76073e32a4e16cef2331f7771f6450391c9b78e38b32,V06,preserved,local_commit:656050cae337f96fdab3b47ec862ccae4f1c9601,outputs/helmholtz_calibrated_v1/m5/seed_00033/config.resolved.yaml,Expériences antérieures M0/M1/M3/M5/M6 ; date exacte non attestée
outputs/helmholtz_calibrated_v1/m5/seed_00033/environment.json,270,.json,59e52bc612bba62a99448a8a04299bc2aa0322ae6cf893c87438016a3132b1b0,V06,preserved,local_commit:656050cae337f96fdab3b47ec862ccae4f1c9601,outputs/helmholtz_calibrated_v1/m5/seed_00033/environment.json,Expériences antérieures M0/M1/M3/M5/M6 ; date exacte non attestée
outputs/helmholtz_calibrated_v1/m5/seed_00033/metrics.csv,12342,.csv,d7eccdd66aa2a7195c7b1acd1db3d604da01df276546cd0f15402b91c570c4c7,V06,preserved,local_commit:656050cae337f96fdab3b47ec862ccae4f1c9601,outputs/helmholtz_calibrated_v1/m5/seed_00033/metrics.csv,Expériences antérieures M0/M1/M3/M5/M6 ; date exacte non attestée
outputs/helmholtz_calibrated_v1/m5/seed_00033/model.pt,61605,.pt,8f9b996d85e93c41f9e93753e60e1b0991e95c4e9ee2795bd6d2f6b06fbdd265,V06,preserved,local_commit:656050cae337f96fdab3b47ec862ccae4f1c9601,outputs/helmholtz_calibrated_v1/m5/seed_00033/model.pt,Expériences antérieures M0/M1/M3/M5/M6 ; date exacte non attestée
outputs/helmholtz_calibrated_v1/m5/seed_00033/summary.json,2758,.json,92b82bd62846bb25466c420c22286e75508da1b240788d9beb615a6bef89cf9b,V06,preserved,local_commit:656050cae337f96fdab3b47ec862ccae4f1c9601,outputs/helmholtz_calibrated_v1/m5/seed_00033/summary.json,Expériences antérieures M0/M1/M3/M5/M6 ; date exacte non attestée
outputs/helmholtz_calibrated_v1/m5/seed_00044/checkpoint_0001500.pt,62453,.pt,37525f3f55567dd7e27797ec4c230f6ca2752ed35428e9fbce45cc20efe1943c,V06,preserved,local_commit:656050cae337f96fdab3b47ec862ccae4f1c9601,outputs/helmholtz_calibrated_v1/m5/seed_00044/checkpoint_0001500.pt,Expériences antérieures M0/M1/M3/M5/M6 ; date exacte non attestée
outputs/helmholtz_calibrated_v1/m5/seed_00044/config.resolved.yaml,1366,.yaml,5547e399873c3bd4f8576446f603636ebaa3cb5385dc9d35a5b52df6af1cddae,V06,preserved,local_commit:656050cae337f96fdab3b47ec862ccae4f1c9601,outputs/helmholtz_calibrated_v1/m5/seed_00044/config.resolved.yaml,Expériences antérieures M0/M1/M3/M5/M6 ; date exacte non attestée
outputs/helmholtz_calibrated_v1/m5/seed_00044/environment.json,270,.json,59e52bc612bba62a99448a8a04299bc2aa0322ae6cf893c87438016a3132b1b0,V06,preserved,local_commit:656050cae337f96fdab3b47ec862ccae4f1c9601,outputs/helmholtz_calibrated_v1/m5/seed_00044/environment.json,Expériences antérieures M0/M1/M3/M5/M6 ; date exacte non attestée
outputs/helmholtz_calibrated_v1/m5/seed_00044/metrics.csv,12388,.csv,c4f2d0c2bc0f9062ec6f8384d8df8f7db26e499bf4fe7a9baa9eaee3e7f1916a,V06,preserved,local_commit:656050cae337f96fdab3b47ec862ccae4f1c9601,outputs/helmholtz_calibrated_v1/m5/seed_00044/metrics.csv,Expériences antérieures M0/M1/M3/M5/M6 ; date exacte non attestée
outputs/helmholtz_calibrated_v1/m5/seed_00044/model.pt,61605,.pt,758360a665216f24484dcd888379cc9161805248309cfc418fd3b0dd65852934,V06,preserved,local_commit:656050cae337f96fdab3b47ec862ccae4f1c9601,outputs/helmholtz_calibrated_v1/m5/seed_00044/model.pt,Expériences antérieures M0/M1/M3/M5/M6 ; date exacte non attestée
outputs/helmholtz_calibrated_v1/m5/seed_00044/summary.json,2760,.json,a4a5477fbbdd152e46d730b51987b5397bc14e7eb48b2cd8b82f69240a8f2711,V06,preserved,local_commit:656050cae337f96fdab3b47ec862ccae4f1c9601,outputs/helmholtz_calibrated_v1/m5/seed_00044/summary.json,Expériences antérieures M0/M1/M3/M5/M6 ; date exacte non attestée
outputs/helmholtz_calibrated_v1/m5/seed_00055/checkpoint_0001500.pt,62453,.pt,97a0e27402a30a50c023e3a0ad993673f4a92cf9ff710e5868135762422ffb7e,V06,preserved,local_commit:656050cae337f96fdab3b47ec862ccae4f1c9601,outputs/helmholtz_calibrated_v1/m5/seed_00055/checkpoint_0001500.pt,Expériences antérieures M0/M1/M3/M5/M6 ; date exacte non attestée
outputs/helmholtz_calibrated_v1/m5/seed_00055/config.resolved.yaml,1366,.yaml,4f9ef863c854145c4b47865c6f03bb345892c8164518747b558bec1b60363b06,V06,preserved,local_commit:656050cae337f96fdab3b47ec862ccae4f1c9601,outputs/helmholtz_calibrated_v1/m5/seed_00055/config.resolved.yaml,Expériences antérieures M0/M1/M3/M5/M6 ; date exacte non attestée
outputs/helmholtz_calibrated_v1/m5/seed_00055/environment.json,270,.json,59e52bc612bba62a99448a8a04299bc2aa0322ae6cf893c87438016a3132b1b0,V06,preserved,local_commit:656050cae337f96fdab3b47ec862ccae4f1c9601,outputs/helmholtz_calibrated_v1/m5/seed_00055/environment.json,Expériences antérieures M0/M1/M3/M5/M6 ; date exacte non attestée
outputs/helmholtz_calibrated_v1/m5/seed_00055/metrics.csv,12352,.csv,28cbf763d268c926983e2f57a52411270e360972812e9ba9e527236dc23c08da,V06,preserved,local_commit:656050cae337f96fdab3b47ec862ccae4f1c9601,outputs/helmholtz_calibrated_v1/m5/seed_00055/metrics.csv,Expériences antérieures M0/M1/M3/M5/M6 ; date exacte non attestée
outputs/helmholtz_calibrated_v1/m5/seed_00055/model.pt,61605,.pt,5ef89bc49dce492af6fbcd75de026fab66c174221613679bf292923dabb6e6d4,V06,preserved,local_commit:656050cae337f96fdab3b47ec862ccae4f1c9601,outputs/helmholtz_calibrated_v1/m5/seed_00055/model.pt,Expériences antérieures M0/M1/M3/M5/M6 ; date exacte non attestée
outputs/helmholtz_calibrated_v1/m5/seed_00055/summary.json,2761,.json,42fb46ce55d7ae55ef38cb77fe613accbe9d7ab8fa09b6aac6a37d0d8af67741,V06,preserved,local_commit:656050cae337f96fdab3b47ec862ccae4f1c9601,outputs/helmholtz_calibrated_v1/m5/seed_00055/summary.json,Expériences antérieures M0/M1/M3/M5/M6 ; date exacte non attestée
outputs/helmholtz_calibrated_v1/m5/seed_00066/checkpoint_0001500.pt,62453,.pt,5122aca616eca234a8dbe6c95fd33909134856cb523b69e83ce24218a028250b,V06,preserved,local_commit:656050cae337f96fdab3b47ec862ccae4f1c9601,outputs/helmholtz_calibrated_v1/m5/seed_00066/checkpoint_0001500.pt,Expériences antérieures M0/M1/M3/M5/M6 ; date exacte non attestée
outputs/helmholtz_calibrated_v1/m5/seed_00066/config.resolved.yaml,1366,.yaml,0270907636baa9d1df515f2f663501109b89adc2b863cb9e40881d6d4e59ff49,V06,preserved,local_commit:656050cae337f96fdab3b47ec862ccae4f1c9601,outputs/helmholtz_calibrated_v1/m5/seed_00066/config.resolved.yaml,Expériences antérieures M0/M1/M3/M5/M6 ; date exacte non attestée
outputs/helmholtz_calibrated_v1/m5/seed_00066/environment.json,270,.json,59e52bc612bba62a99448a8a04299bc2aa0322ae6cf893c87438016a3132b1b0,V06,preserved,local_commit:656050cae337f96fdab3b47ec862ccae4f1c9601,outputs/helmholtz_calibrated_v1/m5/seed_00066/environment.json,Expériences antérieures M0/M1/M3/M5/M6 ; date exacte non attestée
outputs/helmholtz_calibrated_v1/m5/seed_00066/metrics.csv,12350,.csv,355f53d292c19295ef9e54389c1a83b987a23a19dde497f1b918c8b84a98e154,V06,preserved,local_commit:656050cae337f96fdab3b47ec862ccae4f1c9601,outputs/helmholtz_calibrated_v1/m5/seed_00066/metrics.csv,Expériences antérieures M0/M1/M3/M5/M6 ; date exacte non attestée
outputs/helmholtz_calibrated_v1/m5/seed_00066/model.pt,61605,.pt,1c87d70013ef9f913d624c6df1dd20720b8ac681dfac3ec6dfd5e72129687151,V06,preserved,local_commit:656050cae337f96fdab3b47ec862ccae4f1c9601,outputs/helmholtz_calibrated_v1/m5/seed_00066/model.pt,Expériences antérieures M0/M1/M3/M5/M6 ; date exacte non attestée
outputs/helmholtz_calibrated_v1/m5/seed_00066/summary.json,2758,.json,5ae64ee9c9ae2e85c9d41cdb059066aba46dc85d725e1198c09acde84960f39d,V06,preserved,local_commit:656050cae337f96fdab3b47ec862ccae4f1c9601,outputs/helmholtz_calibrated_v1/m5/seed_00066/summary.json,Expériences antérieures M0/M1/M3/M5/M6 ; date exacte non attestée
outputs/helmholtz_calibrated_v1/m5/seed_00077/checkpoint_0001500.pt,62453,.pt,c9b5b7ec55322a266fddb3d34ab18b718fd4c55be577361d11124702b0fa5340,V06,preserved,local_commit:656050cae337f96fdab3b47ec862ccae4f1c9601,outputs/helmholtz_calibrated_v1/m5/seed_00077/checkpoint_0001500.pt,Expériences antérieures M0/M1/M3/M5/M6 ; date exacte non attestée
outputs/helmholtz_calibrated_v1/m5/seed_00077/config.resolved.yaml,1366,.yaml,c4b83a3e2c08beb385cfa993c25475ae3a99a109ffa6311609e3c99780b1ff40,V06,preserved,local_commit:656050cae337f96fdab3b47ec862ccae4f1c9601,outputs/helmholtz_calibrated_v1/m5/seed_00077/config.resolved.yaml,Expériences antérieures M0/M1/M3/M5/M6 ; date exacte non attestée
outputs/helmholtz_calibrated_v1/m5/seed_00077/environment.json,270,.json,59e52bc612bba62a99448a8a04299bc2aa0322ae6cf893c87438016a3132b1b0,V06,preserved,local_commit:656050cae337f96fdab3b47ec862ccae4f1c9601,outputs/helmholtz_calibrated_v1/m5/seed_00077/environment.json,Expériences antérieures M0/M1/M3/M5/M6 ; date exacte non attestée
outputs/helmholtz_calibrated_v1/m5/seed_00077/metrics.csv,12364,.csv,f02e23619560be358c90fccddcf2014843a08f09da2e607ce6b978d254a4d7e2,V06,preserved,local_commit:656050cae337f96fdab3b47ec862ccae4f1c9601,outputs/helmholtz_calibrated_v1/m5/seed_00077/metrics.csv,Expériences antérieures M0/M1/M3/M5/M6 ; date exacte non attestée
outputs/helmholtz_calibrated_v1/m5/seed_00077/model.pt,61605,.pt,38380ef54707e7cd89f398d3ec8f339d94b6849c8a248b04e5320a7fd184c4bf,V06,preserved,local_commit:656050cae337f96fdab3b47ec862ccae4f1c9601,outputs/helmholtz_calibrated_v1/m5/seed_00077/model.pt,Expériences antérieures M0/M1/M3/M5/M6 ; date exacte non attestée
outputs/helmholtz_calibrated_v1/m5/seed_00077/summary.json,2761,.json,914ccb701a4c06a4804805510b6fb72554da391b47d65fa8435e844156779481,V06,preserved,local_commit:656050cae337f96fdab3b47ec862ccae4f1c9601,outputs/helmholtz_calibrated_v1/m5/seed_00077/summary.json,Expériences antérieures M0/M1/M3/M5/M6 ; date exacte non attestée
outputs/helmholtz_calibrated_v1/m5/seed_00088/checkpoint_0001500.pt,62453,.pt,f10d548dd2bec8457a2b7eacaa59324d999fdf1050dcd41536a4cc2c18e6f7a6,V06,preserved,local_commit:656050cae337f96fdab3b47ec862ccae4f1c9601,outputs/helmholtz_calibrated_v1/m5/seed_00088/checkpoint_0001500.pt,Expériences antérieures M0/M1/M3/M5/M6 ; date exacte non attestée
outputs/helmholtz_calibrated_v1/m5/seed_00088/config.resolved.yaml,1366,.yaml,8e32f0cec3100e0aaf7374f33ddad3fb3db6573abaa5d4cba79d74aa9564e72c,V06,preserved,local_commit:656050cae337f96fdab3b47ec862ccae4f1c9601,outputs/helmholtz_calibrated_v1/m5/seed_00088/config.resolved.yaml,Expériences antérieures M0/M1/M3/M5/M6 ; date exacte non attestée
outputs/helmholtz_calibrated_v1/m5/seed_00088/environment.json,270,.json,59e52bc612bba62a99448a8a04299bc2aa0322ae6cf893c87438016a3132b1b0,V06,preserved,local_commit:656050cae337f96fdab3b47ec862ccae4f1c9601,outputs/helmholtz_calibrated_v1/m5/seed_00088/environment.json,Expériences antérieures M0/M1/M3/M5/M6 ; date exacte non attestée
outputs/helmholtz_calibrated_v1/m5/seed_00088/metrics.csv,12336,.csv,1774228a8d9a62854534d84dbee4b4c0d9936c8afc717b6c85f9245088d56e7b,V06,preserved,local_commit:656050cae337f96fdab3b47ec862ccae4f1c9601,outputs/helmholtz_calibrated_v1/m5/seed_00088/metrics.csv,Expériences antérieures M0/M1/M3/M5/M6 ; date exacte non attestée
outputs/helmholtz_calibrated_v1/m5/seed_00088/model.pt,61605,.pt,a2d92ff6ea8654f2aa4c50803647e816f64c3cc5610c90bff4abb80d5d77c945,V06,preserved,local_commit:656050cae337f96fdab3b47ec862ccae4f1c9601,outputs/helmholtz_calibrated_v1/m5/seed_00088/model.pt,Expériences antérieures M0/M1/M3/M5/M6 ; date exacte non attestée
outputs/helmholtz_calibrated_v1/m5/seed_00088/summary.json,2755,.json,ea3e395dedc601cb043bef5902866a75779eab0be01bd18ec134b914fca4973a,V06,preserved,local_commit:656050cae337f96fdab3b47ec862ccae4f1c9601,outputs/helmholtz_calibrated_v1/m5/seed_00088/summary.json,Expériences antérieures M0/M1/M3/M5/M6 ; date exacte non attestée
outputs/helmholtz_calibrated_v1/m5/seed_00099/checkpoint_0001500.pt,62453,.pt,281dad0d702a44d9d9fe24d142fa3886a1eb656ec02ed162e32a86f4f9d64b8f,V06,preserved,local_commit:656050cae337f96fdab3b47ec862ccae4f1c9601,outputs/helmholtz_calibrated_v1/m5/seed_00099/checkpoint_0001500.pt,Expériences antérieures M0/M1/M3/M5/M6 ; date exacte non attestée
outputs/helmholtz_calibrated_v1/m5/seed_00099/config.resolved.yaml,1366,.yaml,13878bbfa740b50e08e1001692189c28806b9d93519438d1be4efc651aabba97,V06,preserved,local_commit:656050cae337f96fdab3b47ec862ccae4f1c9601,outputs/helmholtz_calibrated_v1/m5/seed_00099/config.resolved.yaml,Expériences antérieures M0/M1/M3/M5/M6 ; date exacte non attestée
outputs/helmholtz_calibrated_v1/m5/seed_00099/environment.json,270,.json,59e52bc612bba62a99448a8a04299bc2aa0322ae6cf893c87438016a3132b1b0,V06,preserved,local_commit:656050cae337f96fdab3b47ec862ccae4f1c9601,outputs/helmholtz_calibrated_v1/m5/seed_00099/environment.json,Expériences antérieures M0/M1/M3/M5/M6 ; date exacte non attestée
outputs/helmholtz_calibrated_v1/m5/seed_00099/metrics.csv,12356,.csv,91505d0897bdc6c1de2754cf49054b5c68a77845be033f742e1f67c195aa72a1,V06,preserved,local_commit:656050cae337f96fdab3b47ec862ccae4f1c9601,outputs/helmholtz_calibrated_v1/m5/seed_00099/metrics.csv,Expériences antérieures M0/M1/M3/M5/M6 ; date exacte non attestée
outputs/helmholtz_calibrated_v1/m5/seed_00099/model.pt,61605,.pt,a4831eea904b21084fccda7fa88aa245f0f5c72685e4a577a939003dcd2dcec4,V06,preserved,local_commit:656050cae337f96fdab3b47ec862ccae4f1c9601,outputs/helmholtz_calibrated_v1/m5/seed_00099/model.pt,Expériences antérieures M0/M1/M3/M5/M6 ; date exacte non attestée
outputs/helmholtz_calibrated_v1/m5/seed_00099/summary.json,2758,.json,efc39d4a62c6144c71760f422234dbbe5b2e227b7b37dfe83617431c7405e945,V06,preserved,local_commit:656050cae337f96fdab3b47ec862ccae4f1c9601,outputs/helmholtz_calibrated_v1/m5/seed_00099/summary.json,Expériences antérieures M0/M1/M3/M5/M6 ; date exacte non attestée
outputs/helmholtz_calibrated_v1/m5/seed_00111/checkpoint_0001500.pt,62453,.pt,765bed3361dec860276e9e8697e52bf334702658dfacddc8c98d1cab83a3c047,V06,preserved,local_commit:656050cae337f96fdab3b47ec862ccae4f1c9601,outputs/helmholtz_calibrated_v1/m5/seed_00111/checkpoint_0001500.pt,Expériences antérieures M0/M1/M3/M5/M6 ; date exacte non attestée
outputs/helmholtz_calibrated_v1/m5/seed_00111/config.resolved.yaml,1367,.yaml,1f806944d309808437cd9b4e17b61fc286ea4249d197af4289f6939a690e861f,V06,preserved,local_commit:656050cae337f96fdab3b47ec862ccae4f1c9601,outputs/helmholtz_calibrated_v1/m5/seed_00111/config.resolved.yaml,Expériences antérieures M0/M1/M3/M5/M6 ; date exacte non attestée
outputs/helmholtz_calibrated_v1/m5/seed_00111/environment.json,270,.json,59e52bc612bba62a99448a8a04299bc2aa0322ae6cf893c87438016a3132b1b0,V06,preserved,local_commit:656050cae337f96fdab3b47ec862ccae4f1c9601,outputs/helmholtz_calibrated_v1/m5/seed_00111/environment.json,Expériences antérieures M0/M1/M3/M5/M6 ; date exacte non attestée
outputs/helmholtz_calibrated_v1/m5/seed_00111/metrics.csv,12331,.csv,b18f929241879b58394d3c5a1a0536b669b3ba01e599e92a29d0cb1c1fbe7a9f,V06,preserved,local_commit:656050cae337f96fdab3b47ec862ccae4f1c9601,outputs/helmholtz_calibrated_v1/m5/seed_00111/metrics.csv,Expériences antérieures M0/M1/M3/M5/M6 ; date exacte non attestée
outputs/helmholtz_calibrated_v1/m5/seed_00111/model.pt,61605,.pt,c253cfb6ae03a882c533b011e47aeb28c28aed7cc146a32fcd9516aa7c8d4c30,V06,preserved,local_commit:656050cae337f96fdab3b47ec862ccae4f1c9601,outputs/helmholtz_calibrated_v1/m5/seed_00111/model.pt,Expériences antérieures M0/M1/M3/M5/M6 ; date exacte non attestée
outputs/helmholtz_calibrated_v1/m5/seed_00111/summary.json,2759,.json,8ef842fe7d636e718412ed378d0b7fa5d38012c422d882d254c512d33c1a4d2d,V06,preserved,local_commit:656050cae337f96fdab3b47ec862ccae4f1c9601,outputs/helmholtz_calibrated_v1/m5/seed_00111/summary.json,Expériences antérieures M0/M1/M3/M5/M6 ; date exacte non attestée
outputs/helmholtz_calibrated_v1/m6/seed_00011/checkpoint_0001500.pt,62453,.pt,c2df8f03df0379c847d2ae0484e0560a20ddf6341d26765139d697d0b6aa2a26,V06,preserved,local_commit:656050cae337f96fdab3b47ec862ccae4f1c9601,outputs/helmholtz_calibrated_v1/m6/seed_00011/checkpoint_0001500.pt,Expériences antérieures M0/M1/M3/M5/M6 ; date exacte non attestée
outputs/helmholtz_calibrated_v1/m6/seed_00011/config.resolved.yaml,1366,.yaml,46b7bffa5d95e7406488bbe30ed3223767d228efd28b69d48421082f75fd4cea,V06,preserved,local_commit:656050cae337f96fdab3b47ec862ccae4f1c9601,outputs/helmholtz_calibrated_v1/m6/seed_00011/config.resolved.yaml,Expériences antérieures M0/M1/M3/M5/M6 ; date exacte non attestée
outputs/helmholtz_calibrated_v1/m6/seed_00011/environment.json,270,.json,59e52bc612bba62a99448a8a04299bc2aa0322ae6cf893c87438016a3132b1b0,V06,preserved,local_commit:656050cae337f96fdab3b47ec862ccae4f1c9601,outputs/helmholtz_calibrated_v1/m6/seed_00011/environment.json,Expériences antérieures M0/M1/M3/M5/M6 ; date exacte non attestée
outputs/helmholtz_calibrated_v1/m6/seed_00011/metrics.csv,12355,.csv,262f88fcbdd63f5025e8c2d75765957f3f4e398ac3f25620d6d88eb62448e891,V06,preserved,local_commit:656050cae337f96fdab3b47ec862ccae4f1c9601,outputs/helmholtz_calibrated_v1/m6/seed_00011/metrics.csv,Expériences antérieures M0/M1/M3/M5/M6 ; date exacte non attestée
outputs/helmholtz_calibrated_v1/m6/seed_00011/model.pt,61605,.pt,8c049ffd6951f813a184c8a9582cf138f1dea19b85d362a899e2df45e3d8f15b,V06,preserved,local_commit:656050cae337f96fdab3b47ec862ccae4f1c9601,outputs/helmholtz_calibrated_v1/m6/seed_00011/model.pt,Expériences antérieures M0/M1/M3/M5/M6 ; date exacte non attestée
outputs/helmholtz_calibrated_v1/m6/seed_00011/summary.json,2752,.json,b9a41fd1b705b42af4b2a5a64fed3c1e5074fc790f486c2ebc7ef1ba015effea,V06,preserved,local_commit:656050cae337f96fdab3b47ec862ccae4f1c9601,outputs/helmholtz_calibrated_v1/m6/seed_00011/summary.json,Expériences antérieures M0/M1/M3/M5/M6 ; date exacte non attestée
outputs/helmholtz_calibrated_v1/m6/seed_00022/checkpoint_0001500.pt,62453,.pt,4a3bc1bcdf45f3bae1a3d333c91322b04d51d8e2bfe708ec8f838e2f01159fdc,V06,preserved,local_commit:656050cae337f96fdab3b47ec862ccae4f1c9601,outputs/helmholtz_calibrated_v1/m6/seed_00022/checkpoint_0001500.pt,Expériences antérieures M0/M1/M3/M5/M6 ; date exacte non attestée
outputs/helmholtz_calibrated_v1/m6/seed_00022/config.resolved.yaml,1366,.yaml,ebdeceb2fa99c3cf5c57fc596f52b95c5023eabe485ea5110e241298ac22e5d8,V06,preserved,local_commit:656050cae337f96fdab3b47ec862ccae4f1c9601,outputs/helmholtz_calibrated_v1/m6/seed_00022/config.resolved.yaml,Expériences antérieures M0/M1/M3/M5/M6 ; date exacte non attestée
outputs/helmholtz_calibrated_v1/m6/seed_00022/environment.json,270,.json,59e52bc612bba62a99448a8a04299bc2aa0322ae6cf893c87438016a3132b1b0,V06,preserved,local_commit:656050cae337f96fdab3b47ec862ccae4f1c9601,outputs/helmholtz_calibrated_v1/m6/seed_00022/environment.json,Expériences antérieures M0/M1/M3/M5/M6 ; date exacte non attestée
outputs/helmholtz_calibrated_v1/m6/seed_00022/metrics.csv,12350,.csv,a3002f72768e050c375aff9254cf48afe934f6d7f7a962d9412cbf92265b67f0,V06,preserved,local_commit:656050cae337f96fdab3b47ec862ccae4f1c9601,outputs/helmholtz_calibrated_v1/m6/seed_00022/metrics.csv,Expériences antérieures M0/M1/M3/M5/M6 ; date exacte non attestée
outputs/helmholtz_calibrated_v1/m6/seed_00022/model.pt,61605,.pt,b76ae85962dcf69a736596c8cc5548ba7dc82e8d81d7a9cc58aee6597b02b714,V06,preserved,local_commit:656050cae337f96fdab3b47ec862ccae4f1c9601,outputs/helmholtz_calibrated_v1/m6/seed_00022/model.pt,Expériences antérieures M0/M1/M3/M5/M6 ; date exacte non attestée
outputs/helmholtz_calibrated_v1/m6/seed_00022/summary.json,2752,.json,bdd62af8d117c3ea53eceb9beca4ade1880ac1e43d575b1bbed86c46cb63efde,V06,preserved,local_commit:656050cae337f96fdab3b47ec862ccae4f1c9601,outputs/helmholtz_calibrated_v1/m6/seed_00022/summary.json,Expériences antérieures M0/M1/M3/M5/M6 ; date exacte non attestée
outputs/helmholtz_calibrated_v1/m6/seed_00033/checkpoint_0001500.pt,62453,.pt,87a9fe4fa5524ffb5aad919dfa9e245cb53b483299056ae72564a2367bb8350a,V06,preserved,local_commit:656050cae337f96fdab3b47ec862ccae4f1c9601,outputs/helmholtz_calibrated_v1/m6/seed_00033/checkpoint_0001500.pt,Expériences antérieures M0/M1/M3/M5/M6 ; date exacte non attestée
outputs/helmholtz_calibrated_v1/m6/seed_00033/config.resolved.yaml,1366,.yaml,2321c7fbef2db77f215fe3271256ac4ac0739e609b4d4f210c9d526a8fa376d1,V06,preserved,local_commit:656050cae337f96fdab3b47ec862ccae4f1c9601,outputs/helmholtz_calibrated_v1/m6/seed_00033/config.resolved.yaml,Expériences antérieures M0/M1/M3/M5/M6 ; date exacte non attestée
outputs/helmholtz_calibrated_v1/m6/seed_00033/environment.json,270,.json,59e52bc612bba62a99448a8a04299bc2aa0322ae6cf893c87438016a3132b1b0,V06,preserved,local_commit:656050cae337f96fdab3b47ec862ccae4f1c9601,outputs/helmholtz_calibrated_v1/m6/seed_00033/environment.json,Expériences antérieures M0/M1/M3/M5/M6 ; date exacte non attestée
outputs/helmholtz_calibrated_v1/m6/seed_00033/metrics.csv,12354,.csv,30c3822cba9ebe97f2923f79a077b47bd0567927957a2e769ec01b083126dd22,V06,preserved,local_commit:656050cae337f96fdab3b47ec862ccae4f1c9601,outputs/helmholtz_calibrated_v1/m6/seed_00033/metrics.csv,Expériences antérieures M0/M1/M3/M5/M6 ; date exacte non attestée
outputs/helmholtz_calibrated_v1/m6/seed_00033/model.pt,61605,.pt,1f60bea3d06f26d7bb38f4f0de88ed983fd563032f64a551f79cb2d8e4c4c194,V06,preserved,local_commit:656050cae337f96fdab3b47ec862ccae4f1c9601,outputs/helmholtz_calibrated_v1/m6/seed_00033/model.pt,Expériences antérieures M0/M1/M3/M5/M6 ; date exacte non attestée
outputs/helmholtz_calibrated_v1/m6/seed_00033/summary.json,2752,.json,be26b612e11f3acb2128f7e1e7df3ed851f416b89c05b890bd295e407ba6b727,V06,preserved,local_commit:656050cae337f96fdab3b47ec862ccae4f1c9601,outputs/helmholtz_calibrated_v1/m6/seed_00033/summary.json,Expériences antérieures M0/M1/M3/M5/M6 ; date exacte non attestée
outputs/helmholtz_calibrated_v1/m6/seed_00044/checkpoint_0001500.pt,62453,.pt,d7b07e19abd810be9425f27e15d27c7cd5b533f626cfb4832094fed626f3faf5,V06,preserved,local_commit:656050cae337f96fdab3b47ec862ccae4f1c9601,outputs/helmholtz_calibrated_v1/m6/seed_00044/checkpoint_0001500.pt,Expériences antérieures M0/M1/M3/M5/M6 ; date exacte non attestée
outputs/helmholtz_calibrated_v1/m6/seed_00044/config.resolved.yaml,1366,.yaml,9e722f5f64ba7add9e9637cf2d026eb5766a8902baaec5a1aae5a12b2ed462cc,V06,preserved,local_commit:656050cae337f96fdab3b47ec862ccae4f1c9601,outputs/helmholtz_calibrated_v1/m6/seed_00044/config.resolved.yaml,Expériences antérieures M0/M1/M3/M5/M6 ; date exacte non attestée
outputs/helmholtz_calibrated_v1/m6/seed_00044/environment.json,270,.json,59e52bc612bba62a99448a8a04299bc2aa0322ae6cf893c87438016a3132b1b0,V06,preserved,local_commit:656050cae337f96fdab3b47ec862ccae4f1c9601,outputs/helmholtz_calibrated_v1/m6/seed_00044/environment.json,Expériences antérieures M0/M1/M3/M5/M6 ; date exacte non attestée
outputs/helmholtz_calibrated_v1/m6/seed_00044/metrics.csv,12386,.csv,799ba3595995a63c8db2917ed97f6f373c8f6f2d1bdae22de35dbdf0662153f4,V06,preserved,local_commit:656050cae337f96fdab3b47ec862ccae4f1c9601,outputs/helmholtz_calibrated_v1/m6/seed_00044/metrics.csv,Expériences antérieures M0/M1/M3/M5/M6 ; date exacte non attestée
outputs/helmholtz_calibrated_v1/m6/seed_00044/model.pt,61605,.pt,38f378fec124370b0a767f6e882d6485971c85558b8be60bea06ae479da54ecb,V06,preserved,local_commit:656050cae337f96fdab3b47ec862ccae4f1c9601,outputs/helmholtz_calibrated_v1/m6/seed_00044/model.pt,Expériences antérieures M0/M1/M3/M5/M6 ; date exacte non attestée
outputs/helmholtz_calibrated_v1/m6/seed_00044/summary.json,2752,.json,b92f3b53a9d5ef348250e36f7587f8d3dd4877db52331ef91b6331d4700afd0b,V06,preserved,local_commit:656050cae337f96fdab3b47ec862ccae4f1c9601,outputs/helmholtz_calibrated_v1/m6/seed_00044/summary.json,Expériences antérieures M0/M1/M3/M5/M6 ; date exacte non attestée
outputs/helmholtz_calibrated_v1/m6/seed_00055/checkpoint_0001500.pt,62453,.pt,8c612e9f49b91d7a893867ae788eaf2ee4fc4f6875d2d27de83ffd5345612032,V06,preserved,local_commit:656050cae337f96fdab3b47ec862ccae4f1c9601,outputs/helmholtz_calibrated_v1/m6/seed_00055/checkpoint_0001500.pt,Expériences antérieures M0/M1/M3/M5/M6 ; date exacte non attestée
outputs/helmholtz_calibrated_v1/m6/seed_00055/config.resolved.yaml,1366,.yaml,f48e834f44962ea61318e5ce266e173b9d83a7a3e40e17804784bccdc048b1d4,V06,preserved,local_commit:656050cae337f96fdab3b47ec862ccae4f1c9601,outputs/helmholtz_calibrated_v1/m6/seed_00055/config.resolved.yaml,Expériences antérieures M0/M1/M3/M5/M6 ; date exacte non attestée
outputs/helmholtz_calibrated_v1/m6/seed_00055/environment.json,270,.json,59e52bc612bba62a99448a8a04299bc2aa0322ae6cf893c87438016a3132b1b0,V06,preserved,local_commit:656050cae337f96fdab3b47ec862ccae4f1c9601,outputs/helmholtz_calibrated_v1/m6/seed_00055/environment.json,Expériences antérieures M0/M1/M3/M5/M6 ; date exacte non attestée
outputs/helmholtz_calibrated_v1/m6/seed_00055/metrics.csv,12361,.csv,8b5453aacea868a2f5f50845a556185cab7fc5fbf4d9e9b41066b5a6be10c4f4,V06,preserved,local_commit:656050cae337f96fdab3b47ec862ccae4f1c9601,outputs/helmholtz_calibrated_v1/m6/seed_00055/metrics.csv,Expériences antérieures M0/M1/M3/M5/M6 ; date exacte non attestée
outputs/helmholtz_calibrated_v1/m6/seed_00055/model.pt,61605,.pt,8fc21cd8fcfd5d92a04e03b1c9c455a2229a242dfb1e7cb75091616071b50927,V06,preserved,local_commit:656050cae337f96fdab3b47ec862ccae4f1c9601,outputs/helmholtz_calibrated_v1/m6/seed_00055/model.pt,Expériences antérieures M0/M1/M3/M5/M6 ; date exacte non attestée
outputs/helmholtz_calibrated_v1/m6/seed_00055/summary.json,2756,.json,4b6e8e57be19a4c33e703d90d80d215a7703a0d75680987ce2528ae68c46518a,V06,preserved,local_commit:656050cae337f96fdab3b47ec862ccae4f1c9601,outputs/helmholtz_calibrated_v1/m6/seed_00055/summary.json,Expériences antérieures M0/M1/M3/M5/M6 ; date exacte non attestée
outputs/helmholtz_calibrated_v1/m6/seed_00066/checkpoint_0001500.pt,62453,.pt,2fafa786fb00daf5cbd1cb2c65918dd16ce36ac6a5ed0a3959005971d7b2e117,V06,preserved,local_commit:656050cae337f96fdab3b47ec862ccae4f1c9601,outputs/helmholtz_calibrated_v1/m6/seed_00066/checkpoint_0001500.pt,Expériences antérieures M0/M1/M3/M5/M6 ; date exacte non attestée
outputs/helmholtz_calibrated_v1/m6/seed_00066/config.resolved.yaml,1366,.yaml,a4020dea5327ee101f69169a72c6fdcbc3a255336d26553699560a8e2aced0ab,V06,preserved,local_commit:656050cae337f96fdab3b47ec862ccae4f1c9601,outputs/helmholtz_calibrated_v1/m6/seed_00066/config.resolved.yaml,Expériences antérieures M0/M1/M3/M5/M6 ; date exacte non attestée
outputs/helmholtz_calibrated_v1/m6/seed_00066/environment.json,270,.json,59e52bc612bba62a99448a8a04299bc2aa0322ae6cf893c87438016a3132b1b0,V06,preserved,local_commit:656050cae337f96fdab3b47ec862ccae4f1c9601,outputs/helmholtz_calibrated_v1/m6/seed_00066/environment.json,Expériences antérieures M0/M1/M3/M5/M6 ; date exacte non attestée
outputs/helmholtz_calibrated_v1/m6/seed_00066/metrics.csv,12344,.csv,f376c5bc6318c8b63065ea72963a2a3bc7e6ceac850785024937bfc588706b8c,V06,preserved,local_commit:656050cae337f96fdab3b47ec862ccae4f1c9601,outputs/helmholtz_calibrated_v1/m6/seed_00066/metrics.csv,Expériences antérieures M0/M1/M3/M5/M6 ; date exacte non attestée
outputs/helmholtz_calibrated_v1/m6/seed_00066/model.pt,61605,.pt,20b389b317b474a925e56950dd2dfef79f740618fa6bb5ea8cc202fee20918c3,V06,preserved,local_commit:656050cae337f96fdab3b47ec862ccae4f1c9601,outputs/helmholtz_calibrated_v1/m6/seed_00066/model.pt,Expériences antérieures M0/M1/M3/M5/M6 ; date exacte non attestée
outputs/helmholtz_calibrated_v1/m6/seed_00066/summary.json,2753,.json,b620e9fa652580d7ccb87033d852e8e5e927c502cc4304ad571781c3d7aa894e,V06,preserved,local_commit:656050cae337f96fdab3b47ec862ccae4f1c9601,outputs/helmholtz_calibrated_v1/m6/seed_00066/summary.json,Expériences antérieures M0/M1/M3/M5/M6 ; date exacte non attestée
outputs/helmholtz_calibrated_v1/m6/seed_00077/checkpoint_0001500.pt,62453,.pt,949bcc1dbab79487f6cf5c3270636e3cc1106ce19a8be93bdc563005546d3b18,V06,preserved,local_commit:656050cae337f96fdab3b47ec862ccae4f1c9601,outputs/helmholtz_calibrated_v1/m6/seed_00077/checkpoint_0001500.pt,Expériences antérieures M0/M1/M3/M5/M6 ; date exacte non attestée
outputs/helmholtz_calibrated_v1/m6/seed_00077/config.resolved.yaml,1366,.yaml,e18bcc7918e2572c81ca2045d804011bd8e044e06fd31d09addb2716f36d7554,V06,preserved,local_commit:656050cae337f96fdab3b47ec862ccae4f1c9601,outputs/helmholtz_calibrated_v1/m6/seed_00077/config.resolved.yaml,Expériences antérieures M0/M1/M3/M5/M6 ; date exacte non attestée
outputs/helmholtz_calibrated_v1/m6/seed_00077/environment.json,270,.json,59e52bc612bba62a99448a8a04299bc2aa0322ae6cf893c87438016a3132b1b0,V06,preserved,local_commit:656050cae337f96fdab3b47ec862ccae4f1c9601,outputs/helmholtz_calibrated_v1/m6/seed_00077/environment.json,Expériences antérieures M0/M1/M3/M5/M6 ; date exacte non attestée
outputs/helmholtz_calibrated_v1/m6/seed_00077/metrics.csv,12341,.csv,27e785d0728a4c4ad31910a6f1cfc90017f4d2a963566a093951861b0e0cc7fa,V06,preserved,local_commit:656050cae337f96fdab3b47ec862ccae4f1c9601,outputs/helmholtz_calibrated_v1/m6/seed_00077/metrics.csv,Expériences antérieures M0/M1/M3/M5/M6 ; date exacte non attestée
outputs/helmholtz_calibrated_v1/m6/seed_00077/model.pt,61605,.pt,72d262012ea8e36bdbc4946f1e146c036a08c26ef75b1511166edcca2b458c88,V06,preserved,local_commit:656050cae337f96fdab3b47ec862ccae4f1c9601,outputs/helmholtz_calibrated_v1/m6/seed_00077/model.pt,Expériences antérieures M0/M1/M3/M5/M6 ; date exacte non attestée
outputs/helmholtz_calibrated_v1/m6/seed_00077/summary.json,2753,.json,06cdc3d0dfe22055bf7a7beed531c68347f966131bb7bf21d3822d005a152e00,V06,preserved,local_commit:656050cae337f96fdab3b47ec862ccae4f1c9601,outputs/helmholtz_calibrated_v1/m6/seed_00077/summary.json,Expériences antérieures M0/M1/M3/M5/M6 ; date exacte non attestée
outputs/helmholtz_calibrated_v1/m6/seed_00088/checkpoint_0001500.pt,62453,.pt,8614b1308eebd7dd1513c7b3a064f7347697cb567b72981bdd32ad31400538df,V06,preserved,local_commit:656050cae337f96fdab3b47ec862ccae4f1c9601,outputs/helmholtz_calibrated_v1/m6/seed_00088/checkpoint_0001500.pt,Expériences antérieures M0/M1/M3/M5/M6 ; date exacte non attestée
outputs/helmholtz_calibrated_v1/m6/seed_00088/config.resolved.yaml,1366,.yaml,1d44474e7953a2e4818a9b23f40fce31daced11678b65f1d5cc18565bf967278,V06,preserved,local_commit:656050cae337f96fdab3b47ec862ccae4f1c9601,outputs/helmholtz_calibrated_v1/m6/seed_00088/config.resolved.yaml,Expériences antérieures M0/M1/M3/M5/M6 ; date exacte non attestée
outputs/helmholtz_calibrated_v1/m6/seed_00088/environment.json,270,.json,59e52bc612bba62a99448a8a04299bc2aa0322ae6cf893c87438016a3132b1b0,V06,preserved,local_commit:656050cae337f96fdab3b47ec862ccae4f1c9601,outputs/helmholtz_calibrated_v1/m6/seed_00088/environment.json,Expériences antérieures M0/M1/M3/M5/M6 ; date exacte non attestée
outputs/helmholtz_calibrated_v1/m6/seed_00088/metrics.csv,12353,.csv,27e6cc017c45a196d3bf988f805d53dcb43793c0bb62427963636b71e6ad29d5,V06,preserved,local_commit:656050cae337f96fdab3b47ec862ccae4f1c9601,outputs/helmholtz_calibrated_v1/m6/seed_00088/metrics.csv,Expériences antérieures M0/M1/M3/M5/M6 ; date exacte non attestée
outputs/helmholtz_calibrated_v1/m6/seed_00088/model.pt,61605,.pt,8e4c4ac39b714d2047d352ac7b24270be67a15568580b4290a96ebf853cd169d,V06,preserved,local_commit:656050cae337f96fdab3b47ec862ccae4f1c9601,outputs/helmholtz_calibrated_v1/m6/seed_00088/model.pt,Expériences antérieures M0/M1/M3/M5/M6 ; date exacte non attestée
outputs/helmholtz_calibrated_v1/m6/seed_00088/summary.json,2752,.json,ee603167fec47d6e6eccc4c621e26cefae68578da08fbb5ef1706cc345a07604,V06,preserved,local_commit:656050cae337f96fdab3b47ec862ccae4f1c9601,outputs/helmholtz_calibrated_v1/m6/seed_00088/summary.json,Expériences antérieures M0/M1/M3/M5/M6 ; date exacte non attestée
outputs/helmholtz_calibrated_v1/m6/seed_00099/checkpoint_0001500.pt,62453,.pt,b0c75247c80707879e024453f98ca74203c620b82360cae7ee592634819d06bc,V06,preserved,local_commit:656050cae337f96fdab3b47ec862ccae4f1c9601,outputs/helmholtz_calibrated_v1/m6/seed_00099/checkpoint_0001500.pt,Expériences antérieures M0/M1/M3/M5/M6 ; date exacte non attestée
outputs/helmholtz_calibrated_v1/m6/seed_00099/config.resolved.yaml,1366,.yaml,d35adb35676c6cbc47e65799e128e99b1ca31f6f14de1ba3078be548f9935824,V06,preserved,local_commit:656050cae337f96fdab3b47ec862ccae4f1c9601,outputs/helmholtz_calibrated_v1/m6/seed_00099/config.resolved.yaml,Expériences antérieures M0/M1/M3/M5/M6 ; date exacte non attestée
outputs/helmholtz_calibrated_v1/m6/seed_00099/environment.json,270,.json,59e52bc612bba62a99448a8a04299bc2aa0322ae6cf893c87438016a3132b1b0,V06,preserved,local_commit:656050cae337f96fdab3b47ec862ccae4f1c9601,outputs/helmholtz_calibrated_v1/m6/seed_00099/environment.json,Expériences antérieures M0/M1/M3/M5/M6 ; date exacte non attestée
outputs/helmholtz_calibrated_v1/m6/seed_00099/metrics.csv,12376,.csv,c9953508a069b216dbc02164859b73f50c755fb99fab383cfd8b9ea1d2f6362f,V06,preserved,local_commit:656050cae337f96fdab3b47ec862ccae4f1c9601,outputs/helmholtz_calibrated_v1/m6/seed_00099/metrics.csv,Expériences antérieures M0/M1/M3/M5/M6 ; date exacte non attestée
outputs/helmholtz_calibrated_v1/m6/seed_00099/model.pt,61605,.pt,36555f61623c90b94a948a994797ed44c41d23da3dcb7a0c81f593ecc2c1b3b6,V06,preserved,local_commit:656050cae337f96fdab3b47ec862ccae4f1c9601,outputs/helmholtz_calibrated_v1/m6/seed_00099/model.pt,Expériences antérieures M0/M1/M3/M5/M6 ; date exacte non attestée
outputs/helmholtz_calibrated_v1/m6/seed_00099/summary.json,2753,.json,99c7aaca6be4a889519247686d4ded85b8f99cab810275850c7aa461f1791564,V06,preserved,local_commit:656050cae337f96fdab3b47ec862ccae4f1c9601,outputs/helmholtz_calibrated_v1/m6/seed_00099/summary.json,Expériences antérieures M0/M1/M3/M5/M6 ; date exacte non attestée
outputs/helmholtz_calibrated_v1/m6/seed_00111/checkpoint_0001500.pt,62453,.pt,cba0ba393fb381515ea9db79bdba52a8788cb4c4bbd9c046521702e0ac50e4b4,V06,preserved,local_commit:656050cae337f96fdab3b47ec862ccae4f1c9601,outputs/helmholtz_calibrated_v1/m6/seed_00111/checkpoint_0001500.pt,Expériences antérieures M0/M1/M3/M5/M6 ; date exacte non attestée
outputs/helmholtz_calibrated_v1/m6/seed_00111/config.resolved.yaml,1367,.yaml,5a5e44b5602c47e10f131f28375e624c7b414819a291c04dfa133458e88191de,V06,preserved,local_commit:656050cae337f96fdab3b47ec862ccae4f1c9601,outputs/helmholtz_calibrated_v1/m6/seed_00111/config.resolved.yaml,Expériences antérieures M0/M1/M3/M5/M6 ; date exacte non attestée
outputs/helmholtz_calibrated_v1/m6/seed_00111/environment.json,270,.json,59e52bc612bba62a99448a8a04299bc2aa0322ae6cf893c87438016a3132b1b0,V06,preserved,local_commit:656050cae337f96fdab3b47ec862ccae4f1c9601,outputs/helmholtz_calibrated_v1/m6/seed_00111/environment.json,Expériences antérieures M0/M1/M3/M5/M6 ; date exacte non attestée
outputs/helmholtz_calibrated_v1/m6/seed_00111/metrics.csv,12351,.csv,610428c73a93078ba44e97b277927449484efbc17cfaf50f85835ea6ac870555,V06,preserved,local_commit:656050cae337f96fdab3b47ec862ccae4f1c9601,outputs/helmholtz_calibrated_v1/m6/seed_00111/metrics.csv,Expériences antérieures M0/M1/M3/M5/M6 ; date exacte non attestée
outputs/helmholtz_calibrated_v1/m6/seed_00111/model.pt,61605,.pt,80e9c66b053573e249935869053cc14775e519046be2ea81c580ce7338db3c9f,V06,preserved,local_commit:656050cae337f96fdab3b47ec862ccae4f1c9601,outputs/helmholtz_calibrated_v1/m6/seed_00111/model.pt,Expériences antérieures M0/M1/M3/M5/M6 ; date exacte non attestée
outputs/helmholtz_calibrated_v1/m6/seed_00111/summary.json,2753,.json,06f84a69d042556b46521e66f32b6a03e3b6b9dc6696000512c19fcfe1c9a04f,V06,preserved,local_commit:656050cae337f96fdab3b47ec862ccae4f1c9601,outputs/helmholtz_calibrated_v1/m6/seed_00111/summary.json,Expériences antérieures M0/M1/M3/M5/M6 ; date exacte non attestée
outputs/helmholtz_screen_v1/m1/seed_00011/checkpoint_0000600.pt,21799,.pt,6a29a5e97eea9ceccbda8e2c0f17ef974a1d535bd53e417f7eac22f4ca9796b0,V06,preserved,local_commit:656050cae337f96fdab3b47ec862ccae4f1c9601,outputs/helmholtz_screen_v1/m1/seed_00011/checkpoint_0000600.pt,Expériences antérieures M0/M1/M3/M5/M6 ; date exacte non attestée
outputs/helmholtz_screen_v1/m1/seed_00011/config.resolved.yaml,1221,.yaml,61f0c7e38b6298a0e043d65dd34cf3f357a7f005de5d55a2c4d6f57c96d9d6e6,V06,preserved,local_commit:656050cae337f96fdab3b47ec862ccae4f1c9601,outputs/helmholtz_screen_v1/m1/seed_00011/config.resolved.yaml,Expériences antérieures M0/M1/M3/M5/M6 ; date exacte non attestée
outputs/helmholtz_screen_v1/m1/seed_00011/environment.json,270,.json,81e8b8ec1f0e36812a60c59a8df82f8463f4b7cdc0f374d41177cd34430c2417,V06,preserved,local_commit:656050cae337f96fdab3b47ec862ccae4f1c9601,outputs/helmholtz_screen_v1/m1/seed_00011/environment.json,Expériences antérieures M0/M1/M3/M5/M6 ; date exacte non attestée
outputs/helmholtz_screen_v1/m1/seed_00011/metrics.csv,8378,.csv,d5c041a2e56c2b74b96703cc4655bc695fccb54520b80d9c238c990e0c494dc5,V06,preserved,local_commit:656050cae337f96fdab3b47ec862ccae4f1c9601,outputs/helmholtz_screen_v1/m1/seed_00011/metrics.csv,Expériences antérieures M0/M1/M3/M5/M6 ; date exacte non attestée
outputs/helmholtz_screen_v1/m1/seed_00011/model.pt,21105,.pt,fc31697a57b416ac90bba5a14652e749358b1fae734feff709aca5d44e0452ac,V06,preserved,local_commit:656050cae337f96fdab3b47ec862ccae4f1c9601,outputs/helmholtz_screen_v1/m1/seed_00011/model.pt,Expériences antérieures M0/M1/M3/M5/M6 ; date exacte non attestée
outputs/helmholtz_screen_v1/m1/seed_00011/summary.json,1867,.json,0dde746c45f18817485d690b626e75f6523875900cee3fdc87da42d44202bfea,V06,preserved,local_commit:656050cae337f96fdab3b47ec862ccae4f1c9601,outputs/helmholtz_screen_v1/m1/seed_00011/summary.json,Expériences antérieures M0/M1/M3/M5/M6 ; date exacte non attestée
outputs/helmholtz_screen_v1/m1/seed_00022/checkpoint_0000600.pt,21799,.pt,cad30274b0becad0ffb0e04ea524a964bc9aca6b383cc0fc5c66fa26377fb30e,V06,preserved,local_commit:656050cae337f96fdab3b47ec862ccae4f1c9601,outputs/helmholtz_screen_v1/m1/seed_00022/checkpoint_0000600.pt,Expériences antérieures M0/M1/M3/M5/M6 ; date exacte non attestée
outputs/helmholtz_screen_v1/m1/seed_00022/config.resolved.yaml,1221,.yaml,c850a4f31c3ebee2e00539c90d51ad0bf20ac20eb50ce4f70942bbc0c6abdf54,V06,preserved,local_commit:656050cae337f96fdab3b47ec862ccae4f1c9601,outputs/helmholtz_screen_v1/m1/seed_00022/config.resolved.yaml,Expériences antérieures M0/M1/M3/M5/M6 ; date exacte non attestée
outputs/helmholtz_screen_v1/m1/seed_00022/environment.json,270,.json,81e8b8ec1f0e36812a60c59a8df82f8463f4b7cdc0f374d41177cd34430c2417,V06,preserved,local_commit:656050cae337f96fdab3b47ec862ccae4f1c9601,outputs/helmholtz_screen_v1/m1/seed_00022/environment.json,Expériences antérieures M0/M1/M3/M5/M6 ; date exacte non attestée
outputs/helmholtz_screen_v1/m1/seed_00022/metrics.csv,8379,.csv,930c22a19a05db945e9c4b9e464b9c42161b4ce514dafc3b8b01100475264da2,V06,preserved,local_commit:656050cae337f96fdab3b47ec862ccae4f1c9601,outputs/helmholtz_screen_v1/m1/seed_00022/metrics.csv,Expériences antérieures M0/M1/M3/M5/M6 ; date exacte non attestée
outputs/helmholtz_screen_v1/m1/seed_00022/model.pt,21105,.pt,902d88b9f6904ce8094cc9ed47eac79054a426e093fedb1f3008cad74c1fa1d2,V06,preserved,local_commit:656050cae337f96fdab3b47ec862ccae4f1c9601,outputs/helmholtz_screen_v1/m1/seed_00022/model.pt,Expériences antérieures M0/M1/M3/M5/M6 ; date exacte non attestée
outputs/helmholtz_screen_v1/m1/seed_00022/summary.json,1864,.json,213cedcd351110a12ee29a097d4ce56cb1bd2d2e43bfb978c42e1d09015537d2,V06,preserved,local_commit:656050cae337f96fdab3b47ec862ccae4f1c9601,outputs/helmholtz_screen_v1/m1/seed_00022/summary.json,Expériences antérieures M0/M1/M3/M5/M6 ; date exacte non attestée
outputs/helmholtz_screen_v1/m1/seed_00033/checkpoint_0000600.pt,21799,.pt,4436b69538ec3abc4f599006e404c40cefc10dc6eb61e71f43aafe9edd841292,V06,preserved,local_commit:656050cae337f96fdab3b47ec862ccae4f1c9601,outputs/helmholtz_screen_v1/m1/seed_00033/checkpoint_0000600.pt,Expériences antérieures M0/M1/M3/M5/M6 ; date exacte non attestée
outputs/helmholtz_screen_v1/m1/seed_00033/config.resolved.yaml,1221,.yaml,872a790d03208f9fe7b5c48fb56f40c69ce6dbbb09859aa7e2583d5116c7ab79,V06,preserved,local_commit:656050cae337f96fdab3b47ec862ccae4f1c9601,outputs/helmholtz_screen_v1/m1/seed_00033/config.resolved.yaml,Expériences antérieures M0/M1/M3/M5/M6 ; date exacte non attestée
outputs/helmholtz_screen_v1/m1/seed_00033/environment.json,270,.json,81e8b8ec1f0e36812a60c59a8df82f8463f4b7cdc0f374d41177cd34430c2417,V06,preserved,local_commit:656050cae337f96fdab3b47ec862ccae4f1c9601,outputs/helmholtz_screen_v1/m1/seed_00033/environment.json,Expériences antérieures M0/M1/M3/M5/M6 ; date exacte non attestée
outputs/helmholtz_screen_v1/m1/seed_00033/metrics.csv,8327,.csv,abaa5ae79757539a09d10a783502ece0401fc24f1f9427b6c7d75d1ef387923c,V06,preserved,local_commit:656050cae337f96fdab3b47ec862ccae4f1c9601,outputs/helmholtz_screen_v1/m1/seed_00033/metrics.csv,Expériences antérieures M0/M1/M3/M5/M6 ; date exacte non attestée
outputs/helmholtz_screen_v1/m1/seed_00033/model.pt,21105,.pt,727fb0f5fe46d828cc0be0cfc06d3fe0d8e861af30828e085aeb065aeb1faa6d,V06,preserved,local_commit:656050cae337f96fdab3b47ec862ccae4f1c9601,outputs/helmholtz_screen_v1/m1/seed_00033/model.pt,Expériences antérieures M0/M1/M3/M5/M6 ; date exacte non attestée
outputs/helmholtz_screen_v1/m1/seed_00033/summary.json,1866,.json,0dfb833b2bb98519015c72c98c8b0543d4034ea95e870327c0aef851a006df18,V06,preserved,local_commit:656050cae337f96fdab3b47ec862ccae4f1c9601,outputs/helmholtz_screen_v1/m1/seed_00033/summary.json,Expériences antérieures M0/M1/M3/M5/M6 ; date exacte non attestée
outputs/helmholtz_screen_v1/m1/seed_00044/checkpoint_0000600.pt,21799,.pt,e90184ef3ffb33961059740e30d6d64fe1b34acb6ee7ed04e40f312a119a69fd,V06,preserved,local_commit:656050cae337f96fdab3b47ec862ccae4f1c9601,outputs/helmholtz_screen_v1/m1/seed_00044/checkpoint_0000600.pt,Expériences antérieures M0/M1/M3/M5/M6 ; date exacte non attestée
outputs/helmholtz_screen_v1/m1/seed_00044/config.resolved.yaml,1221,.yaml,8c97de335ea2c4af50da543779cde97723333a7a98fd251d27516427d17361e1,V06,preserved,local_commit:656050cae337f96fdab3b47ec862ccae4f1c9601,outputs/helmholtz_screen_v1/m1/seed_00044/config.resolved.yaml,Expériences antérieures M0/M1/M3/M5/M6 ; date exacte non attestée
outputs/helmholtz_screen_v1/m1/seed_00044/environment.json,270,.json,81e8b8ec1f0e36812a60c59a8df82f8463f4b7cdc0f374d41177cd34430c2417,V06,preserved,local_commit:656050cae337f96fdab3b47ec862ccae4f1c9601,outputs/helmholtz_screen_v1/m1/seed_00044/environment.json,Expériences antérieures M0/M1/M3/M5/M6 ; date exacte non attestée
outputs/helmholtz_screen_v1/m1/seed_00044/metrics.csv,8403,.csv,662840fd45f2b35f7ba2598c108e5ebea9d2b8cf2863ad5ffa498e7e672c8a8b,V06,preserved,local_commit:656050cae337f96fdab3b47ec862ccae4f1c9601,outputs/helmholtz_screen_v1/m1/seed_00044/metrics.csv,Expériences antérieures M0/M1/M3/M5/M6 ; date exacte non attestée
outputs/helmholtz_screen_v1/m1/seed_00044/model.pt,21105,.pt,50b293e0b803959e2bbb662652a7b0b80cf0abc6e9f4a0f9db7dc343d23a4810,V06,preserved,local_commit:656050cae337f96fdab3b47ec862ccae4f1c9601,outputs/helmholtz_screen_v1/m1/seed_00044/model.pt,Expériences antérieures M0/M1/M3/M5/M6 ; date exacte non attestée
outputs/helmholtz_screen_v1/m1/seed_00044/summary.json,1872,.json,becff9de496a7d37b0981eff6ac54d876828cca76a9b35095272be5348d236e7,V06,preserved,local_commit:656050cae337f96fdab3b47ec862ccae4f1c9601,outputs/helmholtz_screen_v1/m1/seed_00044/summary.json,Expériences antérieures M0/M1/M3/M5/M6 ; date exacte non attestée
outputs/helmholtz_screen_v1/m1/seed_00055/checkpoint_0000600.pt,21799,.pt,b11ab5cbb3d3a6f16e6ce40012463794aa7226461bb58629309f46a4ce6b7401,V06,preserved,local_commit:656050cae337f96fdab3b47ec862ccae4f1c9601,outputs/helmholtz_screen_v1/m1/seed_00055/checkpoint_0000600.pt,Expériences antérieures M0/M1/M3/M5/M6 ; date exacte non attestée
outputs/helmholtz_screen_v1/m1/seed_00055/config.resolved.yaml,1221,.yaml,05ed96bb0893d9afdfb8c0b89bb3c362f3a35c81a6ed1960e2595c4be386c0f3,V06,preserved,local_commit:656050cae337f96fdab3b47ec862ccae4f1c9601,outputs/helmholtz_screen_v1/m1/seed_00055/config.resolved.yaml,Expériences antérieures M0/M1/M3/M5/M6 ; date exacte non attestée
outputs/helmholtz_screen_v1/m1/seed_00055/environment.json,270,.json,81e8b8ec1f0e36812a60c59a8df82f8463f4b7cdc0f374d41177cd34430c2417,V06,preserved,local_commit:656050cae337f96fdab3b47ec862ccae4f1c9601,outputs/helmholtz_screen_v1/m1/seed_00055/environment.json,Expériences antérieures M0/M1/M3/M5/M6 ; date exacte non attestée
outputs/helmholtz_screen_v1/m1/seed_00055/metrics.csv,8367,.csv,5468d024aea1e668b12ea71a5b5cc91b39bd903e39ad66209bfe94d71f5d7b65,V06,preserved,local_commit:656050cae337f96fdab3b47ec862ccae4f1c9601,outputs/helmholtz_screen_v1/m1/seed_00055/metrics.csv,Expériences antérieures M0/M1/M3/M5/M6 ; date exacte non attestée
outputs/helmholtz_screen_v1/m1/seed_00055/model.pt,21105,.pt,7a3964d0cfafc2161196450d70652e231a1d6963d01d01268d09dba6642dc1f0,V06,preserved,local_commit:656050cae337f96fdab3b47ec862ccae4f1c9601,outputs/helmholtz_screen_v1/m1/seed_00055/model.pt,Expériences antérieures M0/M1/M3/M5/M6 ; date exacte non attestée
outputs/helmholtz_screen_v1/m1/seed_00055/summary.json,1868,.json,875a8c6ddb92c4685c11f5c9d96d87aeac2ab6feaa3dab4ff3c1f62b3462094d,V06,preserved,local_commit:656050cae337f96fdab3b47ec862ccae4f1c9601,outputs/helmholtz_screen_v1/m1/seed_00055/summary.json,Expériences antérieures M0/M1/M3/M5/M6 ; date exacte non attestée
outputs/helmholtz_screen_v1/m1/seed_00066/checkpoint_0000600.pt,21799,.pt,7795563328905758dbedef22785b9281a94b924157853455ce77bca875e06614,V06,preserved,local_commit:656050cae337f96fdab3b47ec862ccae4f1c9601,outputs/helmholtz_screen_v1/m1/seed_00066/checkpoint_0000600.pt,Expériences antérieures M0/M1/M3/M5/M6 ; date exacte non attestée
outputs/helmholtz_screen_v1/m1/seed_00066/config.resolved.yaml,1221,.yaml,2cdb1174b51ae9455aab5747baace74047e1fd474cd4a8fc1d4d1f51726f9966,V06,preserved,local_commit:656050cae337f96fdab3b47ec862ccae4f1c9601,outputs/helmholtz_screen_v1/m1/seed_00066/config.resolved.yaml,Expériences antérieures M0/M1/M3/M5/M6 ; date exacte non attestée
outputs/helmholtz_screen_v1/m1/seed_00066/environment.json,270,.json,81e8b8ec1f0e36812a60c59a8df82f8463f4b7cdc0f374d41177cd34430c2417,V06,preserved,local_commit:656050cae337f96fdab3b47ec862ccae4f1c9601,outputs/helmholtz_screen_v1/m1/seed_00066/environment.json,Expériences antérieures M0/M1/M3/M5/M6 ; date exacte non attestée
outputs/helmholtz_screen_v1/m1/seed_00066/metrics.csv,8410,.csv,a07039bf707b7555e08d2faa737d33db0d74b6a93d7de93585cfeef2d3cc1fa6,V06,preserved,local_commit:656050cae337f96fdab3b47ec862ccae4f1c9601,outputs/helmholtz_screen_v1/m1/seed_00066/metrics.csv,Expériences antérieures M0/M1/M3/M5/M6 ; date exacte non attestée
outputs/helmholtz_screen_v1/m1/seed_00066/model.pt,21105,.pt,872be9fb7bb85f53165cf60ce622978b65556ccf860f2cbeea794432cadf6e5e,V06,preserved,local_commit:656050cae337f96fdab3b47ec862ccae4f1c9601,outputs/helmholtz_screen_v1/m1/seed_00066/model.pt,Expériences antérieures M0/M1/M3/M5/M6 ; date exacte non attestée
outputs/helmholtz_screen_v1/m1/seed_00066/summary.json,1873,.json,56218f9cac57ea25bffb1ae109f5944da61a474e6ef621b0a0b1643a0ddc3a2f,V06,preserved,local_commit:656050cae337f96fdab3b47ec862ccae4f1c9601,outputs/helmholtz_screen_v1/m1/seed_00066/summary.json,Expériences antérieures M0/M1/M3/M5/M6 ; date exacte non attestée
outputs/helmholtz_screen_v1/m1/seed_00077/checkpoint_0000600.pt,21799,.pt,9f7cea981cb75cfca7b4357e28fbbacad9652e6bcb4c70d8290175eb96d249ad,V06,preserved,local_commit:656050cae337f96fdab3b47ec862ccae4f1c9601,outputs/helmholtz_screen_v1/m1/seed_00077/checkpoint_0000600.pt,Expériences antérieures M0/M1/M3/M5/M6 ; date exacte non attestée
outputs/helmholtz_screen_v1/m1/seed_00077/config.resolved.yaml,1221,.yaml,505583c38d09ff218edaeb7b871c49d301137e0b9b2c0cce707221965f803010,V06,preserved,local_commit:656050cae337f96fdab3b47ec862ccae4f1c9601,outputs/helmholtz_screen_v1/m1/seed_00077/config.resolved.yaml,Expériences antérieures M0/M1/M3/M5/M6 ; date exacte non attestée
outputs/helmholtz_screen_v1/m1/seed_00077/environment.json,270,.json,81e8b8ec1f0e36812a60c59a8df82f8463f4b7cdc0f374d41177cd34430c2417,V06,preserved,local_commit:656050cae337f96fdab3b47ec862ccae4f1c9601,outputs/helmholtz_screen_v1/m1/seed_00077/environment.json,Expériences antérieures M0/M1/M3/M5/M6 ; date exacte non attestée
outputs/helmholtz_screen_v1/m1/seed_00077/metrics.csv,8411,.csv,f9d95bf84fc263432a1f5057a90161a588c190b5b9234049fcc518505939b99b,V06,preserved,local_commit:656050cae337f96fdab3b47ec862ccae4f1c9601,outputs/helmholtz_screen_v1/m1/seed_00077/metrics.csv,Expériences antérieures M0/M1/M3/M5/M6 ; date exacte non attestée
outputs/helmholtz_screen_v1/m1/seed_00077/model.pt,21105,.pt,8b24b596f9da8846f724716211f59c0aad669e69baee7532cc98f21ef1420d04,V06,preserved,local_commit:656050cae337f96fdab3b47ec862ccae4f1c9601,outputs/helmholtz_screen_v1/m1/seed_00077/model.pt,Expériences antérieures M0/M1/M3/M5/M6 ; date exacte non attestée
outputs/helmholtz_screen_v1/m1/seed_00077/summary.json,1869,.json,1a71b1eeb1f8955e1628e73f59bf987ac8d9222fbd6c586886f121ecf195edac,V06,preserved,local_commit:656050cae337f96fdab3b47ec862ccae4f1c9601,outputs/helmholtz_screen_v1/m1/seed_00077/summary.json,Expériences antérieures M0/M1/M3/M5/M6 ; date exacte non attestée
outputs/helmholtz_screen_v1/m1/seed_00088/checkpoint_0000600.pt,21799,.pt,90bea32a9b68a6f309ccdf76bded9f963945a862f9a1d2b2d59e0d29b2614905,V06,preserved,local_commit:656050cae337f96fdab3b47ec862ccae4f1c9601,outputs/helmholtz_screen_v1/m1/seed_00088/checkpoint_0000600.pt,Expériences antérieures M0/M1/M3/M5/M6 ; date exacte non attestée
outputs/helmholtz_screen_v1/m1/seed_00088/config.resolved.yaml,1221,.yaml,0f46c84ccf561780254fa0a33afec06aa32db41cb9766f4786c5ab398e8b6b60,V06,preserved,local_commit:656050cae337f96fdab3b47ec862ccae4f1c9601,outputs/helmholtz_screen_v1/m1/seed_00088/config.resolved.yaml,Expériences antérieures M0/M1/M3/M5/M6 ; date exacte non attestée
outputs/helmholtz_screen_v1/m1/seed_00088/environment.json,270,.json,81e8b8ec1f0e36812a60c59a8df82f8463f4b7cdc0f374d41177cd34430c2417,V06,preserved,local_commit:656050cae337f96fdab3b47ec862ccae4f1c9601,outputs/helmholtz_screen_v1/m1/seed_00088/environment.json,Expériences antérieures M0/M1/M3/M5/M6 ; date exacte non attestée
outputs/helmholtz_screen_v1/m1/seed_00088/metrics.csv,8391,.csv,15c499de66b74ee47d92025195a65c9d5f5bbe06a8dcc64f961710a781f75e55,V06,preserved,local_commit:656050cae337f96fdab3b47ec862ccae4f1c9601,outputs/helmholtz_screen_v1/m1/seed_00088/metrics.csv,Expériences antérieures M0/M1/M3/M5/M6 ; date exacte non attestée
outputs/helmholtz_screen_v1/m1/seed_00088/model.pt,21105,.pt,ddc44ed159a5c1658b4a41ca86411aa636e2dbc5bfcf8839a060d5bf84ca2f58,V06,preserved,local_commit:656050cae337f96fdab3b47ec862ccae4f1c9601,outputs/helmholtz_screen_v1/m1/seed_00088/model.pt,Expériences antérieures M0/M1/M3/M5/M6 ; date exacte non attestée
outputs/helmholtz_screen_v1/m1/seed_00088/summary.json,1867,.json,efd7724eb09a7bd1eb7e3454ba8fdbe394f39c42d52d13c1f0cea85f0d6f8ba4,V06,preserved,local_commit:656050cae337f96fdab3b47ec862ccae4f1c9601,outputs/helmholtz_screen_v1/m1/seed_00088/summary.json,Expériences antérieures M0/M1/M3/M5/M6 ; date exacte non attestée
outputs/helmholtz_screen_v1/m1/seed_00099/checkpoint_0000600.pt,21799,.pt,cfacd95ac69a345f2935338d571022f863aef1d3d01f26ee9adb746ce2d1ba91,V06,preserved,local_commit:656050cae337f96fdab3b47ec862ccae4f1c9601,outputs/helmholtz_screen_v1/m1/seed_00099/checkpoint_0000600.pt,Expériences antérieures M0/M1/M3/M5/M6 ; date exacte non attestée
outputs/helmholtz_screen_v1/m1/seed_00099/config.resolved.yaml,1221,.yaml,19752d843c5b09eef24abc594ee6beb4e7a50bc12d3829d1dafa0e3bfed4ff32,V06,preserved,local_commit:656050cae337f96fdab3b47ec862ccae4f1c9601,outputs/helmholtz_screen_v1/m1/seed_00099/config.resolved.yaml,Expériences antérieures M0/M1/M3/M5/M6 ; date exacte non attestée
outputs/helmholtz_screen_v1/m1/seed_00099/environment.json,270,.json,81e8b8ec1f0e36812a60c59a8df82f8463f4b7cdc0f374d41177cd34430c2417,V06,preserved,local_commit:656050cae337f96fdab3b47ec862ccae4f1c9601,outputs/helmholtz_screen_v1/m1/seed_00099/environment.json,Expériences antérieures M0/M1/M3/M5/M6 ; date exacte non attestée
outputs/helmholtz_screen_v1/m1/seed_00099/metrics.csv,8398,.csv,67a3570a7402a7e6b19229929a777ff734694b0bb54d3a44cc9381e84153dd4c,V06,preserved,local_commit:656050cae337f96fdab3b47ec862ccae4f1c9601,outputs/helmholtz_screen_v1/m1/seed_00099/metrics.csv,Expériences antérieures M0/M1/M3/M5/M6 ; date exacte non attestée
outputs/helmholtz_screen_v1/m1/seed_00099/model.pt,21105,.pt,060d208dcdcc5bbd53572cd710d17141e072c9990864fd34505a9f97968a8f9e,V06,preserved,local_commit:656050cae337f96fdab3b47ec862ccae4f1c9601,outputs/helmholtz_screen_v1/m1/seed_00099/model.pt,Expériences antérieures M0/M1/M3/M5/M6 ; date exacte non attestée
outputs/helmholtz_screen_v1/m1/seed_00099/summary.json,1871,.json,49f1dc071856f9b6d017edafbbbd8f304a90c5c437fed3492947fd3111c85418,V06,preserved,local_commit:656050cae337f96fdab3b47ec862ccae4f1c9601,outputs/helmholtz_screen_v1/m1/seed_00099/summary.json,Expériences antérieures M0/M1/M3/M5/M6 ; date exacte non attestée
outputs/helmholtz_screen_v1/m1/seed_00111/checkpoint_0000600.pt,21799,.pt,66a878b2fee21ef44c6b88351aa9bfa1f92e55d8b93dd27ec8e531d6d7c3f42d,V06,preserved,local_commit:656050cae337f96fdab3b47ec862ccae4f1c9601,outputs/helmholtz_screen_v1/m1/seed_00111/checkpoint_0000600.pt,Expériences antérieures M0/M1/M3/M5/M6 ; date exacte non attestée
outputs/helmholtz_screen_v1/m1/seed_00111/config.resolved.yaml,1222,.yaml,27fdaeca017d38c6ad349da548fe25837986bd1df08cbe0a282aa6ce39417898,V06,preserved,local_commit:656050cae337f96fdab3b47ec862ccae4f1c9601,outputs/helmholtz_screen_v1/m1/seed_00111/config.resolved.yaml,Expériences antérieures M0/M1/M3/M5/M6 ; date exacte non attestée
outputs/helmholtz_screen_v1/m1/seed_00111/environment.json,270,.json,81e8b8ec1f0e36812a60c59a8df82f8463f4b7cdc0f374d41177cd34430c2417,V06,preserved,local_commit:656050cae337f96fdab3b47ec862ccae4f1c9601,outputs/helmholtz_screen_v1/m1/seed_00111/environment.json,Expériences antérieures M0/M1/M3/M5/M6 ; date exacte non attestée
outputs/helmholtz_screen_v1/m1/seed_00111/metrics.csv,8364,.csv,83f43a7df3d4a5d60f950df0cd6f0c8061b98f68b074013ba8497947ef506c10,V06,preserved,local_commit:656050cae337f96fdab3b47ec862ccae4f1c9601,outputs/helmholtz_screen_v1/m1/seed_00111/metrics.csv,Expériences antérieures M0/M1/M3/M5/M6 ; date exacte non attestée
outputs/helmholtz_screen_v1/m1/seed_00111/model.pt,21105,.pt,29b00d6ff038137afb8b835415a704ae5143426df7be4cb813d41767ca4d4f50,V06,preserved,local_commit:656050cae337f96fdab3b47ec862ccae4f1c9601,outputs/helmholtz_screen_v1/m1/seed_00111/model.pt,Expériences antérieures M0/M1/M3/M5/M6 ; date exacte non attestée
outputs/helmholtz_screen_v1/m1/seed_00111/summary.json,1872,.json,dccadf8b133fc9ebc1f41462c72ec8a568a141e44d76c904d1a284869628abf6,V06,preserved,local_commit:656050cae337f96fdab3b47ec862ccae4f1c9601,outputs/helmholtz_screen_v1/m1/seed_00111/summary.json,Expériences antérieures M0/M1/M3/M5/M6 ; date exacte non attestée
outputs/helmholtz_screen_v1/m5/seed_00011/checkpoint_0000600.pt,21799,.pt,86e0f5a02d0947037b0382f34a040528397ec557fe7610a881971977dca82391,V06,preserved,local_commit:656050cae337f96fdab3b47ec862ccae4f1c9601,outputs/helmholtz_screen_v1/m5/seed_00011/checkpoint_0000600.pt,Expériences antérieures M0/M1/M3/M5/M6 ; date exacte non attestée
outputs/helmholtz_screen_v1/m5/seed_00011/config.resolved.yaml,1221,.yaml,9cf5066f92534d67120df0afaef5f85fe851d5cda509ff3b4292414de70ad1f0,V06,preserved,local_commit:656050cae337f96fdab3b47ec862ccae4f1c9601,outputs/helmholtz_screen_v1/m5/seed_00011/config.resolved.yaml,Expériences antérieures M0/M1/M3/M5/M6 ; date exacte non attestée
outputs/helmholtz_screen_v1/m5/seed_00011/environment.json,270,.json,81e8b8ec1f0e36812a60c59a8df82f8463f4b7cdc0f374d41177cd34430c2417,V06,preserved,local_commit:656050cae337f96fdab3b47ec862ccae4f1c9601,outputs/helmholtz_screen_v1/m5/seed_00011/environment.json,Expériences antérieures M0/M1/M3/M5/M6 ; date exacte non attestée
outputs/helmholtz_screen_v1/m5/seed_00011/metrics.csv,9418,.csv,e41103c78d6f6be60ac144789ee80b403321841133890e1e7fb07c5a7b3b98f0,V06,preserved,local_commit:656050cae337f96fdab3b47ec862ccae4f1c9601,outputs/helmholtz_screen_v1/m5/seed_00011/metrics.csv,Expériences antérieures M0/M1/M3/M5/M6 ; date exacte non attestée
outputs/helmholtz_screen_v1/m5/seed_00011/model.pt,21105,.pt,3ed4578bc14d8cabb6e2aa5b15c8e425e8b38914831205644c20c820d60496db,V06,preserved,local_commit:656050cae337f96fdab3b47ec862ccae4f1c9601,outputs/helmholtz_screen_v1/m5/seed_00011/model.pt,Expériences antérieures M0/M1/M3/M5/M6 ; date exacte non attestée
outputs/helmholtz_screen_v1/m5/seed_00011/summary.json,1927,.json,f4402869b361a6a8fad1676a06e8dbb868a16d8958c4bc6a07d7c0a99201f557,V06,preserved,local_commit:656050cae337f96fdab3b47ec862ccae4f1c9601,outputs/helmholtz_screen_v1/m5/seed_00011/summary.json,Expériences antérieures M0/M1/M3/M5/M6 ; date exacte non attestée
outputs/helmholtz_screen_v1/m5/seed_00022/checkpoint_0000600.pt,21799,.pt,9be5613a8ca16acae8ff04d4d8ebc31028510656c1e2f951fe6853fb26265f67,V06,preserved,local_commit:656050cae337f96fdab3b47ec862ccae4f1c9601,outputs/helmholtz_screen_v1/m5/seed_00022/checkpoint_0000600.pt,Expériences antérieures M0/M1/M3/M5/M6 ; date exacte non attestée
outputs/helmholtz_screen_v1/m5/seed_00022/config.resolved.yaml,1221,.yaml,659f0febf3b71bacf1fd90fee5ff70f07ed33311b0a3dbcbbfb6e90cae7a5647,V06,preserved,local_commit:656050cae337f96fdab3b47ec862ccae4f1c9601,outputs/helmholtz_screen_v1/m5/seed_00022/config.resolved.yaml,Expériences antérieures M0/M1/M3/M5/M6 ; date exacte non attestée
outputs/helmholtz_screen_v1/m5/seed_00022/environment.json,270,.json,81e8b8ec1f0e36812a60c59a8df82f8463f4b7cdc0f374d41177cd34430c2417,V06,preserved,local_commit:656050cae337f96fdab3b47ec862ccae4f1c9601,outputs/helmholtz_screen_v1/m5/seed_00022/environment.json,Expériences antérieures M0/M1/M3/M5/M6 ; date exacte non attestée
outputs/helmholtz_screen_v1/m5/seed_00022/metrics.csv,9419,.csv,f31ccc645059b7ce1ff4f187522a31e96a824026c67751cd202302ae0aef4515,V06,preserved,local_commit:656050cae337f96fdab3b47ec862ccae4f1c9601,outputs/helmholtz_screen_v1/m5/seed_00022/metrics.csv,Expériences antérieures M0/M1/M3/M5/M6 ; date exacte non attestée
outputs/helmholtz_screen_v1/m5/seed_00022/model.pt,21105,.pt,9c17bfef6af30580cafd03db86fe1f7f174015f70768e6be649371bc88724992,V06,preserved,local_commit:656050cae337f96fdab3b47ec862ccae4f1c9601,outputs/helmholtz_screen_v1/m5/seed_00022/model.pt,Expériences antérieures M0/M1/M3/M5/M6 ; date exacte non attestée
outputs/helmholtz_screen_v1/m5/seed_00022/summary.json,1931,.json,7a7e7fae0cfc547532b6c323038bc91e53d6a970899749311d1510682503130b,V06,preserved,local_commit:656050cae337f96fdab3b47ec862ccae4f1c9601,outputs/helmholtz_screen_v1/m5/seed_00022/summary.json,Expériences antérieures M0/M1/M3/M5/M6 ; date exacte non attestée
outputs/helmholtz_screen_v1/m5/seed_00033/checkpoint_0000600.pt,21799,.pt,61402c1ee147b7edfdf6b4b0b33811c6f93981242586df798db7625c27dbcdbf,V06,preserved,local_commit:656050cae337f96fdab3b47ec862ccae4f1c9601,outputs/helmholtz_screen_v1/m5/seed_00033/checkpoint_0000600.pt,Expériences antérieures M0/M1/M3/M5/M6 ; date exacte non attestée
outputs/helmholtz_screen_v1/m5/seed_00033/config.resolved.yaml,1221,.yaml,313c0bf56dece73aa97dd8c15a90ca49413695859867c8c964ee1cc326bb4935,V06,preserved,local_commit:656050cae337f96fdab3b47ec862ccae4f1c9601,outputs/helmholtz_screen_v1/m5/seed_00033/config.resolved.yaml,Expériences antérieures M0/M1/M3/M5/M6 ; date exacte non attestée
outputs/helmholtz_screen_v1/m5/seed_00033/environment.json,270,.json,81e8b8ec1f0e36812a60c59a8df82f8463f4b7cdc0f374d41177cd34430c2417,V06,preserved,local_commit:656050cae337f96fdab3b47ec862ccae4f1c9601,outputs/helmholtz_screen_v1/m5/seed_00033/environment.json,Expériences antérieures M0/M1/M3/M5/M6 ; date exacte non attestée
outputs/helmholtz_screen_v1/m5/seed_00033/metrics.csv,9399,.csv,fb5a953361ac9deb3ffe02f16c0ded580e9e7316123a6f36d12859d8d8128d5a,V06,preserved,local_commit:656050cae337f96fdab3b47ec862ccae4f1c9601,outputs/helmholtz_screen_v1/m5/seed_00033/metrics.csv,Expériences antérieures M0/M1/M3/M5/M6 ; date exacte non attestée
outputs/helmholtz_screen_v1/m5/seed_00033/model.pt,21105,.pt,b2bb5622ce6314bb532f9e76074ad6780a87cf8897deb863edad4c4b9b3fa9c8,V06,preserved,local_commit:656050cae337f96fdab3b47ec862ccae4f1c9601,outputs/helmholtz_screen_v1/m5/seed_00033/model.pt,Expériences antérieures M0/M1/M3/M5/M6 ; date exacte non attestée
outputs/helmholtz_screen_v1/m5/seed_00033/summary.json,1924,.json,af941514b7e97ab1cbad1439531e316be1ed7ae8832a2159642f10ac211cf7a5,V06,preserved,local_commit:656050cae337f96fdab3b47ec862ccae4f1c9601,outputs/helmholtz_screen_v1/m5/seed_00033/summary.json,Expériences antérieures M0/M1/M3/M5/M6 ; date exacte non attestée
outputs/helmholtz_screen_v1/m5/seed_00044/checkpoint_0000600.pt,21799,.pt,b33e2290e7d71b94db5f6e1fdac81d32d4640ee8eeed83c1bd8cc89a30ebef81,V06,preserved,local_commit:656050cae337f96fdab3b47ec862ccae4f1c9601,outputs/helmholtz_screen_v1/m5/seed_00044/checkpoint_0000600.pt,Expériences antérieures M0/M1/M3/M5/M6 ; date exacte non attestée
outputs/helmholtz_screen_v1/m5/seed_00044/config.resolved.yaml,1221,.yaml,39e9b655eaf6f5a3878bae86b2f63597f3eb266021a39f49b17296a076abce1d,V06,preserved,local_commit:656050cae337f96fdab3b47ec862ccae4f1c9601,outputs/helmholtz_screen_v1/m5/seed_00044/config.resolved.yaml,Expériences antérieures M0/M1/M3/M5/M6 ; date exacte non attestée
outputs/helmholtz_screen_v1/m5/seed_00044/environment.json,270,.json,81e8b8ec1f0e36812a60c59a8df82f8463f4b7cdc0f374d41177cd34430c2417,V06,preserved,local_commit:656050cae337f96fdab3b47ec862ccae4f1c9601,outputs/helmholtz_screen_v1/m5/seed_00044/environment.json,Expériences antérieures M0/M1/M3/M5/M6 ; date exacte non attestée
outputs/helmholtz_screen_v1/m5/seed_00044/metrics.csv,9407,.csv,43aacc7653a4f63df5efd9e73a134455618cf4712442d5e71025a7a08af28d4e,V06,preserved,local_commit:656050cae337f96fdab3b47ec862ccae4f1c9601,outputs/helmholtz_screen_v1/m5/seed_00044/metrics.csv,Expériences antérieures M0/M1/M3/M5/M6 ; date exacte non attestée
outputs/helmholtz_screen_v1/m5/seed_00044/model.pt,21105,.pt,4a9807618497f07d0543d978eec287b620ca674b9b4d90ceae236bec92ab2dbc,V06,preserved,local_commit:656050cae337f96fdab3b47ec862ccae4f1c9601,outputs/helmholtz_screen_v1/m5/seed_00044/model.pt,Expériences antérieures M0/M1/M3/M5/M6 ; date exacte non attestée
outputs/helmholtz_screen_v1/m5/seed_00044/summary.json,1926,.json,d84b5be3750749f9d93bc660492b6c2a0d267603041dfbb7923ccf199645ec23,V06,preserved,local_commit:656050cae337f96fdab3b47ec862ccae4f1c9601,outputs/helmholtz_screen_v1/m5/seed_00044/summary.json,Expériences antérieures M0/M1/M3/M5/M6 ; date exacte non attestée
outputs/helmholtz_screen_v1/m5/seed_00055/checkpoint_0000600.pt,21799,.pt,7fe7a2054d324a92f8590cdbb8f91a772657df61d22eaf966a0d1ef89f2a9854,V06,preserved,local_commit:656050cae337f96fdab3b47ec862ccae4f1c9601,outputs/helmholtz_screen_v1/m5/seed_00055/checkpoint_0000600.pt,Expériences antérieures M0/M1/M3/M5/M6 ; date exacte non attestée
outputs/helmholtz_screen_v1/m5/seed_00055/config.resolved.yaml,1221,.yaml,7cc184faf717b7a530feb229afab96238554df0fdfffd8fb6b4246920363eaa6,V06,preserved,local_commit:656050cae337f96fdab3b47ec862ccae4f1c9601,outputs/helmholtz_screen_v1/m5/seed_00055/config.resolved.yaml,Expériences antérieures M0/M1/M3/M5/M6 ; date exacte non attestée
outputs/helmholtz_screen_v1/m5/seed_00055/environment.json,270,.json,81e8b8ec1f0e36812a60c59a8df82f8463f4b7cdc0f374d41177cd34430c2417,V06,preserved,local_commit:656050cae337f96fdab3b47ec862ccae4f1c9601,outputs/helmholtz_screen_v1/m5/seed_00055/environment.json,Expériences antérieures M0/M1/M3/M5/M6 ; date exacte non attestée
outputs/helmholtz_screen_v1/m5/seed_00055/metrics.csv,9406,.csv,a085989f88adb7b1828ad060ef26a2ff89621d7c24aeb33022124cff9deeaafd,V06,preserved,local_commit:656050cae337f96fdab3b47ec862ccae4f1c9601,outputs/helmholtz_screen_v1/m5/seed_00055/metrics.csv,Expériences antérieures M0/M1/M3/M5/M6 ; date exacte non attestée
outputs/helmholtz_screen_v1/m5/seed_00055/model.pt,21105,.pt,147f17a63e151e18606317a06ce23c842c0fd4224778cf83030d79e05a8a8512,V06,preserved,local_commit:656050cae337f96fdab3b47ec862ccae4f1c9601,outputs/helmholtz_screen_v1/m5/seed_00055/model.pt,Expériences antérieures M0/M1/M3/M5/M6 ; date exacte non attestée
outputs/helmholtz_screen_v1/m5/seed_00055/summary.json,1930,.json,3110732644dab0d48be6a499ab140c1ca8a1d399341efac28d6dcc99e3fdb269,V06,preserved,local_commit:656050cae337f96fdab3b47ec862ccae4f1c9601,outputs/helmholtz_screen_v1/m5/seed_00055/summary.json,Expériences antérieures M0/M1/M3/M5/M6 ; date exacte non attestée
outputs/helmholtz_screen_v1/m5/seed_00066/checkpoint_0000600.pt,21799,.pt,5f84e9d08440496b2d399a2d6dec97349e5d82e2607e729adf739a52e04d1622,V06,preserved,local_commit:656050cae337f96fdab3b47ec862ccae4f1c9601,outputs/helmholtz_screen_v1/m5/seed_00066/checkpoint_0000600.pt,Expériences antérieures M0/M1/M3/M5/M6 ; date exacte non attestée
outputs/helmholtz_screen_v1/m5/seed_00066/config.resolved.yaml,1221,.yaml,51750fcd8a8e7817e77dd12fa92d75ed8050259e3435bec7cfcf77dee3f46067,V06,preserved,local_commit:656050cae337f96fdab3b47ec862ccae4f1c9601,outputs/helmholtz_screen_v1/m5/seed_00066/config.resolved.yaml,Expériences antérieures M0/M1/M3/M5/M6 ; date exacte non attestée
outputs/helmholtz_screen_v1/m5/seed_00066/environment.json,270,.json,81e8b8ec1f0e36812a60c59a8df82f8463f4b7cdc0f374d41177cd34430c2417,V06,preserved,local_commit:656050cae337f96fdab3b47ec862ccae4f1c9601,outputs/helmholtz_screen_v1/m5/seed_00066/environment.json,Expériences antérieures M0/M1/M3/M5/M6 ; date exacte non attestée
outputs/helmholtz_screen_v1/m5/seed_00066/metrics.csv,9406,.csv,29235c833db05474bf54dfe05e9f7d986c616c8705ba2cc40c8df34df393bc5a,V06,preserved,local_commit:656050cae337f96fdab3b47ec862ccae4f1c9601,outputs/helmholtz_screen_v1/m5/seed_00066/metrics.csv,Expériences antérieures M0/M1/M3/M5/M6 ; date exacte non attestée
outputs/helmholtz_screen_v1/m5/seed_00066/model.pt,21105,.pt,ebbaeab4e3268e8f524c24bd085c42a1c6c3d82acf1ee59d5be5996485b9a7ee,V06,preserved,local_commit:656050cae337f96fdab3b47ec862ccae4f1c9601,outputs/helmholtz_screen_v1/m5/seed_00066/model.pt,Expériences antérieures M0/M1/M3/M5/M6 ; date exacte non attestée
outputs/helmholtz_screen_v1/m5/seed_00066/summary.json,1930,.json,3c1a24ca4b9bf09348f98577d953922ee381522f61898215de96e222bfe0b781,V06,preserved,local_commit:656050cae337f96fdab3b47ec862ccae4f1c9601,outputs/helmholtz_screen_v1/m5/seed_00066/summary.json,Expériences antérieures M0/M1/M3/M5/M6 ; date exacte non attestée
outputs/helmholtz_screen_v1/m5/seed_00077/checkpoint_0000600.pt,21799,.pt,e8cfa01e5ad312a7fabfc164db73efd518b0a4e90540077855fe49c7c57398f5,V06,preserved,local_commit:656050cae337f96fdab3b47ec862ccae4f1c9601,outputs/helmholtz_screen_v1/m5/seed_00077/checkpoint_0000600.pt,Expériences antérieures M0/M1/M3/M5/M6 ; date exacte non attestée
outputs/helmholtz_screen_v1/m5/seed_00077/config.resolved.yaml,1221,.yaml,74a34b72ababa53700a67902ef046ece59dce12729e53582d1b559c3896d34d7,V06,preserved,local_commit:656050cae337f96fdab3b47ec862ccae4f1c9601,outputs/helmholtz_screen_v1/m5/seed_00077/config.resolved.yaml,Expériences antérieures M0/M1/M3/M5/M6 ; date exacte non attestée
outputs/helmholtz_screen_v1/m5/seed_00077/environment.json,270,.json,81e8b8ec1f0e36812a60c59a8df82f8463f4b7cdc0f374d41177cd34430c2417,V06,preserved,local_commit:656050cae337f96fdab3b47ec862ccae4f1c9601,outputs/helmholtz_screen_v1/m5/seed_00077/environment.json,Expériences antérieures M0/M1/M3/M5/M6 ; date exacte non attestée
outputs/helmholtz_screen_v1/m5/seed_00077/metrics.csv,9423,.csv,44ad80414586eaa22a1a59d6416d6cd4e83d02069548e5a132eca0093a2056ac,V06,preserved,local_commit:656050cae337f96fdab3b47ec862ccae4f1c9601,outputs/helmholtz_screen_v1/m5/seed_00077/metrics.csv,Expériences antérieures M0/M1/M3/M5/M6 ; date exacte non attestée
outputs/helmholtz_screen_v1/m5/seed_00077/model.pt,21105,.pt,894921bfb7929e6b71e57e35d2758336ac358902f114982e0993941a6d8ffdaa,V06,preserved,local_commit:656050cae337f96fdab3b47ec862ccae4f1c9601,outputs/helmholtz_screen_v1/m5/seed_00077/model.pt,Expériences antérieures M0/M1/M3/M5/M6 ; date exacte non attestée
outputs/helmholtz_screen_v1/m5/seed_00077/summary.json,1931,.json,c85dd98d0b917d015baeb40da1d39ea0bc6dfd4f5014efa325a908afe54bd03e,V06,preserved,local_commit:656050cae337f96fdab3b47ec862ccae4f1c9601,outputs/helmholtz_screen_v1/m5/seed_00077/summary.json,Expériences antérieures M0/M1/M3/M5/M6 ; date exacte non attestée
outputs/helmholtz_screen_v1/m5/seed_00088/checkpoint_0000600.pt,21799,.pt,e36c755ccb35788d78220932367dc315a8a9e012b076c786c6fb1e5018862b3a,V06,preserved,local_commit:656050cae337f96fdab3b47ec862ccae4f1c9601,outputs/helmholtz_screen_v1/m5/seed_00088/checkpoint_0000600.pt,Expériences antérieures M0/M1/M3/M5/M6 ; date exacte non attestée
outputs/helmholtz_screen_v1/m5/seed_00088/config.resolved.yaml,1221,.yaml,6bc07ec47dbb8437fa346903f92f33a33cb052f53f5c81ef9e39e113de289bdc,V06,preserved,local_commit:656050cae337f96fdab3b47ec862ccae4f1c9601,outputs/helmholtz_screen_v1/m5/seed_00088/config.resolved.yaml,Expériences antérieures M0/M1/M3/M5/M6 ; date exacte non attestée
outputs/helmholtz_screen_v1/m5/seed_00088/environment.json,270,.json,81e8b8ec1f0e36812a60c59a8df82f8463f4b7cdc0f374d41177cd34430c2417,V06,preserved,local_commit:656050cae337f96fdab3b47ec862ccae4f1c9601,outputs/helmholtz_screen_v1/m5/seed_00088/environment.json,Expériences antérieures M0/M1/M3/M5/M6 ; date exacte non attestée
outputs/helmholtz_screen_v1/m5/seed_00088/metrics.csv,9416,.csv,2bd197d8048332dac13597d3ac50ffd774ea193195e9ea74b6801eddaa59389d,V06,preserved,local_commit:656050cae337f96fdab3b47ec862ccae4f1c9601,outputs/helmholtz_screen_v1/m5/seed_00088/metrics.csv,Expériences antérieures M0/M1/M3/M5/M6 ; date exacte non attestée
outputs/helmholtz_screen_v1/m5/seed_00088/model.pt,21105,.pt,4ed144b2d3b8c9e02e48113c03a8e8b0f10eb8b9c3d0bff4de1404b62d91e35f,V06,preserved,local_commit:656050cae337f96fdab3b47ec862ccae4f1c9601,outputs/helmholtz_screen_v1/m5/seed_00088/model.pt,Expériences antérieures M0/M1/M3/M5/M6 ; date exacte non attestée
outputs/helmholtz_screen_v1/m5/seed_00088/summary.json,1929,.json,135bb77ef5abefe07363566af6a304ba5626f58c06518439da02dff49fe38936,V06,preserved,local_commit:656050cae337f96fdab3b47ec862ccae4f1c9601,outputs/helmholtz_screen_v1/m5/seed_00088/summary.json,Expériences antérieures M0/M1/M3/M5/M6 ; date exacte non attestée
outputs/helmholtz_screen_v1/m5/seed_00099/checkpoint_0000600.pt,21799,.pt,eabc05720cebe4e7fd07d1cbd41b40835e85189ef47ae8e85ddd502cf6814a76,V06,preserved,local_commit:656050cae337f96fdab3b47ec862ccae4f1c9601,outputs/helmholtz_screen_v1/m5/seed_00099/checkpoint_0000600.pt,Expériences antérieures M0/M1/M3/M5/M6 ; date exacte non attestée
outputs/helmholtz_screen_v1/m5/seed_00099/config.resolved.yaml,1221,.yaml,f14ab2e4c8fb3ff140e8db2d2c8f27cc5abe17715d35aa46cae72bf5e3dcc5d5,V06,preserved,local_commit:656050cae337f96fdab3b47ec862ccae4f1c9601,outputs/helmholtz_screen_v1/m5/seed_00099/config.resolved.yaml,Expériences antérieures M0/M1/M3/M5/M6 ; date exacte non attestée
outputs/helmholtz_screen_v1/m5/seed_00099/environment.json,270,.json,81e8b8ec1f0e36812a60c59a8df82f8463f4b7cdc0f374d41177cd34430c2417,V06,preserved,local_commit:656050cae337f96fdab3b47ec862ccae4f1c9601,outputs/helmholtz_screen_v1/m5/seed_00099/environment.json,Expériences antérieures M0/M1/M3/M5/M6 ; date exacte non attestée
outputs/helmholtz_screen_v1/m5/seed_00099/metrics.csv,9415,.csv,2ab4010aca17fbad8e2ac134e7ce9d6d4d330f3fc5cf230abc2b7cf0686b1aed,V06,preserved,local_commit:656050cae337f96fdab3b47ec862ccae4f1c9601,outputs/helmholtz_screen_v1/m5/seed_00099/metrics.csv,Expériences antérieures M0/M1/M3/M5/M6 ; date exacte non attestée
outputs/helmholtz_screen_v1/m5/seed_00099/model.pt,21105,.pt,884511b1c90b883c27df2c1bb10e786315025879455dfc74ca88cf076479230a,V06,preserved,local_commit:656050cae337f96fdab3b47ec862ccae4f1c9601,outputs/helmholtz_screen_v1/m5/seed_00099/model.pt,Expériences antérieures M0/M1/M3/M5/M6 ; date exacte non attestée
outputs/helmholtz_screen_v1/m5/seed_00099/summary.json,1928,.json,45163cb970b0335122eae32916c4359e8d1d236b00d567ba2ccd847c457e5eeb,V06,preserved,local_commit:656050cae337f96fdab3b47ec862ccae4f1c9601,outputs/helmholtz_screen_v1/m5/seed_00099/summary.json,Expériences antérieures M0/M1/M3/M5/M6 ; date exacte non attestée
outputs/helmholtz_screen_v1/m5/seed_00111/checkpoint_0000600.pt,21799,.pt,0fc69e4d12f541d82b9f9e53b2498d762b1589bdb0c5d884bd6e3fae95bb6684,V06,preserved,local_commit:656050cae337f96fdab3b47ec862ccae4f1c9601,outputs/helmholtz_screen_v1/m5/seed_00111/checkpoint_0000600.pt,Expériences antérieures M0/M1/M3/M5/M6 ; date exacte non attestée
outputs/helmholtz_screen_v1/m5/seed_00111/config.resolved.yaml,1222,.yaml,2f9c30bfc45f503298bd05078d35fb7de4f2c1b0c0c2da18cb68d88302ecd131,V06,preserved,local_commit:656050cae337f96fdab3b47ec862ccae4f1c9601,outputs/helmholtz_screen_v1/m5/seed_00111/config.resolved.yaml,Expériences antérieures M0/M1/M3/M5/M6 ; date exacte non attestée
outputs/helmholtz_screen_v1/m5/seed_00111/environment.json,270,.json,81e8b8ec1f0e36812a60c59a8df82f8463f4b7cdc0f374d41177cd34430c2417,V06,preserved,local_commit:656050cae337f96fdab3b47ec862ccae4f1c9601,outputs/helmholtz_screen_v1/m5/seed_00111/environment.json,Expériences antérieures M0/M1/M3/M5/M6 ; date exacte non attestée
outputs/helmholtz_screen_v1/m5/seed_00111/metrics.csv,9408,.csv,a84608f1d9cbe5094339f32bdea4faf4ee679ef61a37bf7a17a0a9cb7d1a2d7d,V06,preserved,local_commit:656050cae337f96fdab3b47ec862ccae4f1c9601,outputs/helmholtz_screen_v1/m5/seed_00111/metrics.csv,Expériences antérieures M0/M1/M3/M5/M6 ; date exacte non attestée
outputs/helmholtz_screen_v1/m5/seed_00111/model.pt,21105,.pt,9fff561b4d2b0eb15a4441850dc08bbe90517292b640d63ecbf95b090021ec60,V06,preserved,local_commit:656050cae337f96fdab3b47ec862ccae4f1c9601,outputs/helmholtz_screen_v1/m5/seed_00111/model.pt,Expériences antérieures M0/M1/M3/M5/M6 ; date exacte non attestée
outputs/helmholtz_screen_v1/m5/seed_00111/summary.json,1932,.json,ca827e2bf18008f234fa67a6b67aa9c6ca11270d6f484c03c52b02170ca77e3d,V06,preserved,local_commit:656050cae337f96fdab3b47ec862ccae4f1c9601,outputs/helmholtz_screen_v1/m5/seed_00111/summary.json,Expériences antérieures M0/M1/M3/M5/M6 ; date exacte non attestée
outputs/helmholtz_screen_v1/m6/seed_00011/checkpoint_0000600.pt,21799,.pt,d2917a657f80ce4113a2bff8b30d2702c21b82cad1fe1867a7cfc03d240f8be0,V06,preserved,local_commit:656050cae337f96fdab3b47ec862ccae4f1c9601,outputs/helmholtz_screen_v1/m6/seed_00011/checkpoint_0000600.pt,Expériences antérieures M0/M1/M3/M5/M6 ; date exacte non attestée
outputs/helmholtz_screen_v1/m6/seed_00011/config.resolved.yaml,1221,.yaml,8d00851ac57ba02eb03173c6f37cf7d4e785a31eb157f15671f616ce1dc390ac,V06,preserved,local_commit:656050cae337f96fdab3b47ec862ccae4f1c9601,outputs/helmholtz_screen_v1/m6/seed_00011/config.resolved.yaml,Expériences antérieures M0/M1/M3/M5/M6 ; date exacte non attestée
outputs/helmholtz_screen_v1/m6/seed_00011/environment.json,270,.json,81e8b8ec1f0e36812a60c59a8df82f8463f4b7cdc0f374d41177cd34430c2417,V06,preserved,local_commit:656050cae337f96fdab3b47ec862ccae4f1c9601,outputs/helmholtz_screen_v1/m6/seed_00011/environment.json,Expériences antérieures M0/M1/M3/M5/M6 ; date exacte non attestée
outputs/helmholtz_screen_v1/m6/seed_00011/metrics.csv,9418,.csv,fc8cf0e404049cc9a71f4c79ac7471a28298f24b1c2b92725ce2168c84a4879f,V06,preserved,local_commit:656050cae337f96fdab3b47ec862ccae4f1c9601,outputs/helmholtz_screen_v1/m6/seed_00011/metrics.csv,Expériences antérieures M0/M1/M3/M5/M6 ; date exacte non attestée
outputs/helmholtz_screen_v1/m6/seed_00011/model.pt,21105,.pt,81f737d1eb8087d9a8f8ba64948adc02f05aca94834ba94680f015124bd52d53,V06,preserved,local_commit:656050cae337f96fdab3b47ec862ccae4f1c9601,outputs/helmholtz_screen_v1/m6/seed_00011/model.pt,Expériences antérieures M0/M1/M3/M5/M6 ; date exacte non attestée
outputs/helmholtz_screen_v1/m6/seed_00011/summary.json,1922,.json,544d84ee184887c0e5b20439895ec11a330eb4ea8d692e6fe86d3800904c75ff,V06,preserved,local_commit:656050cae337f96fdab3b47ec862ccae4f1c9601,outputs/helmholtz_screen_v1/m6/seed_00011/summary.json,Expériences antérieures M0/M1/M3/M5/M6 ; date exacte non attestée
outputs/helmholtz_screen_v1/m6/seed_00022/checkpoint_0000600.pt,21799,.pt,1c9e615f33541f789485ac21bf9d5581c8cc8006ce60c8c2f9d3254f74890c45,V06,preserved,local_commit:656050cae337f96fdab3b47ec862ccae4f1c9601,outputs/helmholtz_screen_v1/m6/seed_00022/checkpoint_0000600.pt,Expériences antérieures M0/M1/M3/M5/M6 ; date exacte non attestée
outputs/helmholtz_screen_v1/m6/seed_00022/config.resolved.yaml,1221,.yaml,02fdbed5d79f72f56e4ae0ec21a2a4e147a8b6c60fe18045a1fd6fe3e6e094e8,V06,preserved,local_commit:656050cae337f96fdab3b47ec862ccae4f1c9601,outputs/helmholtz_screen_v1/m6/seed_00022/config.resolved.yaml,Expériences antérieures M0/M1/M3/M5/M6 ; date exacte non attestée
outputs/helmholtz_screen_v1/m6/seed_00022/environment.json,270,.json,81e8b8ec1f0e36812a60c59a8df82f8463f4b7cdc0f374d41177cd34430c2417,V06,preserved,local_commit:656050cae337f96fdab3b47ec862ccae4f1c9601,outputs/helmholtz_screen_v1/m6/seed_00022/environment.json,Expériences antérieures M0/M1/M3/M5/M6 ; date exacte non attestée
outputs/helmholtz_screen_v1/m6/seed_00022/metrics.csv,9401,.csv,aebb7d405f99f8ce19161c4d805f03ed4f81b1b2a21f404663007e297a96e066,V06,preserved,local_commit:656050cae337f96fdab3b47ec862ccae4f1c9601,outputs/helmholtz_screen_v1/m6/seed_00022/metrics.csv,Expériences antérieures M0/M1/M3/M5/M6 ; date exacte non attestée
outputs/helmholtz_screen_v1/m6/seed_00022/model.pt,21105,.pt,d8738590d6a169528f72e657a5eb7fc55d9762114d9739484f774bac5623f6e2,V06,preserved,local_commit:656050cae337f96fdab3b47ec862ccae4f1c9601,outputs/helmholtz_screen_v1/m6/seed_00022/model.pt,Expériences antérieures M0/M1/M3/M5/M6 ; date exacte non attestée
outputs/helmholtz_screen_v1/m6/seed_00022/summary.json,1923,.json,a7c041be7357046399383e94b5a32d3a202574ec46b762408a134505dd4d028b,V06,preserved,local_commit:656050cae337f96fdab3b47ec862ccae4f1c9601,outputs/helmholtz_screen_v1/m6/seed_00022/summary.json,Expériences antérieures M0/M1/M3/M5/M6 ; date exacte non attestée
outputs/helmholtz_screen_v1/m6/seed_00033/checkpoint_0000600.pt,21799,.pt,b4541a3827a59b07f00ea530c370bb9b0f66e2f6c5cb8c0cfba83a56fbaf4890,V06,preserved,local_commit:656050cae337f96fdab3b47ec862ccae4f1c9601,outputs/helmholtz_screen_v1/m6/seed_00033/checkpoint_0000600.pt,Expériences antérieures M0/M1/M3/M5/M6 ; date exacte non attestée
outputs/helmholtz_screen_v1/m6/seed_00033/config.resolved.yaml,1221,.yaml,9d0aa999a98313e6b368fab6958dce9bffbc931695fd01afe70222c316cada7f,V06,preserved,local_commit:656050cae337f96fdab3b47ec862ccae4f1c9601,outputs/helmholtz_screen_v1/m6/seed_00033/config.resolved.yaml,Expériences antérieures M0/M1/M3/M5/M6 ; date exacte non attestée
outputs/helmholtz_screen_v1/m6/seed_00033/environment.json,270,.json,81e8b8ec1f0e36812a60c59a8df82f8463f4b7cdc0f374d41177cd34430c2417,V06,preserved,local_commit:656050cae337f96fdab3b47ec862ccae4f1c9601,outputs/helmholtz_screen_v1/m6/seed_00033/environment.json,Expériences antérieures M0/M1/M3/M5/M6 ; date exacte non attestée
outputs/helmholtz_screen_v1/m6/seed_00033/metrics.csv,7196,.csv,a346509cc96761cf82fae2eb1cd4f1b71dc2ef1774ed0be6975dc1987b2d73ce,V06,preserved,local_commit:656050cae337f96fdab3b47ec862ccae4f1c9601,outputs/helmholtz_screen_v1/m6/seed_00033/metrics.csv,Expériences antérieures M0/M1/M3/M5/M6 ; date exacte non attestée
outputs/helmholtz_screen_v1/m6/seed_00033/model.pt,21105,.pt,b230e51597db83f10a6ffedbc86379af235f758585f1dfc967f5c8c2cf49a77f,V06,preserved,local_commit:656050cae337f96fdab3b47ec862ccae4f1c9601,outputs/helmholtz_screen_v1/m6/seed_00033/model.pt,Expériences antérieures M0/M1/M3/M5/M6 ; date exacte non attestée
outputs/helmholtz_screen_v1/m6/seed_00033/summary.json,1925,.json,9630569dd99979b0977d7bb517a8e7b732e0b67958a657bd64825c176ed5c694,V06,preserved,local_commit:656050cae337f96fdab3b47ec862ccae4f1c9601,outputs/helmholtz_screen_v1/m6/seed_00033/summary.json,Expériences antérieures M0/M1/M3/M5/M6 ; date exacte non attestée
outputs/helmholtz_screen_v1/m6/seed_00044/checkpoint_0000600.pt,21799,.pt,af2dcdfb3335b549b6d55ea9553702dd3bf4c4280ec3e6cb34f4f20dc11f480b,V06,preserved,local_commit:656050cae337f96fdab3b47ec862ccae4f1c9601,outputs/helmholtz_screen_v1/m6/seed_00044/checkpoint_0000600.pt,Expériences antérieures M0/M1/M3/M5/M6 ; date exacte non attestée
outputs/helmholtz_screen_v1/m6/seed_00044/config.resolved.yaml,1221,.yaml,b88128e37055fab3069947c21757ef59bc68c4ed5f0e5c6ee1a22ce08723a024,V06,preserved,local_commit:656050cae337f96fdab3b47ec862ccae4f1c9601,outputs/helmholtz_screen_v1/m6/seed_00044/config.resolved.yaml,Expériences antérieures M0/M1/M3/M5/M6 ; date exacte non attestée
outputs/helmholtz_screen_v1/m6/seed_00044/environment.json,270,.json,81e8b8ec1f0e36812a60c59a8df82f8463f4b7cdc0f374d41177cd34430c2417,V06,preserved,local_commit:656050cae337f96fdab3b47ec862ccae4f1c9601,outputs/helmholtz_screen_v1/m6/seed_00044/environment.json,Expériences antérieures M0/M1/M3/M5/M6 ; date exacte non attestée
outputs/helmholtz_screen_v1/m6/seed_00044/metrics.csv,9390,.csv,1160a5829042646df8f950702cb9a7dc896b9681764d56067d2a5fc87ef8cdc5,V06,preserved,local_commit:656050cae337f96fdab3b47ec862ccae4f1c9601,outputs/helmholtz_screen_v1/m6/seed_00044/metrics.csv,Expériences antérieures M0/M1/M3/M5/M6 ; date exacte non attestée
outputs/helmholtz_screen_v1/m6/seed_00044/model.pt,21105,.pt,f31cbca9fd661171e748e1b23d6c2dc71fce529aca6722ab392281bb9568bf64,V06,preserved,local_commit:656050cae337f96fdab3b47ec862ccae4f1c9601,outputs/helmholtz_screen_v1/m6/seed_00044/model.pt,Expériences antérieures M0/M1/M3/M5/M6 ; date exacte non attestée
outputs/helmholtz_screen_v1/m6/seed_00044/summary.json,1919,.json,ae17d0457cae39cdab9650d8cc6e2081a83c48104ce7fad1a77f76ff4628ea60,V06,preserved,local_commit:656050cae337f96fdab3b47ec862ccae4f1c9601,outputs/helmholtz_screen_v1/m6/seed_00044/summary.json,Expériences antérieures M0/M1/M3/M5/M6 ; date exacte non attestée
outputs/helmholtz_screen_v1/m6/seed_00055/checkpoint_0000600.pt,21799,.pt,d6ea8b5cc16d3fcaaad4b7c5786d3f79b484d74062bbd564e79b7893d9e6181e,V06,preserved,local_commit:656050cae337f96fdab3b47ec862ccae4f1c9601,outputs/helmholtz_screen_v1/m6/seed_00055/checkpoint_0000600.pt,Expériences antérieures M0/M1/M3/M5/M6 ; date exacte non attestée
outputs/helmholtz_screen_v1/m6/seed_00055/config.resolved.yaml,1221,.yaml,ca3f07dfcc95e34cd779927241ed42b97a73fc3b4ae726e2d2b6fd12c14bbe94,V06,preserved,local_commit:656050cae337f96fdab3b47ec862ccae4f1c9601,outputs/helmholtz_screen_v1/m6/seed_00055/config.resolved.yaml,Expériences antérieures M0/M1/M3/M5/M6 ; date exacte non attestée
outputs/helmholtz_screen_v1/m6/seed_00055/environment.json,270,.json,81e8b8ec1f0e36812a60c59a8df82f8463f4b7cdc0f374d41177cd34430c2417,V06,preserved,local_commit:656050cae337f96fdab3b47ec862ccae4f1c9601,outputs/helmholtz_screen_v1/m6/seed_00055/environment.json,Expériences antérieures M0/M1/M3/M5/M6 ; date exacte non attestée
outputs/helmholtz_screen_v1/m6/seed_00055/metrics.csv,9405,.csv,7b7c78482bdf32bd2c0814dcc3ef31d3ce45323f280ec9a4ef8dc81597248e0c,V06,preserved,local_commit:656050cae337f96fdab3b47ec862ccae4f1c9601,outputs/helmholtz_screen_v1/m6/seed_00055/metrics.csv,Expériences antérieures M0/M1/M3/M5/M6 ; date exacte non attestée
outputs/helmholtz_screen_v1/m6/seed_00055/model.pt,21105,.pt,4029196d5e6907c1db0948025dca995beb1ac0c48bb7966c13d49af6b27f3750,V06,preserved,local_commit:656050cae337f96fdab3b47ec862ccae4f1c9601,outputs/helmholtz_screen_v1/m6/seed_00055/model.pt,Expériences antérieures M0/M1/M3/M5/M6 ; date exacte non attestée
outputs/helmholtz_screen_v1/m6/seed_00055/summary.json,1919,.json,d4cd7b244857657d3991710ae71c05b900321b5c847167cac0a14308f7dfe90d,V06,preserved,local_commit:656050cae337f96fdab3b47ec862ccae4f1c9601,outputs/helmholtz_screen_v1/m6/seed_00055/summary.json,Expériences antérieures M0/M1/M3/M5/M6 ; date exacte non attestée
outputs/helmholtz_screen_v1/m6/seed_00066/checkpoint_0000600.pt,21799,.pt,cd5b487804717237b35bc4e3f66c545c56b7a39784aae79ac67c0d74b0eedafd,V06,preserved,local_commit:656050cae337f96fdab3b47ec862ccae4f1c9601,outputs/helmholtz_screen_v1/m6/seed_00066/checkpoint_0000600.pt,Expériences antérieures M0/M1/M3/M5/M6 ; date exacte non attestée
outputs/helmholtz_screen_v1/m6/seed_00066/config.resolved.yaml,1221,.yaml,bc83e8839764a78f4084585bf119b0290f4ea8d068f05b937ac8176ecc07a15c,V06,preserved,local_commit:656050cae337f96fdab3b47ec862ccae4f1c9601,outputs/helmholtz_screen_v1/m6/seed_00066/config.resolved.yaml,Expériences antérieures M0/M1/M3/M5/M6 ; date exacte non attestée
outputs/helmholtz_screen_v1/m6/seed_00066/environment.json,270,.json,81e8b8ec1f0e36812a60c59a8df82f8463f4b7cdc0f374d41177cd34430c2417,V06,preserved,local_commit:656050cae337f96fdab3b47ec862ccae4f1c9601,outputs/helmholtz_screen_v1/m6/seed_00066/environment.json,Expériences antérieures M0/M1/M3/M5/M6 ; date exacte non attestée
outputs/helmholtz_screen_v1/m6/seed_00066/metrics.csv,9398,.csv,e24f4276f778c9692bb46aed7f83e1ea4c72671c273b1b9479b490d5077d8917,V06,preserved,local_commit:656050cae337f96fdab3b47ec862ccae4f1c9601,outputs/helmholtz_screen_v1/m6/seed_00066/metrics.csv,Expériences antérieures M0/M1/M3/M5/M6 ; date exacte non attestée
outputs/helmholtz_screen_v1/m6/seed_00066/model.pt,21105,.pt,d4610b1390fde0b0a220d0931822f024a63fcd51b809214a41f0391f0550a9c1,V06,preserved,local_commit:656050cae337f96fdab3b47ec862ccae4f1c9601,outputs/helmholtz_screen_v1/m6/seed_00066/model.pt,Expériences antérieures M0/M1/M3/M5/M6 ; date exacte non attestée
outputs/helmholtz_screen_v1/m6/seed_00066/summary.json,1925,.json,37a1a0ce3104985ceeb54fd0f9c030444f2f55e4d697cb540eb820043c699b56,V06,preserved,local_commit:656050cae337f96fdab3b47ec862ccae4f1c9601,outputs/helmholtz_screen_v1/m6/seed_00066/summary.json,Expériences antérieures M0/M1/M3/M5/M6 ; date exacte non attestée
outputs/helmholtz_screen_v1/m6/seed_00077/checkpoint_0000600.pt,21799,.pt,2eecad6fc68a54ca6b4d05bcd240417c354c9513c5c8542e99a8b98f64002424,V06,preserved,local_commit:656050cae337f96fdab3b47ec862ccae4f1c9601,outputs/helmholtz_screen_v1/m6/seed_00077/checkpoint_0000600.pt,Expériences antérieures M0/M1/M3/M5/M6 ; date exacte non attestée
outputs/helmholtz_screen_v1/m6/seed_00077/config.resolved.yaml,1221,.yaml,1c18d57866d7e640ee085823b70e1e02e44cb0c69270146cc14b41618ff82cad,V06,preserved,local_commit:656050cae337f96fdab3b47ec862ccae4f1c9601,outputs/helmholtz_screen_v1/m6/seed_00077/config.resolved.yaml,Expériences antérieures M0/M1/M3/M5/M6 ; date exacte non attestée
outputs/helmholtz_screen_v1/m6/seed_00077/environment.json,270,.json,81e8b8ec1f0e36812a60c59a8df82f8463f4b7cdc0f374d41177cd34430c2417,V06,preserved,local_commit:656050cae337f96fdab3b47ec862ccae4f1c9601,outputs/helmholtz_screen_v1/m6/seed_00077/environment.json,Expériences antérieures M0/M1/M3/M5/M6 ; date exacte non attestée
outputs/helmholtz_screen_v1/m6/seed_00077/metrics.csv,9405,.csv,7bab678b90ed5447f1d0f11c4b185320ab95ea434afd407a3ed3c76b7ce1b535,V06,preserved,local_commit:656050cae337f96fdab3b47ec862ccae4f1c9601,outputs/helmholtz_screen_v1/m6/seed_00077/metrics.csv,Expériences antérieures M0/M1/M3/M5/M6 ; date exacte non attestée
outputs/helmholtz_screen_v1/m6/seed_00077/model.pt,21105,.pt,ca4396a20bb02cd35d98a398ad14091adf131356b1b0ddf2471c089a41ca3148,V06,preserved,local_commit:656050cae337f96fdab3b47ec862ccae4f1c9601,outputs/helmholtz_screen_v1/m6/seed_00077/model.pt,Expériences antérieures M0/M1/M3/M5/M6 ; date exacte non attestée
outputs/helmholtz_screen_v1/m6/seed_00077/summary.json,1922,.json,71d03206522539b164003d04c55aa39df3bf5f1213252edd782d32e7ee87c8c2,V06,preserved,local_commit:656050cae337f96fdab3b47ec862ccae4f1c9601,outputs/helmholtz_screen_v1/m6/seed_00077/summary.json,Expériences antérieures M0/M1/M3/M5/M6 ; date exacte non attestée
outputs/helmholtz_screen_v1/m6/seed_00088/checkpoint_0000600.pt,21799,.pt,b1ecc81081cd0aa2df0827ef5e3d29c467fc6f9f19fb8de1168ab543904e377a,V06,preserved,local_commit:656050cae337f96fdab3b47ec862ccae4f1c9601,outputs/helmholtz_screen_v1/m6/seed_00088/checkpoint_0000600.pt,Expériences antérieures M0/M1/M3/M5/M6 ; date exacte non attestée
outputs/helmholtz_screen_v1/m6/seed_00088/config.resolved.yaml,1221,.yaml,f5def0d08f37dac2a6504dcc22b0a2fe8c893df569fbc084db3fd1515223ed35,V06,preserved,local_commit:656050cae337f96fdab3b47ec862ccae4f1c9601,outputs/helmholtz_screen_v1/m6/seed_00088/config.resolved.yaml,Expériences antérieures M0/M1/M3/M5/M6 ; date exacte non attestée
outputs/helmholtz_screen_v1/m6/seed_00088/environment.json,270,.json,81e8b8ec1f0e36812a60c59a8df82f8463f4b7cdc0f374d41177cd34430c2417,V06,preserved,local_commit:656050cae337f96fdab3b47ec862ccae4f1c9601,outputs/helmholtz_screen_v1/m6/seed_00088/environment.json,Expériences antérieures M0/M1/M3/M5/M6 ; date exacte non attestée
outputs/helmholtz_screen_v1/m6/seed_00088/metrics.csv,9412,.csv,801763f7dc52a0f874fb6e2e8e0c0f572c2c548a17eecc6c3f607e4272331fca,V06,preserved,local_commit:656050cae337f96fdab3b47ec862ccae4f1c9601,outputs/helmholtz_screen_v1/m6/seed_00088/metrics.csv,Expériences antérieures M0/M1/M3/M5/M6 ; date exacte non attestée
outputs/helmholtz_screen_v1/m6/seed_00088/model.pt,21105,.pt,b41a8e261ffaf19b11795ee14887d3a506722be8971c13841f9324b1596bda36,V06,preserved,local_commit:656050cae337f96fdab3b47ec862ccae4f1c9601,outputs/helmholtz_screen_v1/m6/seed_00088/model.pt,Expériences antérieures M0/M1/M3/M5/M6 ; date exacte non attestée
outputs/helmholtz_screen_v1/m6/seed_00088/summary.json,1920,.json,0456feb5401210a49d2584741a797106bef6abeee526ef12039ebfc5f1fdae38,V06,preserved,local_commit:656050cae337f96fdab3b47ec862ccae4f1c9601,outputs/helmholtz_screen_v1/m6/seed_00088/summary.json,Expériences antérieures M0/M1/M3/M5/M6 ; date exacte non attestée
outputs/helmholtz_screen_v1/m6/seed_00099/checkpoint_0000600.pt,21799,.pt,6702ada8fe5934fbcb4dcfac548fe4bd039db76602880b69811f6da10198801d,V06,preserved,local_commit:656050cae337f96fdab3b47ec862ccae4f1c9601,outputs/helmholtz_screen_v1/m6/seed_00099/checkpoint_0000600.pt,Expériences antérieures M0/M1/M3/M5/M6 ; date exacte non attestée
outputs/helmholtz_screen_v1/m6/seed_00099/config.resolved.yaml,1221,.yaml,7542139be11f76bb5d399bec8927b6c75cd9986b8b7f90262b03661eff2e0492,V06,preserved,local_commit:656050cae337f96fdab3b47ec862ccae4f1c9601,outputs/helmholtz_screen_v1/m6/seed_00099/config.resolved.yaml,Expériences antérieures M0/M1/M3/M5/M6 ; date exacte non attestée
outputs/helmholtz_screen_v1/m6/seed_00099/environment.json,270,.json,81e8b8ec1f0e36812a60c59a8df82f8463f4b7cdc0f374d41177cd34430c2417,V06,preserved,local_commit:656050cae337f96fdab3b47ec862ccae4f1c9601,outputs/helmholtz_screen_v1/m6/seed_00099/environment.json,Expériences antérieures M0/M1/M3/M5/M6 ; date exacte non attestée
outputs/helmholtz_screen_v1/m6/seed_00099/metrics.csv,9412,.csv,06bb40856db0d819f0c3031f65c36df315ca9c2799d39ffc92ea7da6a2299a75,V06,preserved,local_commit:656050cae337f96fdab3b47ec862ccae4f1c9601,outputs/helmholtz_screen_v1/m6/seed_00099/metrics.csv,Expériences antérieures M0/M1/M3/M5/M6 ; date exacte non attestée
outputs/helmholtz_screen_v1/m6/seed_00099/model.pt,21105,.pt,2cc289600ef3c087129c337f3de09d66c88204b11b56b32c9a4c8d2ed4385ced,V06,preserved,local_commit:656050cae337f96fdab3b47ec862ccae4f1c9601,outputs/helmholtz_screen_v1/m6/seed_00099/model.pt,Expériences antérieures M0/M1/M3/M5/M6 ; date exacte non attestée
outputs/helmholtz_screen_v1/m6/seed_00099/summary.json,1922,.json,c6406efab79ecac98e1d97da865eb26b2b090ccd798cbbc4192cb2d60543b3ab,V06,preserved,local_commit:656050cae337f96fdab3b47ec862ccae4f1c9601,outputs/helmholtz_screen_v1/m6/seed_00099/summary.json,Expériences antérieures M0/M1/M3/M5/M6 ; date exacte non attestée
outputs/helmholtz_screen_v1/m6/seed_00111/checkpoint_0000600.pt,21799,.pt,1d65ab0cb3e54d7926a4734cc3a7d81453d29ce6c45473693ce90c5a2beda3f0,V06,preserved,local_commit:656050cae337f96fdab3b47ec862ccae4f1c9601,outputs/helmholtz_screen_v1/m6/seed_00111/checkpoint_0000600.pt,Expériences antérieures M0/M1/M3/M5/M6 ; date exacte non attestée
outputs/helmholtz_screen_v1/m6/seed_00111/config.resolved.yaml,1222,.yaml,9b30d51196a66fef9d8790fab538fbaecf56127a744808d15ce86d7eefc64423,V06,preserved,local_commit:656050cae337f96fdab3b47ec862ccae4f1c9601,outputs/helmholtz_screen_v1/m6/seed_00111/config.resolved.yaml,Expériences antérieures M0/M1/M3/M5/M6 ; date exacte non attestée
outputs/helmholtz_screen_v1/m6/seed_00111/environment.json,270,.json,81e8b8ec1f0e36812a60c59a8df82f8463f4b7cdc0f374d41177cd34430c2417,V06,preserved,local_commit:656050cae337f96fdab3b47ec862ccae4f1c9601,outputs/helmholtz_screen_v1/m6/seed_00111/environment.json,Expériences antérieures M0/M1/M3/M5/M6 ; date exacte non attestée
outputs/helmholtz_screen_v1/m6/seed_00111/metrics.csv,9409,.csv,dc914254cbbdc21678939b72eef102a47eb0543e266ad5e2ab22600a68b759fa,V06,preserved,local_commit:656050cae337f96fdab3b47ec862ccae4f1c9601,outputs/helmholtz_screen_v1/m6/seed_00111/metrics.csv,Expériences antérieures M0/M1/M3/M5/M6 ; date exacte non attestée
outputs/helmholtz_screen_v1/m6/seed_00111/model.pt,21105,.pt,9dfe20a3461250d0f3afdee8bd8de177d5462d40d020a96ca4228b5ca4d87ba2,V06,preserved,local_commit:656050cae337f96fdab3b47ec862ccae4f1c9601,outputs/helmholtz_screen_v1/m6/seed_00111/model.pt,Expériences antérieures M0/M1/M3/M5/M6 ; date exacte non attestée
outputs/helmholtz_screen_v1/m6/seed_00111/summary.json,1924,.json,b4f3ff9ee64573b0ad26e6cdcdaa4cb9656e568defa793553653005569f1b0e9,V06,preserved,local_commit:656050cae337f96fdab3b47ec862ccae4f1c9601,outputs/helmholtz_screen_v1/m6/seed_00111/summary.json,Expériences antérieures M0/M1/M3/M5/M6 ; date exacte non attestée
outputs/reports/article1_current_evidence/REPORT.md,3582,.md,dee0fafef0dae04b853c5e09a139ea8e7b9b5c92e649cb4c7ce711793dfb7c35,V06,preserved,local_commit:656050cae337f96fdab3b47ec862ccae4f1c9601,outputs/reports/article1_current_evidence/REPORT.md,Expériences antérieures M0/M1/M3/M5/M6 ; date exacte non attestée
outputs/reports/article1_current_evidence/campaign.resolved.yaml,1536,.yaml,fe3d6949c2d77f1bfba4d5c5823068228b493ea81fc4b16c95c044e0ca1d3d24,V06,preserved,local_commit:656050cae337f96fdab3b47ec862ccae4f1c9601,outputs/reports/article1_current_evidence/campaign.resolved.yaml,Expériences antérieures M0/M1/M3/M5/M6 ; date exacte non attestée
outputs/reports/article1_current_evidence/campaign_summary.json,4184,.json,251919cb55de7ccc74227f7218fb91b7eaf8b113751a879370dccb7c0c5a77d8,V06,preserved,local_commit:656050cae337f96fdab3b47ec862ccae4f1c9601,outputs/reports/article1_current_evidence/campaign_summary.json,Expériences antérieures M0/M1/M3/M5/M6 ; date exacte non attestée
outputs/reports/article1_current_evidence/data/runs.csv,53176,.csv,df1a5c88f3e70a5fb346f5ce9adf4ee4c02e3604a2519ee4f0b5f71347e1ce88,V06,preserved,local_commit:656050cae337f96fdab3b47ec862ccae4f1c9601,outputs/reports/article1_current_evidence/data/runs.csv,Expériences antérieures M0/M1/M3/M5/M6 ; date exacte non attestée
outputs/reports/article1_current_evidence/figures/convergence_allen_cahn.pdf,15279,.pdf,2d2080e861325c59412e9e529390609deba0397d8ca7b57c73e934ca629ac072,V06,preserved,local_commit:656050cae337f96fdab3b47ec862ccae4f1c9601,outputs/reports/article1_current_evidence/figures/convergence_allen_cahn.pdf,Expériences antérieures M0/M1/M3/M5/M6 ; date exacte non attestée
outputs/reports/article1_current_evidence/figures/convergence_allen_cahn.png,138467,.png,d6adb5e3490da75f2031aed96c8596a99c291255643ec242c524e55e3d2575cb,V06,preserved,local_commit:656050cae337f96fdab3b47ec862ccae4f1c9601,outputs/reports/article1_current_evidence/figures/convergence_allen_cahn.png,Expériences antérieures M0/M1/M3/M5/M6 ; date exacte non attestée
outputs/reports/article1_current_evidence/figures/convergence_block_missing.pdf,16913,.pdf,e0df6d391adeaf418f083ff61062e3056ae8fc71b837c6226bfbddc0fd5b036d,V06,preserved,local_commit:656050cae337f96fdab3b47ec862ccae4f1c9601,outputs/reports/article1_current_evidence/figures/convergence_block_missing.pdf,Expériences antérieures M0/M1/M3/M5/M6 ; date exacte non attestée
outputs/reports/article1_current_evidence/figures/convergence_block_missing.png,145115,.png,0147aa385a7a651864cdc796ac784ee1ad73a8cd40d0514d6e0b921587ee9c7f,V06,preserved,local_commit:656050cae337f96fdab3b47ec862ccae4f1c9601,outputs/reports/article1_current_evidence/figures/convergence_block_missing.png,Expériences antérieures M0/M1/M3/M5/M6 ; date exacte non attestée
outputs/reports/article1_current_evidence/figures/convergence_burgers_long.pdf,16806,.pdf,ad4d8528cf302d7d5b5006be6d8fbbf31615db4878493891107dbbeba096a9e3,V06,preserved,local_commit:656050cae337f96fdab3b47ec862ccae4f1c9601,outputs/reports/article1_current_evidence/figures/convergence_burgers_long.pdf,Expériences antérieures M0/M1/M3/M5/M6 ; date exacte non attestée
outputs/reports/article1_current_evidence/figures/convergence_burgers_long.png,137914,.png,a69ccbe4cd3a029935f0f340b09ba835ddb061bfda15bf74e4b0365c94ef8108,V06,preserved,local_commit:656050cae337f96fdab3b47ec862ccae4f1c9601,outputs/reports/article1_current_evidence/figures/convergence_burgers_long.png,Expériences antérieures M0/M1/M3/M5/M6 ; date exacte non attestée
outputs/reports/article1_current_evidence/figures/convergence_extreme_noise.pdf,15922,.pdf,a7cbe66ce720793a62b16dde6d61c6b47d25a1af7c4fef4a592dab39be9cefcf,V06,preserved,local_commit:656050cae337f96fdab3b47ec862ccae4f1c9601,outputs/reports/article1_current_evidence/figures/convergence_extreme_noise.pdf,Expériences antérieures M0/M1/M3/M5/M6 ; date exacte non attestée
outputs/reports/article1_current_evidence/figures/convergence_extreme_noise.png,121231,.png,e968cc8c8c3ddfd7d5c1efbda28d5158b40c835995c84c3f96779e10d69adc55,V06,preserved,local_commit:656050cae337f96fdab3b47ec862ccae4f1c9601,outputs/reports/article1_current_evidence/figures/convergence_extreme_noise.png,Expériences antérieures M0/M1/M3/M5/M6 ; date exacte non attestée
outputs/reports/article1_current_evidence/figures/convergence_helmholtz.pdf,15396,.pdf,866b8c120f48384e4c65a11ccc3e6dd3a197e4c3511dda88a908d4405c5d06f7,V06,preserved,local_commit:656050cae337f96fdab3b47ec862ccae4f1c9601,outputs/reports/article1_current_evidence/figures/convergence_helmholtz.pdf,Expériences antérieures M0/M1/M3/M5/M6 ; date exacte non attestée
outputs/reports/article1_current_evidence/figures/convergence_helmholtz.png,154449,.png,35c681acc0ddd28e573ddb241825c4b01c503caedcb3b5109998d69c4a672cd7,V06,preserved,local_commit:656050cae337f96fdab3b47ec862ccae4f1c9601,outputs/reports/article1_current_evidence/figures/convergence_helmholtz.png,Expériences antérieures M0/M1/M3/M5/M6 ; date exacte non attestée
outputs/reports/article1_current_evidence/figures/convergence_sparse_clean.pdf,16241,.pdf,5a7a3a98b2ef0711c90201c959949e653675528fda0d3d4bcbf37b0156811e2a,V06,preserved,local_commit:656050cae337f96fdab3b47ec862ccae4f1c9601,outputs/reports/article1_current_evidence/figures/convergence_sparse_clean.pdf,Expériences antérieures M0/M1/M3/M5/M6 ; date exacte non attestée
outputs/reports/article1_current_evidence/figures/convergence_sparse_clean.png,147401,.png,f1ed8212b7031b75c34b94315eeeef712649bb60a10739032ee1d394f9f278a3,V06,preserved,local_commit:656050cae337f96fdab3b47ec862ccae4f1c9601,outputs/reports/article1_current_evidence/figures/convergence_sparse_clean.png,Expériences antérieures M0/M1/M3/M5/M6 ; date exacte non attestée
outputs/reports/article1_current_evidence/figures/convergence_sparse_noisy.pdf,16595,.pdf,ca7d2e95fc4b07f1e159de53e3cbc052cf0ad8a5f5e625d6c4ffd8f327635354,V06,preserved,local_commit:656050cae337f96fdab3b47ec862ccae4f1c9601,outputs/reports/article1_current_evidence/figures/convergence_sparse_noisy.pdf,Expériences antérieures M0/M1/M3/M5/M6 ; date exacte non attestée
outputs/reports/article1_current_evidence/figures/convergence_sparse_noisy.png,141477,.png,763fe59d0f852cacbdf6ac55af179fc32a9cc4f569fc67af9ad7dbbf41e52b3b,V06,preserved,local_commit:656050cae337f96fdab3b47ec862ccae4f1c9601,outputs/reports/article1_current_evidence/figures/convergence_sparse_noisy.png,Expériences antérieures M0/M1/M3/M5/M6 ; date exacte non attestée
outputs/reports/article1_current_evidence/figures/convergence_wave.pdf,14960,.pdf,268d964f0255383f9a04d46861e758d4f4d75b515cc589a3e42932f4ace33ba7,V06,preserved,local_commit:656050cae337f96fdab3b47ec862ccae4f1c9601,outputs/reports/article1_current_evidence/figures/convergence_wave.pdf,Expériences antérieures M0/M1/M3/M5/M6 ; date exacte non attestée
outputs/reports/article1_current_evidence/figures/convergence_wave.png,135640,.png,2370154445dad483144bb02fd706b9e84baccca42083b1c046ccc85208ef569e,V06,preserved,local_commit:656050cae337f96fdab3b47ec862ccae4f1c9601,outputs/reports/article1_current_evidence/figures/convergence_wave.png,Expériences antérieures M0/M1/M3/M5/M6 ; date exacte non attestée
outputs/reports/article1_current_evidence/figures/cost_accuracy.pdf,17470,.pdf,14852a3789bf75138f4153b616fa94a264f966243eb11f1fdd76916fba858839,V06,preserved,local_commit:656050cae337f96fdab3b47ec862ccae4f1c9601,outputs/reports/article1_current_evidence/figures/cost_accuracy.pdf,Expériences antérieures M0/M1/M3/M5/M6 ; date exacte non attestée
outputs/reports/article1_current_evidence/figures/cost_accuracy.png,118890,.png,1d4fa5d587828204f6747ad15a6b0708cede3c47295f19cff08bfb5c067a7224,V06,preserved,local_commit:656050cae337f96fdab3b47ec862ccae4f1c9601,outputs/reports/article1_current_evidence/figures/cost_accuracy.png,Expériences antérieures M0/M1/M3/M5/M6 ; date exacte non attestée
outputs/reports/article1_current_evidence/figures/paired_relative_l2_forest.pdf,20155,.pdf,6f29ef7b4829587a3aabcf7048491ac20cbd4f95401f9b97b222a15f32f48e0f,V06,preserved,local_commit:656050cae337f96fdab3b47ec862ccae4f1c9601,outputs/reports/article1_current_evidence/figures/paired_relative_l2_forest.pdf,Expériences antérieures M0/M1/M3/M5/M6 ; date exacte non attestée
outputs/reports/article1_current_evidence/figures/paired_relative_l2_forest.png,188507,.png,96b1d9af72344b18ce7a81582a4f2f04effd376c7acc680cfcba98985bce7020,V06,preserved,local_commit:656050cae337f96fdab3b47ec862ccae4f1c9601,outputs/reports/article1_current_evidence/figures/paired_relative_l2_forest.png,Expériences antérieures M0/M1/M3/M5/M6 ; date exacte non attestée
outputs/reports/article1_current_evidence/figures/relative_l2_boxplot.pdf,20180,.pdf,ee0661957662d2acc620e390c54ca035190ba3a175aff301ea4e4a23c3b4d368,V06,preserved,local_commit:656050cae337f96fdab3b47ec862ccae4f1c9601,outputs/reports/article1_current_evidence/figures/relative_l2_boxplot.pdf,Expériences antérieures M0/M1/M3/M5/M6 ; date exacte non attestée
outputs/reports/article1_current_evidence/figures/relative_l2_boxplot.png,279090,.png,f4af2205fe6da748373bee87f502e9d29995d2172abbf4a1fcd66e98d8b16bd6,V06,preserved,local_commit:656050cae337f96fdab3b47ec862ccae4f1c9601,outputs/reports/article1_current_evidence/figures/relative_l2_boxplot.png,Expériences antérieures M0/M1/M3/M5/M6 ; date exacte non attestée
outputs/reports/article1_current_evidence/figures/stability_boxplot.pdf,20836,.pdf,a21911d2fcec774b84964d14a56d664982b6e976db751cbd91bbd2e62e5e96de,V06,preserved,local_commit:656050cae337f96fdab3b47ec862ccae4f1c9601,outputs/reports/article1_current_evidence/figures/stability_boxplot.pdf,Expériences antérieures M0/M1/M3/M5/M6 ; date exacte non attestée
outputs/reports/article1_current_evidence/figures/stability_boxplot.png,306556,.png,6126b49321c090874d4940713e0cb48dd10c614745627bff7303fca17f948ad3,V06,preserved,local_commit:656050cae337f96fdab3b47ec862ccae4f1c9601,outputs/reports/article1_current_evidence/figures/stability_boxplot.png,Expériences antérieures M0/M1/M3/M5/M6 ; date exacte non attestée
outputs/reports/article1_current_evidence/figures/training_time_boxplot.pdf,18333,.pdf,55a719c48ee230032e1c80b9747a1428147b86891455819ef2a627873b491516,V06,preserved,local_commit:656050cae337f96fdab3b47ec862ccae4f1c9601,outputs/reports/article1_current_evidence/figures/training_time_boxplot.pdf,Expériences antérieures M0/M1/M3/M5/M6 ; date exacte non attestée
outputs/reports/article1_current_evidence/figures/training_time_boxplot.png,269918,.png,3bfc079abf0a11024466046bd748b1f2780a1de36fba5b653ea228abcb9b7aeb,V06,preserved,local_commit:656050cae337f96fdab3b47ec862ccae4f1c9601,outputs/reports/article1_current_evidence/figures/training_time_boxplot.png,Expériences antérieures M0/M1/M3/M5/M6 ; date exacte non attestée
outputs/reports/article1_current_evidence/report_manifest.json,4105,.json,774efa0821e2abf5d67eb1518c274613fa93a850a2a911169580474786e9d010,V06,preserved,local_commit:656050cae337f96fdab3b47ec862ccae4f1c9601,outputs/reports/article1_current_evidence/report_manifest.json,Expériences antérieures M0/M1/M3/M5/M6 ; date exacte non attestée
outputs/reports/article1_current_evidence/tables/method_summary.csv,12729,.csv,c011e9ad4067537d59b6f91158c47d37f75fd7a9562f953f77ffcf66c64c2944,V06,preserved,local_commit:656050cae337f96fdab3b47ec862ccae4f1c9601,outputs/reports/article1_current_evidence/tables/method_summary.csv,Expériences antérieures M0/M1/M3/M5/M6 ; date exacte non attestée
outputs/reports/article1_current_evidence/tables/paired_summary.csv,28232,.csv,52aa04404332fd6d10231be8ea638b4b5d19230de3a7effc21bbf5803a370e5a,V06,preserved,local_commit:656050cae337f96fdab3b47ec862ccae4f1c9601,outputs/reports/article1_current_evidence/tables/paired_summary.csv,Expériences antérieures M0/M1/M3/M5/M6 ; date exacte non attestée
outputs/reports/article1_current_evidence/tables/table_main_results.tex,1801,.tex,2c7575f4a2d0c0a4e9b7bd3459dbdb53bc13c55a14aa4cb533c8ec1b3ddfd11b,V06,preserved,local_commit:656050cae337f96fdab3b47ec862ccae4f1c9601,outputs/reports/article1_current_evidence/tables/table_main_results.tex,Expériences antérieures M0/M1/M3/M5/M6 ; date exacte non attestée
outputs/reports/article1_current_evidence/tables/table_paired_contrasts.tex,2391,.tex,342939ec133e3922964e4f209cd494090ea323cdd6468db980d3179286d6478e,V06,preserved,local_commit:656050cae337f96fdab3b47ec862ccae4f1c9601,outputs/reports/article1_current_evidence/tables/table_paired_contrasts.tex,Expériences antérieures M0/M1/M3/M5/M6 ; date exacte non attestée
outputs/reports/article1_helmholtz_calibrated/REPORT.md,2908,.md,ac99957ec71caf6669f30fd66305ff79c746aea44a7a7bd5baf55c7e274fdc8e,V06,preserved,local_commit:656050cae337f96fdab3b47ec862ccae4f1c9601,outputs/reports/article1_helmholtz_calibrated/REPORT.md,Expériences antérieures M0/M1/M3/M5/M6 ; date exacte non attestée
outputs/reports/article1_helmholtz_calibrated/campaign.resolved.yaml,633,.yaml,a7c0d6ab63b5165c6e699a1851e898494ae35c0e7b2bec7910e93232b4c9774b,V06,preserved,local_commit:656050cae337f96fdab3b47ec862ccae4f1c9601,outputs/reports/article1_helmholtz_calibrated/campaign.resolved.yaml,Expériences antérieures M0/M1/M3/M5/M6 ; date exacte non attestée
outputs/reports/article1_helmholtz_calibrated/campaign_summary.json,2457,.json,b9121bb8dcdda273fe24bb6f406075c4c0310039fb964d5cbf645889a2683559,V06,preserved,local_commit:656050cae337f96fdab3b47ec862ccae4f1c9601,outputs/reports/article1_helmholtz_calibrated/campaign_summary.json,Expériences antérieures M0/M1/M3/M5/M6 ; date exacte non attestée
outputs/reports/article1_helmholtz_calibrated/data/runs.csv,32788,.csv,d55042637e40d2f3206d42726f840b5caa18965735ed3e522d107b4a5c939d20,V06,preserved,local_commit:656050cae337f96fdab3b47ec862ccae4f1c9601,outputs/reports/article1_helmholtz_calibrated/data/runs.csv,Expériences antérieures M0/M1/M3/M5/M6 ; date exacte non attestée
outputs/reports/article1_helmholtz_calibrated/figures/convergence_helmholtz_calibrated.pdf,24852,.pdf,634e85ea250fd49dd506d9200a59cf470b24d897cb3fb41cf0cdc0eaf25efade,V06,preserved,local_commit:656050cae337f96fdab3b47ec862ccae4f1c9601,outputs/reports/article1_helmholtz_calibrated/figures/convergence_helmholtz_calibrated.pdf,Expériences antérieures M0/M1/M3/M5/M6 ; date exacte non attestée
outputs/reports/article1_helmholtz_calibrated/figures/convergence_helmholtz_calibrated.png,236388,.png,30b604eb25eb9ef2fb880c4c952829413aebcc997772202e48b940404790a735,V06,preserved,local_commit:656050cae337f96fdab3b47ec862ccae4f1c9601,outputs/reports/article1_helmholtz_calibrated/figures/convergence_helmholtz_calibrated.png,Expériences antérieures M0/M1/M3/M5/M6 ; date exacte non attestée
outputs/reports/article1_helmholtz_calibrated/figures/cost_accuracy.pdf,17892,.pdf,008d97b55fdde6b0ad0fc26f4eacefa4fc0148aaa4e2c70be1f23a3bda190d66,V06,preserved,local_commit:656050cae337f96fdab3b47ec862ccae4f1c9601,outputs/reports/article1_helmholtz_calibrated/figures/cost_accuracy.pdf,Expériences antérieures M0/M1/M3/M5/M6 ; date exacte non attestée
outputs/reports/article1_helmholtz_calibrated/figures/cost_accuracy.png,150206,.png,23232a11bbefa61889f76831a05738bdbb426ed51db4c1df6ae80e8f27769983,V06,preserved,local_commit:656050cae337f96fdab3b47ec862ccae4f1c9601,outputs/reports/article1_helmholtz_calibrated/figures/cost_accuracy.png,Expériences antérieures M0/M1/M3/M5/M6 ; date exacte non attestée
outputs/reports/article1_helmholtz_calibrated/figures/paired_relative_l2_forest.pdf,18636,.pdf,55e5cead7b7d1f31b7311c78026264d3628a45d81cf85a9aa1ee021520b2eba6,V06,preserved,local_commit:656050cae337f96fdab3b47ec862ccae4f1c9601,outputs/reports/article1_helmholtz_calibrated/figures/paired_relative_l2_forest.pdf,Expériences antérieures M0/M1/M3/M5/M6 ; date exacte non attestée
outputs/reports/article1_helmholtz_calibrated/figures/paired_relative_l2_forest.png,174102,.png,4b58fdd82a67604c9422d013547a17035bf23dae82f0078239cb37b773d41240,V06,preserved,local_commit:656050cae337f96fdab3b47ec862ccae4f1c9601,outputs/reports/article1_helmholtz_calibrated/figures/paired_relative_l2_forest.png,Expériences antérieures M0/M1/M3/M5/M6 ; date exacte non attestée
outputs/reports/article1_helmholtz_calibrated/figures/relative_l2_boxplot.pdf,23430,.pdf,3ec7b44b8100afce192ca4eeb7b055d6c2a503e64b56e480d92f1710cdf88d12,V06,preserved,local_commit:656050cae337f96fdab3b47ec862ccae4f1c9601,outputs/reports/article1_helmholtz_calibrated/figures/relative_l2_boxplot.pdf,Expériences antérieures M0/M1/M3/M5/M6 ; date exacte non attestée
outputs/reports/article1_helmholtz_calibrated/figures/relative_l2_boxplot.png,137640,.png,cb660c84c170ad42676a2ed26f5713a2358ccaac87f2496e12b4d15bedc4e6c6,V06,preserved,local_commit:656050cae337f96fdab3b47ec862ccae4f1c9601,outputs/reports/article1_helmholtz_calibrated/figures/relative_l2_boxplot.png,Expériences antérieures M0/M1/M3/M5/M6 ; date exacte non attestée
outputs/reports/article1_helmholtz_calibrated/figures/stability_boxplot.pdf,22637,.pdf,e202d97c5af00203b960eba2fd35be0c290b44aaf1f954326b6a083f79641cf0,V06,preserved,local_commit:656050cae337f96fdab3b47ec862ccae4f1c9601,outputs/reports/article1_helmholtz_calibrated/figures/stability_boxplot.pdf,Expériences antérieures M0/M1/M3/M5/M6 ; date exacte non attestée
outputs/reports/article1_helmholtz_calibrated/figures/stability_boxplot.png,136903,.png,cec36c6f5557d12ae7738cec17072a3d27c49f7c7da5aa27659fb491c60b078c,V06,preserved,local_commit:656050cae337f96fdab3b47ec862ccae4f1c9601,outputs/reports/article1_helmholtz_calibrated/figures/stability_boxplot.png,Expériences antérieures M0/M1/M3/M5/M6 ; date exacte non attestée
outputs/reports/article1_helmholtz_calibrated/figures/training_time_boxplot.pdf,22708,.pdf,2721c54fa917a203686aed4081bfc1272a9d60d21dbc1d741c7db119b47689b4,V06,preserved,local_commit:656050cae337f96fdab3b47ec862ccae4f1c9601,outputs/reports/article1_helmholtz_calibrated/figures/training_time_boxplot.pdf,Expériences antérieures M0/M1/M3/M5/M6 ; date exacte non attestée
outputs/reports/article1_helmholtz_calibrated/figures/training_time_boxplot.png,163156,.png,dfbab76e67bc5c6fd884f8751c20b865d1a7649856061bcfa33af02880af3878,V06,preserved,local_commit:656050cae337f96fdab3b47ec862ccae4f1c9601,outputs/reports/article1_helmholtz_calibrated/figures/training_time_boxplot.png,Expériences antérieures M0/M1/M3/M5/M6 ; date exacte non attestée
outputs/reports/article1_helmholtz_calibrated/report_manifest.json,2379,.json,483e9060f289c42f520f354a81d36127617cb06bd4c46d426b4df84a94831373,V06,preserved,local_commit:656050cae337f96fdab3b47ec862ccae4f1c9601,outputs/reports/article1_helmholtz_calibrated/report_manifest.json,Expériences antérieures M0/M1/M3/M5/M6 ; date exacte non attestée
outputs/reports/article1_helmholtz_calibrated/tables/method_summary.csv,9539,.csv,6944921e3589cfcbb8f3bef68426343cbbfadfbf9346d4c29611dcdaf57373c3,V06,preserved,local_commit:656050cae337f96fdab3b47ec862ccae4f1c9601,outputs/reports/article1_helmholtz_calibrated/tables/method_summary.csv,Expériences antérieures M0/M1/M3/M5/M6 ; date exacte non attestée
outputs/reports/article1_helmholtz_calibrated/tables/paired_summary.csv,34466,.csv,57ef635f4c928aad13ac0ee46345c1ad249124273d231747ad62c46374b7d125,V06,preserved,local_commit:656050cae337f96fdab3b47ec862ccae4f1c9601,outputs/reports/article1_helmholtz_calibrated/tables/paired_summary.csv,Expériences antérieures M0/M1/M3/M5/M6 ; date exacte non attestée
outputs/reports/article1_helmholtz_calibrated/tables/table_main_results.tex,1130,.tex,2b32f8ef81569c46e7680b3187339658041b7aee57ebb3a43e2e7fc8d24a64d1,V06,preserved,local_commit:656050cae337f96fdab3b47ec862ccae4f1c9601,outputs/reports/article1_helmholtz_calibrated/tables/table_main_results.tex,Expériences antérieures M0/M1/M3/M5/M6 ; date exacte non attestée
outputs/reports/article1_helmholtz_calibrated/tables/table_paired_contrasts.tex,2095,.tex,6af3a15b30fa89b765c5f45d3e645d6b17430220f6d3b2c0b2e361f788564d8c,V06,preserved,local_commit:656050cae337f96fdab3b47ec862ccae4f1c9601,outputs/reports/article1_helmholtz_calibrated/tables/table_paired_contrasts.tex,Expériences antérieures M0/M1/M3/M5/M6 ; date exacte non attestée
outputs/reports/article1_pilot_automatic/REPORT.md,1961,.md,16005f524890955149097f35690786c14f1e5dedf432045f605ab149eebdad95,V06,preserved,local_commit:656050cae337f96fdab3b47ec862ccae4f1c9601,outputs/reports/article1_pilot_automatic/REPORT.md,Expériences antérieures M0/M1/M3/M5/M6 ; date exacte non attestée
outputs/reports/article1_pilot_automatic/campaign.resolved.yaml,394,.yaml,f75c529241362fe47ab04deb297bd7309d9a7b393049d50a2ee21f940668fdd0,V06,preserved,local_commit:656050cae337f96fdab3b47ec862ccae4f1c9601,outputs/reports/article1_pilot_automatic/campaign.resolved.yaml,Expériences antérieures M0/M1/M3/M5/M6 ; date exacte non attestée
outputs/reports/article1_pilot_automatic/campaign_summary.json,2353,.json,42e72d81c887b65fa743cd610a2b71ff42216aa1fa59186b3ed441070b5ffd8a,V06,preserved,local_commit:656050cae337f96fdab3b47ec862ccae4f1c9601,outputs/reports/article1_pilot_automatic/campaign_summary.json,Expériences antérieures M0/M1/M3/M5/M6 ; date exacte non attestée
outputs/reports/article1_pilot_automatic/data/runs.csv,5013,.csv,08a447187b734b10fddd2da4223226a3c9b43d4f478a3013cf21111eb50eb43b,V06,preserved,local_commit:656050cae337f96fdab3b47ec862ccae4f1c9601,outputs/reports/article1_pilot_automatic/data/runs.csv,Expériences antérieures M0/M1/M3/M5/M6 ; date exacte non attestée
outputs/reports/article1_pilot_automatic/figures/convergence_burgers_quick.pdf,18237,.pdf,7ff3995abb5073736d7d437f568b0d3754562aef91de8fb03a4dcca570886b48,V06,preserved,local_commit:656050cae337f96fdab3b47ec862ccae4f1c9601,outputs/reports/article1_pilot_automatic/figures/convergence_burgers_quick.pdf,Expériences antérieures M0/M1/M3/M5/M6 ; date exacte non attestée
outputs/reports/article1_pilot_automatic/figures/convergence_burgers_quick.png,240604,.png,5adf5aec1c47e83b2730bedab79b70665a71fb52b0f7ed75a28850952a9d67d7,V06,preserved,local_commit:656050cae337f96fdab3b47ec862ccae4f1c9601,outputs/reports/article1_pilot_automatic/figures/convergence_burgers_quick.png,Expériences antérieures M0/M1/M3/M5/M6 ; date exacte non attestée
outputs/reports/article1_pilot_automatic/figures/cost_accuracy.pdf,15469,.pdf,fc94ccb499116030bf7d82e882a2bc1282c04ba2a63575efbec6a21dc0a897c9,V06,preserved,local_commit:656050cae337f96fdab3b47ec862ccae4f1c9601,outputs/reports/article1_pilot_automatic/figures/cost_accuracy.pdf,Expériences antérieures M0/M1/M3/M5/M6 ; date exacte non attestée
outputs/reports/article1_pilot_automatic/figures/cost_accuracy.png,106490,.png,170377f09124016361c90d87d5715f845afa410f1e788e17dff7782136aeb98d,V06,preserved,local_commit:656050cae337f96fdab3b47ec862ccae4f1c9601,outputs/reports/article1_pilot_automatic/figures/cost_accuracy.png,Expériences antérieures M0/M1/M3/M5/M6 ; date exacte non attestée
outputs/reports/article1_pilot_automatic/figures/paired_relative_l2_forest.pdf,17554,.pdf,4cfeb3de5a3bbe6a04f61ac0e737fa76896cbefd64dbeb156e1a55642dab64b9,V06,preserved,local_commit:656050cae337f96fdab3b47ec862ccae4f1c9601,outputs/reports/article1_pilot_automatic/figures/paired_relative_l2_forest.pdf,Expériences antérieures M0/M1/M3/M5/M6 ; date exacte non attestée
outputs/reports/article1_pilot_automatic/figures/paired_relative_l2_forest.png,90668,.png,b00923258e4fb2d4405605afbdc1e95da4d43790bfe48580df3d18a5606722b4,V06,preserved,local_commit:656050cae337f96fdab3b47ec862ccae4f1c9601,outputs/reports/article1_pilot_automatic/figures/paired_relative_l2_forest.png,Expériences antérieures M0/M1/M3/M5/M6 ; date exacte non attestée
outputs/reports/article1_pilot_automatic/figures/relative_l2_boxplot.pdf,16836,.pdf,ede8aaa22fe9ba3ddfc60c4b973d759c75ed48db35d7868d10f74d57a1ae544d,V06,preserved,local_commit:656050cae337f96fdab3b47ec862ccae4f1c9601,outputs/reports/article1_pilot_automatic/figures/relative_l2_boxplot.pdf,Expériences antérieures M0/M1/M3/M5/M6 ; date exacte non attestée
outputs/reports/article1_pilot_automatic/figures/relative_l2_boxplot.png,114485,.png,2aa9a7c792bab668e5d44cc479fc91e52df76ad842f0f7d47650c753363a3a12,V06,preserved,local_commit:656050cae337f96fdab3b47ec862ccae4f1c9601,outputs/reports/article1_pilot_automatic/figures/relative_l2_boxplot.png,Expériences antérieures M0/M1/M3/M5/M6 ; date exacte non attestée
outputs/reports/article1_pilot_automatic/figures/stability_boxplot.pdf,16728,.pdf,da37e8b79ef6601a0f37285553871a01df549ba3fab2f3dfb7a38444f1d161ba,V06,preserved,local_commit:656050cae337f96fdab3b47ec862ccae4f1c9601,outputs/reports/article1_pilot_automatic/figures/stability_boxplot.pdf,Expériences antérieures M0/M1/M3/M5/M6 ; date exacte non attestée
outputs/reports/article1_pilot_automatic/figures/stability_boxplot.png,133964,.png,287bdb40fbff83d61e6b31244bbb5c8214fb0f897a72fd83c42ac61dd7b43480,V06,preserved,local_commit:656050cae337f96fdab3b47ec862ccae4f1c9601,outputs/reports/article1_pilot_automatic/figures/stability_boxplot.png,Expériences antérieures M0/M1/M3/M5/M6 ; date exacte non attestée
outputs/reports/article1_pilot_automatic/figures/training_time_boxplot.pdf,16621,.pdf,639a057d650ed222a492c5e7f5b2bdb526524dcb0b3eb51b263c40c064310c02,V06,preserved,local_commit:656050cae337f96fdab3b47ec862ccae4f1c9601,outputs/reports/article1_pilot_automatic/figures/training_time_boxplot.pdf,Expériences antérieures M0/M1/M3/M5/M6 ; date exacte non attestée
outputs/reports/article1_pilot_automatic/figures/training_time_boxplot.png,123933,.png,71e00fc4c19ad9c666be7eeca6824b818e0f5767f7b395782096dfd2300590e6,V06,preserved,local_commit:656050cae337f96fdab3b47ec862ccae4f1c9601,outputs/reports/article1_pilot_automatic/figures/training_time_boxplot.png,Expériences antérieures M0/M1/M3/M5/M6 ; date exacte non attestée
outputs/reports/article1_pilot_automatic/report_manifest.json,2275,.json,bc3755c92e9ebdb0220fdf8f62b3b38ae2ea354dce2342ed933f7916c6ef96b1,V06,preserved,local_commit:656050cae337f96fdab3b47ec862ccae4f1c9601,outputs/reports/article1_pilot_automatic/report_manifest.json,Expériences antérieures M0/M1/M3/M5/M6 ; date exacte non attestée
outputs/reports/article1_pilot_automatic/tables/method_summary.csv,4364,.csv,875fcd97fe470e704b360fba4dbebd4e2040203b20a3ecc3f919c6bf9dd14ebb,V06,preserved,local_commit:656050cae337f96fdab3b47ec862ccae4f1c9601,outputs/reports/article1_pilot_automatic/tables/method_summary.csv,Expériences antérieures M0/M1/M3/M5/M6 ; date exacte non attestée
outputs/reports/article1_pilot_automatic/tables/paired_summary.csv,5492,.csv,66df032b935ef08c95e39ffbeba959687fb5270b1e4f0f951497c542371c3d93,V06,preserved,local_commit:656050cae337f96fdab3b47ec862ccae4f1c9601,outputs/reports/article1_pilot_automatic/tables/paired_summary.csv,Expériences antérieures M0/M1/M3/M5/M6 ; date exacte non attestée
outputs/reports/article1_pilot_automatic/tables/table_main_results.tex,632,.tex,a32d6526c8a9ae2678ac2b205c2f950fc70be7910ccd53e4d7093ae48e512a29,V06,preserved,local_commit:656050cae337f96fdab3b47ec862ccae4f1c9601,outputs/reports/article1_pilot_automatic/tables/table_main_results.tex,Expériences antérieures M0/M1/M3/M5/M6 ; date exacte non attestée
outputs/reports/article1_pilot_automatic/tables/table_paired_contrasts.tex,891,.tex,318be8f2f463f3c54d176a739a121fd4eb6833ea488d089041a48443e7bbdd75,V06,preserved,local_commit:656050cae337f96fdab3b47ec862ccae4f1c9601,outputs/reports/article1_pilot_automatic/tables/table_paired_contrasts.tex,Expériences antérieures M0/M1/M3/M5/M6 ; date exacte non attestée
outputs/wave_screen_v1/m1/seed_00011/checkpoint_0000600.pt,21799,.pt,72b5a1c663b669ece075bd062b770bc674c9d412ef1eb58237d87919826ac11d,V06,preserved,local_commit:656050cae337f96fdab3b47ec862ccae4f1c9601,outputs/wave_screen_v1/m1/seed_00011/checkpoint_0000600.pt,Expériences antérieures M0/M1/M3/M5/M6 ; date exacte non attestée
outputs/wave_screen_v1/m1/seed_00011/config.resolved.yaml,1187,.yaml,0f5716199f78155d74b5531661286562bd5a129a1a76030459ffe2a6501eadae,V06,preserved,local_commit:656050cae337f96fdab3b47ec862ccae4f1c9601,outputs/wave_screen_v1/m1/seed_00011/config.resolved.yaml,Expériences antérieures M0/M1/M3/M5/M6 ; date exacte non attestée
outputs/wave_screen_v1/m1/seed_00011/environment.json,270,.json,81e8b8ec1f0e36812a60c59a8df82f8463f4b7cdc0f374d41177cd34430c2417,V06,preserved,local_commit:656050cae337f96fdab3b47ec862ccae4f1c9601,outputs/wave_screen_v1/m1/seed_00011/environment.json,Expériences antérieures M0/M1/M3/M5/M6 ; date exacte non attestée
outputs/wave_screen_v1/m1/seed_00011/metrics.csv,9214,.csv,958247da1bbf7fcd0439d37879a7070c8daf39c87d856a135f8a5381b005bc00,V06,preserved,local_commit:656050cae337f96fdab3b47ec862ccae4f1c9601,outputs/wave_screen_v1/m1/seed_00011/metrics.csv,Expériences antérieures M0/M1/M3/M5/M6 ; date exacte non attestée
outputs/wave_screen_v1/m1/seed_00011/model.pt,21105,.pt,44071372eeb73baf0478fb623499e3a28070379d29387e3ab61998ab2e47220d,V06,preserved,local_commit:656050cae337f96fdab3b47ec862ccae4f1c9601,outputs/wave_screen_v1/m1/seed_00011/model.pt,Expériences antérieures M0/M1/M3/M5/M6 ; date exacte non attestée
outputs/wave_screen_v1/m1/seed_00011/summary.json,1892,.json,015db02ee1ade10a31cd650bc4e616905d55a57acea6c5721afb0c6939c6b054,V06,preserved,local_commit:656050cae337f96fdab3b47ec862ccae4f1c9601,outputs/wave_screen_v1/m1/seed_00011/summary.json,Expériences antérieures M0/M1/M3/M5/M6 ; date exacte non attestée
outputs/wave_screen_v1/m1/seed_00022/checkpoint_0000600.pt,21799,.pt,ca848cc406c909e3c3d737adeac681ba885aff737c5fdc595d783ab1ee7dc4c1,V06,preserved,local_commit:656050cae337f96fdab3b47ec862ccae4f1c9601,outputs/wave_screen_v1/m1/seed_00022/checkpoint_0000600.pt,Expériences antérieures M0/M1/M3/M5/M6 ; date exacte non attestée
outputs/wave_screen_v1/m1/seed_00022/config.resolved.yaml,1187,.yaml,5c284ae8512ee6becfe703133083201eb4815e19131030eaf195c8b5c7af5aed,V06,preserved,local_commit:656050cae337f96fdab3b47ec862ccae4f1c9601,outputs/wave_screen_v1/m1/seed_00022/config.resolved.yaml,Expériences antérieures M0/M1/M3/M5/M6 ; date exacte non attestée
outputs/wave_screen_v1/m1/seed_00022/environment.json,270,.json,81e8b8ec1f0e36812a60c59a8df82f8463f4b7cdc0f374d41177cd34430c2417,V06,preserved,local_commit:656050cae337f96fdab3b47ec862ccae4f1c9601,outputs/wave_screen_v1/m1/seed_00022/environment.json,Expériences antérieures M0/M1/M3/M5/M6 ; date exacte non attestée
outputs/wave_screen_v1/m1/seed_00022/metrics.csv,9218,.csv,de27e73757353ce94b442ac76d6535ba37441d6ea17f5d86fc244e08a7c1ca1e,V06,preserved,local_commit:656050cae337f96fdab3b47ec862ccae4f1c9601,outputs/wave_screen_v1/m1/seed_00022/metrics.csv,Expériences antérieures M0/M1/M3/M5/M6 ; date exacte non attestée
outputs/wave_screen_v1/m1/seed_00022/model.pt,21105,.pt,b155684aec03046a116771987b72f91441b14d2daa5ad2ed0c259f9405ad3076,V06,preserved,local_commit:656050cae337f96fdab3b47ec862ccae4f1c9601,outputs/wave_screen_v1/m1/seed_00022/model.pt,Expériences antérieures M0/M1/M3/M5/M6 ; date exacte non attestée
outputs/wave_screen_v1/m1/seed_00022/summary.json,1895,.json,7f72b7070ec9c45ba4f21a4f9a15b64b70c80e9d76ae039c938aea4541872cab,V06,preserved,local_commit:656050cae337f96fdab3b47ec862ccae4f1c9601,outputs/wave_screen_v1/m1/seed_00022/summary.json,Expériences antérieures M0/M1/M3/M5/M6 ; date exacte non attestée
outputs/wave_screen_v1/m1/seed_00033/checkpoint_0000600.pt,21799,.pt,88500e181f23d7f3b82dcb4797275d498f4f9ff84a823870813e75f74914188d,V06,preserved,local_commit:656050cae337f96fdab3b47ec862ccae4f1c9601,outputs/wave_screen_v1/m1/seed_00033/checkpoint_0000600.pt,Expériences antérieures M0/M1/M3/M5/M6 ; date exacte non attestée
outputs/wave_screen_v1/m1/seed_00033/config.resolved.yaml,1187,.yaml,71d353e2f2c7702b1f07d6e70969ce67757a1cef43cd38c31126ef81906b9f17,V06,preserved,local_commit:656050cae337f96fdab3b47ec862ccae4f1c9601,outputs/wave_screen_v1/m1/seed_00033/config.resolved.yaml,Expériences antérieures M0/M1/M3/M5/M6 ; date exacte non attestée
outputs/wave_screen_v1/m1/seed_00033/environment.json,270,.json,81e8b8ec1f0e36812a60c59a8df82f8463f4b7cdc0f374d41177cd34430c2417,V06,preserved,local_commit:656050cae337f96fdab3b47ec862ccae4f1c9601,outputs/wave_screen_v1/m1/seed_00033/environment.json,Expériences antérieures M0/M1/M3/M5/M6 ; date exacte non attestée
outputs/wave_screen_v1/m1/seed_00033/metrics.csv,9228,.csv,17cc5f739f0f514cf405405c811ca11339f611db9c3dc63e5532176a6380e82b,V06,preserved,local_commit:656050cae337f96fdab3b47ec862ccae4f1c9601,outputs/wave_screen_v1/m1/seed_00033/metrics.csv,Expériences antérieures M0/M1/M3/M5/M6 ; date exacte non attestée
outputs/wave_screen_v1/m1/seed_00033/model.pt,21105,.pt,d5382dbacae9b79f463010534db13f80539b5f526b1b66617d3352191b6f3458,V06,preserved,local_commit:656050cae337f96fdab3b47ec862ccae4f1c9601,outputs/wave_screen_v1/m1/seed_00033/model.pt,Expériences antérieures M0/M1/M3/M5/M6 ; date exacte non attestée
outputs/wave_screen_v1/m1/seed_00033/summary.json,1893,.json,8fe5bc6229e10e024466eedc82861a67d6dde5f692dd57db39906c77dc3956b6,V06,preserved,local_commit:656050cae337f96fdab3b47ec862ccae4f1c9601,outputs/wave_screen_v1/m1/seed_00033/summary.json,Expériences antérieures M0/M1/M3/M5/M6 ; date exacte non attestée
outputs/wave_screen_v1/m1/seed_00044/checkpoint_0000600.pt,21799,.pt,eaea0ecd27e03f186e86db578a5b05d936a2a7d99fcf15f71e707439cd8bc7d8,V06,preserved,local_commit:656050cae337f96fdab3b47ec862ccae4f1c9601,outputs/wave_screen_v1/m1/seed_00044/checkpoint_0000600.pt,Expériences antérieures M0/M1/M3/M5/M6 ; date exacte non attestée
outputs/wave_screen_v1/m1/seed_00044/config.resolved.yaml,1187,.yaml,54de28199417e6447513d6d25ddcd4c368208e403e7ff28fcbc7225251604196,V06,preserved,local_commit:656050cae337f96fdab3b47ec862ccae4f1c9601,outputs/wave_screen_v1/m1/seed_00044/config.resolved.yaml,Expériences antérieures M0/M1/M3/M5/M6 ; date exacte non attestée
outputs/wave_screen_v1/m1/seed_00044/environment.json,270,.json,81e8b8ec1f0e36812a60c59a8df82f8463f4b7cdc0f374d41177cd34430c2417,V06,preserved,local_commit:656050cae337f96fdab3b47ec862ccae4f1c9601,outputs/wave_screen_v1/m1/seed_00044/environment.json,Expériences antérieures M0/M1/M3/M5/M6 ; date exacte non attestée
outputs/wave_screen_v1/m1/seed_00044/metrics.csv,9218,.csv,0ebd9af1a214603a1da2735cac549697e56a426d9e1598c279a6b0a7ab44a94c,V06,preserved,local_commit:656050cae337f96fdab3b47ec862ccae4f1c9601,outputs/wave_screen_v1/m1/seed_00044/metrics.csv,Expériences antérieures M0/M1/M3/M5/M6 ; date exacte non attestée
outputs/wave_screen_v1/m1/seed_00044/model.pt,21105,.pt,ae1ebcf0adc00c096992e6771e9b9fdee5e96f8e107d805383f49c2c8d78cac7,V06,preserved,local_commit:656050cae337f96fdab3b47ec862ccae4f1c9601,outputs/wave_screen_v1/m1/seed_00044/model.pt,Expériences antérieures M0/M1/M3/M5/M6 ; date exacte non attestée
outputs/wave_screen_v1/m1/seed_00044/summary.json,1890,.json,19ae828e5aea30a7ee1d4cdf3a7e110fae2f539bcf72b857de4ea1f783cc8cd8,V06,preserved,local_commit:656050cae337f96fdab3b47ec862ccae4f1c9601,outputs/wave_screen_v1/m1/seed_00044/summary.json,Expériences antérieures M0/M1/M3/M5/M6 ; date exacte non attestée
outputs/wave_screen_v1/m1/seed_00055/checkpoint_0000600.pt,21799,.pt,2189c2c0d0dda6458b27fb8701f5fd33aaeb6e96efce9bd2b967484d772c0218,V06,preserved,local_commit:656050cae337f96fdab3b47ec862ccae4f1c9601,outputs/wave_screen_v1/m1/seed_00055/checkpoint_0000600.pt,Expériences antérieures M0/M1/M3/M5/M6 ; date exacte non attestée
outputs/wave_screen_v1/m1/seed_00055/config.resolved.yaml,1187,.yaml,a74ea9367844212a3d426eab366f2e714463918a92cad5cf6cc9d227a0ba409b,V06,preserved,local_commit:656050cae337f96fdab3b47ec862ccae4f1c9601,outputs/wave_screen_v1/m1/seed_00055/config.resolved.yaml,Expériences antérieures M0/M1/M3/M5/M6 ; date exacte non attestée
outputs/wave_screen_v1/m1/seed_00055/environment.json,270,.json,81e8b8ec1f0e36812a60c59a8df82f8463f4b7cdc0f374d41177cd34430c2417,V06,preserved,local_commit:656050cae337f96fdab3b47ec862ccae4f1c9601,outputs/wave_screen_v1/m1/seed_00055/environment.json,Expériences antérieures M0/M1/M3/M5/M6 ; date exacte non attestée
outputs/wave_screen_v1/m1/seed_00055/metrics.csv,9188,.csv,a7c0e4dc504e370a7046a5159f0d32df0c723946a826d076ceaf28fa1d7b651a,V06,preserved,local_commit:656050cae337f96fdab3b47ec862ccae4f1c9601,outputs/wave_screen_v1/m1/seed_00055/metrics.csv,Expériences antérieures M0/M1/M3/M5/M6 ; date exacte non attestée
outputs/wave_screen_v1/m1/seed_00055/model.pt,21105,.pt,83d959a754dde8def242e3dd4b1826a27199cffa40ea81bb39fa4a65ba915318,V06,preserved,local_commit:656050cae337f96fdab3b47ec862ccae4f1c9601,outputs/wave_screen_v1/m1/seed_00055/model.pt,Expériences antérieures M0/M1/M3/M5/M6 ; date exacte non attestée
outputs/wave_screen_v1/m1/seed_00055/summary.json,1893,.json,421666027c61c4c9c4cc83c74822a325b03db0c5e186f0fd58041377b44b8626,V06,preserved,local_commit:656050cae337f96fdab3b47ec862ccae4f1c9601,outputs/wave_screen_v1/m1/seed_00055/summary.json,Expériences antérieures M0/M1/M3/M5/M6 ; date exacte non attestée
outputs/wave_screen_v1/m1/seed_00066/checkpoint_0000600.pt,21799,.pt,91d4ed73f2a2646c5f29c076e64dea8e4a260105faeed93b85543ccd1880a993,V06,preserved,local_commit:656050cae337f96fdab3b47ec862ccae4f1c9601,outputs/wave_screen_v1/m1/seed_00066/checkpoint_0000600.pt,Expériences antérieures M0/M1/M3/M5/M6 ; date exacte non attestée
outputs/wave_screen_v1/m1/seed_00066/config.resolved.yaml,1187,.yaml,18907b14ba78d4f5dff97b15c0ddb8e6bf85c88f1ea3526944e1d5ffa1629813,V06,preserved,local_commit:656050cae337f96fdab3b47ec862ccae4f1c9601,outputs/wave_screen_v1/m1/seed_00066/config.resolved.yaml,Expériences antérieures M0/M1/M3/M5/M6 ; date exacte non attestée
outputs/wave_screen_v1/m1/seed_00066/environment.json,270,.json,81e8b8ec1f0e36812a60c59a8df82f8463f4b7cdc0f374d41177cd34430c2417,V06,preserved,local_commit:656050cae337f96fdab3b47ec862ccae4f1c9601,outputs/wave_screen_v1/m1/seed_00066/environment.json,Expériences antérieures M0/M1/M3/M5/M6 ; date exacte non attestée
outputs/wave_screen_v1/m1/seed_00066/metrics.csv,9177,.csv,52ffe013d85ac9d731fd2453dd9b3e335c6d43888e280e8a3fac9d4844ee8d6d,V06,preserved,local_commit:656050cae337f96fdab3b47ec862ccae4f1c9601,outputs/wave_screen_v1/m1/seed_00066/metrics.csv,Expériences antérieures M0/M1/M3/M5/M6 ; date exacte non attestée
outputs/wave_screen_v1/m1/seed_00066/model.pt,21105,.pt,0cebb6b5bac0879652a6925d4a61621d8b008345e19bdd96a63ccfc7206eaaf7,V06,preserved,local_commit:656050cae337f96fdab3b47ec862ccae4f1c9601,outputs/wave_screen_v1/m1/seed_00066/model.pt,Expériences antérieures M0/M1/M3/M5/M6 ; date exacte non attestée
outputs/wave_screen_v1/m1/seed_00066/summary.json,1889,.json,5c04bad02ef277e3a4a0f74a565dae55cb75bafe63aa06bf39d3e8bffb758ea6,V06,preserved,local_commit:656050cae337f96fdab3b47ec862ccae4f1c9601,outputs/wave_screen_v1/m1/seed_00066/summary.json,Expériences antérieures M0/M1/M3/M5/M6 ; date exacte non attestée
outputs/wave_screen_v1/m1/seed_00077/checkpoint_0000600.pt,21799,.pt,4c51e49c074603bcf39f0987898f741dade319fda64201cbe5d40b391b6a1787,V06,preserved,local_commit:656050cae337f96fdab3b47ec862ccae4f1c9601,outputs/wave_screen_v1/m1/seed_00077/checkpoint_0000600.pt,Expériences antérieures M0/M1/M3/M5/M6 ; date exacte non attestée
outputs/wave_screen_v1/m1/seed_00077/config.resolved.yaml,1187,.yaml,3b0c6df24a9cd2cd4d2c369a0be90719ad235b55829483c5c5276f5c43d864d7,V06,preserved,local_commit:656050cae337f96fdab3b47ec862ccae4f1c9601,outputs/wave_screen_v1/m1/seed_00077/config.resolved.yaml,Expériences antérieures M0/M1/M3/M5/M6 ; date exacte non attestée
outputs/wave_screen_v1/m1/seed_00077/environment.json,270,.json,81e8b8ec1f0e36812a60c59a8df82f8463f4b7cdc0f374d41177cd34430c2417,V06,preserved,local_commit:656050cae337f96fdab3b47ec862ccae4f1c9601,outputs/wave_screen_v1/m1/seed_00077/environment.json,Expériences antérieures M0/M1/M3/M5/M6 ; date exacte non attestée
outputs/wave_screen_v1/m1/seed_00077/metrics.csv,9206,.csv,0e7d7f160d509245d68169487ece2330ba99c4c622bf94d0e4248d8f52b9299f,V06,preserved,local_commit:656050cae337f96fdab3b47ec862ccae4f1c9601,outputs/wave_screen_v1/m1/seed_00077/metrics.csv,Expériences antérieures M0/M1/M3/M5/M6 ; date exacte non attestée
outputs/wave_screen_v1/m1/seed_00077/model.pt,21105,.pt,6f42c687ccf0f2e5f95e8d887205176f158ee4d34e5de23e985786f0ff352cce,V06,preserved,local_commit:656050cae337f96fdab3b47ec862ccae4f1c9601,outputs/wave_screen_v1/m1/seed_00077/model.pt,Expériences antérieures M0/M1/M3/M5/M6 ; date exacte non attestée
outputs/wave_screen_v1/m1/seed_00077/summary.json,1889,.json,3ad33ded68b9181e8963d6916934d5da8f73755a04542041c1e1e0ab2d1cefc9,V06,preserved,local_commit:656050cae337f96fdab3b47ec862ccae4f1c9601,outputs/wave_screen_v1/m1/seed_00077/summary.json,Expériences antérieures M0/M1/M3/M5/M6 ; date exacte non attestée
outputs/wave_screen_v1/m1/seed_00088/checkpoint_0000600.pt,21799,.pt,fe9f2db06655a178edf21285ae472aa107a69086666b4a0fe43ac5fa9ebb1ab4,V06,preserved,local_commit:656050cae337f96fdab3b47ec862ccae4f1c9601,outputs/wave_screen_v1/m1/seed_00088/checkpoint_0000600.pt,Expériences antérieures M0/M1/M3/M5/M6 ; date exacte non attestée
outputs/wave_screen_v1/m1/seed_00088/config.resolved.yaml,1187,.yaml,99981342e61bdd4bb4e50455c00bfaea8bdfee11fb2f26f32d9bd8b3a4265a49,V06,preserved,local_commit:656050cae337f96fdab3b47ec862ccae4f1c9601,outputs/wave_screen_v1/m1/seed_00088/config.resolved.yaml,Expériences antérieures M0/M1/M3/M5/M6 ; date exacte non attestée
outputs/wave_screen_v1/m1/seed_00088/environment.json,270,.json,81e8b8ec1f0e36812a60c59a8df82f8463f4b7cdc0f374d41177cd34430c2417,V06,preserved,local_commit:656050cae337f96fdab3b47ec862ccae4f1c9601,outputs/wave_screen_v1/m1/seed_00088/environment.json,Expériences antérieures M0/M1/M3/M5/M6 ; date exacte non attestée
outputs/wave_screen_v1/m1/seed_00088/metrics.csv,9200,.csv,d0b4b806204ed4567f64c05dbb4476b26ce77e72ae3492a3bc363833b2ff20ec,V06,preserved,local_commit:656050cae337f96fdab3b47ec862ccae4f1c9601,outputs/wave_screen_v1/m1/seed_00088/metrics.csv,Expériences antérieures M0/M1/M3/M5/M6 ; date exacte non attestée
outputs/wave_screen_v1/m1/seed_00088/model.pt,21105,.pt,9a384513b5632d6feef92d4d2f4200d0dda01287f9cff851fcbce78577d25947,V06,preserved,local_commit:656050cae337f96fdab3b47ec862ccae4f1c9601,outputs/wave_screen_v1/m1/seed_00088/model.pt,Expériences antérieures M0/M1/M3/M5/M6 ; date exacte non attestée
outputs/wave_screen_v1/m1/seed_00088/summary.json,1889,.json,5d2602ad57df764e9733c36f23eed0a769fde771843deafdb50b9a427ec53da2,V06,preserved,local_commit:656050cae337f96fdab3b47ec862ccae4f1c9601,outputs/wave_screen_v1/m1/seed_00088/summary.json,Expériences antérieures M0/M1/M3/M5/M6 ; date exacte non attestée
outputs/wave_screen_v1/m1/seed_00099/checkpoint_0000600.pt,21799,.pt,933fd56e4f3f19ece5558fa3508e79240d98951ce1a807cf294be0831cf2892d,V06,preserved,local_commit:656050cae337f96fdab3b47ec862ccae4f1c9601,outputs/wave_screen_v1/m1/seed_00099/checkpoint_0000600.pt,Expériences antérieures M0/M1/M3/M5/M6 ; date exacte non attestée
outputs/wave_screen_v1/m1/seed_00099/config.resolved.yaml,1187,.yaml,080ac79f3a2c9882939ced89bf767add546a09bf9773995bbedd5a8755954af2,V06,preserved,local_commit:656050cae337f96fdab3b47ec862ccae4f1c9601,outputs/wave_screen_v1/m1/seed_00099/config.resolved.yaml,Expériences antérieures M0/M1/M3/M5/M6 ; date exacte non attestée
outputs/wave_screen_v1/m1/seed_00099/environment.json,270,.json,81e8b8ec1f0e36812a60c59a8df82f8463f4b7cdc0f374d41177cd34430c2417,V06,preserved,local_commit:656050cae337f96fdab3b47ec862ccae4f1c9601,outputs/wave_screen_v1/m1/seed_00099/environment.json,Expériences antérieures M0/M1/M3/M5/M6 ; date exacte non attestée
outputs/wave_screen_v1/m1/seed_00099/metrics.csv,9175,.csv,c47a9504abe559dab8cb6039bcbe28f886e79e0e9b64625156a29086527ad05e,V06,preserved,local_commit:656050cae337f96fdab3b47ec862ccae4f1c9601,outputs/wave_screen_v1/m1/seed_00099/metrics.csv,Expériences antérieures M0/M1/M3/M5/M6 ; date exacte non attestée
outputs/wave_screen_v1/m1/seed_00099/model.pt,21105,.pt,706caf889ca93683b2f5b837acb78b762cd7bcedc6d34b3270e24823bc5719a5,V06,preserved,local_commit:656050cae337f96fdab3b47ec862ccae4f1c9601,outputs/wave_screen_v1/m1/seed_00099/model.pt,Expériences antérieures M0/M1/M3/M5/M6 ; date exacte non attestée
outputs/wave_screen_v1/m1/seed_00099/summary.json,1893,.json,5d86779afbc63e0763d936ef285bb232b4ce3c8f5b61a98e5e456df7a8b10c4e,V06,preserved,local_commit:656050cae337f96fdab3b47ec862ccae4f1c9601,outputs/wave_screen_v1/m1/seed_00099/summary.json,Expériences antérieures M0/M1/M3/M5/M6 ; date exacte non attestée
outputs/wave_screen_v1/m1/seed_00111/checkpoint_0000600.pt,21799,.pt,de2be681a154a78a578933e9ccbcff82d4a347e50ac8e6137168b67f073b5d6b,V06,preserved,local_commit:656050cae337f96fdab3b47ec862ccae4f1c9601,outputs/wave_screen_v1/m1/seed_00111/checkpoint_0000600.pt,Expériences antérieures M0/M1/M3/M5/M6 ; date exacte non attestée
outputs/wave_screen_v1/m1/seed_00111/config.resolved.yaml,1188,.yaml,f8a3a4d5c378ecb95dbdaea5ae1a99868812729281cd2b9b66b3a10395eef707,V06,preserved,local_commit:656050cae337f96fdab3b47ec862ccae4f1c9601,outputs/wave_screen_v1/m1/seed_00111/config.resolved.yaml,Expériences antérieures M0/M1/M3/M5/M6 ; date exacte non attestée
outputs/wave_screen_v1/m1/seed_00111/environment.json,270,.json,81e8b8ec1f0e36812a60c59a8df82f8463f4b7cdc0f374d41177cd34430c2417,V06,preserved,local_commit:656050cae337f96fdab3b47ec862ccae4f1c9601,outputs/wave_screen_v1/m1/seed_00111/environment.json,Expériences antérieures M0/M1/M3/M5/M6 ; date exacte non attestée
outputs/wave_screen_v1/m1/seed_00111/metrics.csv,9181,.csv,2bb23d6a528b1b786444fb6aa0699b30a774c5fe31162da9e532c71b13e39bee,V06,preserved,local_commit:656050cae337f96fdab3b47ec862ccae4f1c9601,outputs/wave_screen_v1/m1/seed_00111/metrics.csv,Expériences antérieures M0/M1/M3/M5/M6 ; date exacte non attestée
outputs/wave_screen_v1/m1/seed_00111/model.pt,21105,.pt,1b4002778a78138ed848959517e3fbec6b11326ac5acfe964ec57456b503737b,V06,preserved,local_commit:656050cae337f96fdab3b47ec862ccae4f1c9601,outputs/wave_screen_v1/m1/seed_00111/model.pt,Expériences antérieures M0/M1/M3/M5/M6 ; date exacte non attestée
outputs/wave_screen_v1/m1/seed_00111/summary.json,1893,.json,ed2b5429b37858705527ee065b23037e126b60c613c0a6ea70ba1002ddd3081f,V06,preserved,local_commit:656050cae337f96fdab3b47ec862ccae4f1c9601,outputs/wave_screen_v1/m1/seed_00111/summary.json,Expériences antérieures M0/M1/M3/M5/M6 ; date exacte non attestée
outputs/wave_screen_v1/m5/seed_00011/checkpoint_0000600.pt,21799,.pt,113603df905bb5279e046ade14b8641de732ac7c5f2d058274fe351a14876575,V06,preserved,local_commit:656050cae337f96fdab3b47ec862ccae4f1c9601,outputs/wave_screen_v1/m5/seed_00011/checkpoint_0000600.pt,Expériences antérieures M0/M1/M3/M5/M6 ; date exacte non attestée
outputs/wave_screen_v1/m5/seed_00011/config.resolved.yaml,1187,.yaml,8398e3fc3029b70aa686d44d2a82c222972c36ba134ca29903db51b689993198,V06,preserved,local_commit:656050cae337f96fdab3b47ec862ccae4f1c9601,outputs/wave_screen_v1/m5/seed_00011/config.resolved.yaml,Expériences antérieures M0/M1/M3/M5/M6 ; date exacte non attestée
outputs/wave_screen_v1/m5/seed_00011/environment.json,270,.json,81e8b8ec1f0e36812a60c59a8df82f8463f4b7cdc0f374d41177cd34430c2417,V06,preserved,local_commit:656050cae337f96fdab3b47ec862ccae4f1c9601,outputs/wave_screen_v1/m5/seed_00011/environment.json,Expériences antérieures M0/M1/M3/M5/M6 ; date exacte non attestée
outputs/wave_screen_v1/m5/seed_00011/metrics.csv,10206,.csv,22c5778445a7fd93973cc5a17485af5efd6d1f3b6eb226901f9627bf815170e2,V06,preserved,local_commit:656050cae337f96fdab3b47ec862ccae4f1c9601,outputs/wave_screen_v1/m5/seed_00011/metrics.csv,Expériences antérieures M0/M1/M3/M5/M6 ; date exacte non attestée
outputs/wave_screen_v1/m5/seed_00011/model.pt,21105,.pt,713ca2904f3cadff774ef7f3a8ba3bae9a2ad183d4f5819c0b3bfca2a3d99a5e,V06,preserved,local_commit:656050cae337f96fdab3b47ec862ccae4f1c9601,outputs/wave_screen_v1/m5/seed_00011/model.pt,Expériences antérieures M0/M1/M3/M5/M6 ; date exacte non attestée
outputs/wave_screen_v1/m5/seed_00011/summary.json,1949,.json,38b132346b6893a810785ed0d16ae14896168ab61b6fbb8d3983a64fd323a951,V06,preserved,local_commit:656050cae337f96fdab3b47ec862ccae4f1c9601,outputs/wave_screen_v1/m5/seed_00011/summary.json,Expériences antérieures M0/M1/M3/M5/M6 ; date exacte non attestée
outputs/wave_screen_v1/m5/seed_00022/checkpoint_0000600.pt,21799,.pt,d66eed22f8df8de01e42f58ba73a981f894ef0707809bc425dd6c3e2c16745bb,V06,preserved,local_commit:656050cae337f96fdab3b47ec862ccae4f1c9601,outputs/wave_screen_v1/m5/seed_00022/checkpoint_0000600.pt,Expériences antérieures M0/M1/M3/M5/M6 ; date exacte non attestée
outputs/wave_screen_v1/m5/seed_00022/config.resolved.yaml,1187,.yaml,32775afd87fe954e9bbaccbee2e33823f06ea4a3ff9b510c14e15e98cbec31de,V06,preserved,local_commit:656050cae337f96fdab3b47ec862ccae4f1c9601,outputs/wave_screen_v1/m5/seed_00022/config.resolved.yaml,Expériences antérieures M0/M1/M3/M5/M6 ; date exacte non attestée
outputs/wave_screen_v1/m5/seed_00022/environment.json,270,.json,81e8b8ec1f0e36812a60c59a8df82f8463f4b7cdc0f374d41177cd34430c2417,V06,preserved,local_commit:656050cae337f96fdab3b47ec862ccae4f1c9601,outputs/wave_screen_v1/m5/seed_00022/environment.json,Expériences antérieures M0/M1/M3/M5/M6 ; date exacte non attestée
outputs/wave_screen_v1/m5/seed_00022/metrics.csv,10218,.csv,386ccbc2cc8318465927a22c1c9a7cf251fe97e61962a58bd07d5c73b82f29b0,V06,preserved,local_commit:656050cae337f96fdab3b47ec862ccae4f1c9601,outputs/wave_screen_v1/m5/seed_00022/metrics.csv,Expériences antérieures M0/M1/M3/M5/M6 ; date exacte non attestée
outputs/wave_screen_v1/m5/seed_00022/model.pt,21105,.pt,30c6b638bab292318b5b060b1ba0b109492a6fc430be94879d5db573a6edaeda,V06,preserved,local_commit:656050cae337f96fdab3b47ec862ccae4f1c9601,outputs/wave_screen_v1/m5/seed_00022/model.pt,Expériences antérieures M0/M1/M3/M5/M6 ; date exacte non attestée
outputs/wave_screen_v1/m5/seed_00022/summary.json,1947,.json,a207d44922ca20e96b44131e701f4c9f6c28aac56a439091a2ae9945c15fd4c5,V06,preserved,local_commit:656050cae337f96fdab3b47ec862ccae4f1c9601,outputs/wave_screen_v1/m5/seed_00022/summary.json,Expériences antérieures M0/M1/M3/M5/M6 ; date exacte non attestée
outputs/wave_screen_v1/m5/seed_00033/checkpoint_0000600.pt,21799,.pt,b3f6841bd905224297751431dcae30e98fd58fe833b8c924c5370c01bd007f12,V06,preserved,local_commit:656050cae337f96fdab3b47ec862ccae4f1c9601,outputs/wave_screen_v1/m5/seed_00033/checkpoint_0000600.pt,Expériences antérieures M0/M1/M3/M5/M6 ; date exacte non attestée
outputs/wave_screen_v1/m5/seed_00033/config.resolved.yaml,1187,.yaml,87dcf0fe7728834e9c6c879bf50f51c648538f466bd8752a3074093d16ed2f6a,V06,preserved,local_commit:656050cae337f96fdab3b47ec862ccae4f1c9601,outputs/wave_screen_v1/m5/seed_00033/config.resolved.yaml,Expériences antérieures M0/M1/M3/M5/M6 ; date exacte non attestée
outputs/wave_screen_v1/m5/seed_00033/environment.json,270,.json,81e8b8ec1f0e36812a60c59a8df82f8463f4b7cdc0f374d41177cd34430c2417,V06,preserved,local_commit:656050cae337f96fdab3b47ec862ccae4f1c9601,outputs/wave_screen_v1/m5/seed_00033/environment.json,Expériences antérieures M0/M1/M3/M5/M6 ; date exacte non attestée
outputs/wave_screen_v1/m5/seed_00033/metrics.csv,9390,.csv,d5a51160942c262bad98c626ab13ec156eda7ed28b542d6cbd7c6edbffb3ab56,V06,preserved,local_commit:656050cae337f96fdab3b47ec862ccae4f1c9601,outputs/wave_screen_v1/m5/seed_00033/metrics.csv,Expériences antérieures M0/M1/M3/M5/M6 ; date exacte non attestée
outputs/wave_screen_v1/m5/seed_00033/model.pt,21105,.pt,c45171203ec20bc5509934547091689479815a8701e7d7b834eb4a2f7d9506ea,V06,preserved,local_commit:656050cae337f96fdab3b47ec862ccae4f1c9601,outputs/wave_screen_v1/m5/seed_00033/model.pt,Expériences antérieures M0/M1/M3/M5/M6 ; date exacte non attestée
outputs/wave_screen_v1/m5/seed_00033/summary.json,1953,.json,d366a3c7478e6f488f8b24b801a536fca8bb1288b2fa56c5cfdd4e004bd84eaf,V06,preserved,local_commit:656050cae337f96fdab3b47ec862ccae4f1c9601,outputs/wave_screen_v1/m5/seed_00033/summary.json,Expériences antérieures M0/M1/M3/M5/M6 ; date exacte non attestée
outputs/wave_screen_v1/m5/seed_00044/checkpoint_0000600.pt,21799,.pt,78c28b78ba679932d40487e15473fc39488434e84e741c8ee294e395471722c1,V06,preserved,local_commit:656050cae337f96fdab3b47ec862ccae4f1c9601,outputs/wave_screen_v1/m5/seed_00044/checkpoint_0000600.pt,Expériences antérieures M0/M1/M3/M5/M6 ; date exacte non attestée
outputs/wave_screen_v1/m5/seed_00044/config.resolved.yaml,1187,.yaml,4ef45a92f6ba9a74008cb12654e01ec05ab1481e98569e19c04cb852f57fd5dd,V06,preserved,local_commit:656050cae337f96fdab3b47ec862ccae4f1c9601,outputs/wave_screen_v1/m5/seed_00044/config.resolved.yaml,Expériences antérieures M0/M1/M3/M5/M6 ; date exacte non attestée
outputs/wave_screen_v1/m5/seed_00044/environment.json,270,.json,81e8b8ec1f0e36812a60c59a8df82f8463f4b7cdc0f374d41177cd34430c2417,V06,preserved,local_commit:656050cae337f96fdab3b47ec862ccae4f1c9601,outputs/wave_screen_v1/m5/seed_00044/environment.json,Expériences antérieures M0/M1/M3/M5/M6 ; date exacte non attestée
outputs/wave_screen_v1/m5/seed_00044/metrics.csv,10226,.csv,a214a81d5390b311b5fd43ad45d82f260d7d8f248b92bed3c9bcafe904761a71,V06,preserved,local_commit:656050cae337f96fdab3b47ec862ccae4f1c9601,outputs/wave_screen_v1/m5/seed_00044/metrics.csv,Expériences antérieures M0/M1/M3/M5/M6 ; date exacte non attestée
outputs/wave_screen_v1/m5/seed_00044/model.pt,21105,.pt,24191e286bbf5ba92b0e2b1397a32970af57070d361699ac45d751f41d472eb8,V06,preserved,local_commit:656050cae337f96fdab3b47ec862ccae4f1c9601,outputs/wave_screen_v1/m5/seed_00044/model.pt,Expériences antérieures M0/M1/M3/M5/M6 ; date exacte non attestée
outputs/wave_screen_v1/m5/seed_00044/summary.json,1947,.json,63625002df01a9e9d13c244cc52d0651c1a83471e4d75ca8aafc5448d8250cfd,V06,preserved,local_commit:656050cae337f96fdab3b47ec862ccae4f1c9601,outputs/wave_screen_v1/m5/seed_00044/summary.json,Expériences antérieures M0/M1/M3/M5/M6 ; date exacte non attestée
outputs/wave_screen_v1/m5/seed_00055/checkpoint_0000600.pt,21799,.pt,02ae11dc50047d1e2c997b019c2969e213f85fc1b22c3ee71ff0812c15b84a50,V06,preserved,local_commit:656050cae337f96fdab3b47ec862ccae4f1c9601,outputs/wave_screen_v1/m5/seed_00055/checkpoint_0000600.pt,Expériences antérieures M0/M1/M3/M5/M6 ; date exacte non attestée
outputs/wave_screen_v1/m5/seed_00055/config.resolved.yaml,1187,.yaml,3cd73978dac9cf4299c8072193524a8daffa1ef24d3a40af0c192e49da98ea66,V06,preserved,local_commit:656050cae337f96fdab3b47ec862ccae4f1c9601,outputs/wave_screen_v1/m5/seed_00055/config.resolved.yaml,Expériences antérieures M0/M1/M3/M5/M6 ; date exacte non attestée
outputs/wave_screen_v1/m5/seed_00055/environment.json,270,.json,81e8b8ec1f0e36812a60c59a8df82f8463f4b7cdc0f374d41177cd34430c2417,V06,preserved,local_commit:656050cae337f96fdab3b47ec862ccae4f1c9601,outputs/wave_screen_v1/m5/seed_00055/environment.json,Expériences antérieures M0/M1/M3/M5/M6 ; date exacte non attestée
outputs/wave_screen_v1/m5/seed_00055/metrics.csv,10199,.csv,76e3be5e54588145c3a9275baf56eae9366873b1df8a128e41916596fcf9dfab,V06,preserved,local_commit:656050cae337f96fdab3b47ec862ccae4f1c9601,outputs/wave_screen_v1/m5/seed_00055/metrics.csv,Expériences antérieures M0/M1/M3/M5/M6 ; date exacte non attestée
outputs/wave_screen_v1/m5/seed_00055/model.pt,21105,.pt,4f8dc9f7a1cac10599894ebdc52316662bdfb5e5133704040c24e7709b73bc33,V06,preserved,local_commit:656050cae337f96fdab3b47ec862ccae4f1c9601,outputs/wave_screen_v1/m5/seed_00055/model.pt,Expériences antérieures M0/M1/M3/M5/M6 ; date exacte non attestée
outputs/wave_screen_v1/m5/seed_00055/summary.json,1949,.json,4b9df49c466e786352a6ea426b7c45607907e3382b3c2d3d3b3583cd42f92fd1,V06,preserved,local_commit:656050cae337f96fdab3b47ec862ccae4f1c9601,outputs/wave_screen_v1/m5/seed_00055/summary.json,Expériences antérieures M0/M1/M3/M5/M6 ; date exacte non attestée
outputs/wave_screen_v1/m5/seed_00066/checkpoint_0000600.pt,21799,.pt,7be892bf42cfcaa44b2982580a19e76cdfc437e58fd5e487d51df180dcd03c80,V06,preserved,local_commit:656050cae337f96fdab3b47ec862ccae4f1c9601,outputs/wave_screen_v1/m5/seed_00066/checkpoint_0000600.pt,Expériences antérieures M0/M1/M3/M5/M6 ; date exacte non attestée
outputs/wave_screen_v1/m5/seed_00066/config.resolved.yaml,1187,.yaml,f2e2dc7a6795df84ac8aa885c80104dbc796c931aa3ed2a8044ab2b231bc68aa,V06,preserved,local_commit:656050cae337f96fdab3b47ec862ccae4f1c9601,outputs/wave_screen_v1/m5/seed_00066/config.resolved.yaml,Expériences antérieures M0/M1/M3/M5/M6 ; date exacte non attestée
outputs/wave_screen_v1/m5/seed_00066/environment.json,270,.json,81e8b8ec1f0e36812a60c59a8df82f8463f4b7cdc0f374d41177cd34430c2417,V06,preserved,local_commit:656050cae337f96fdab3b47ec862ccae4f1c9601,outputs/wave_screen_v1/m5/seed_00066/environment.json,Expériences antérieures M0/M1/M3/M5/M6 ; date exacte non attestée
outputs/wave_screen_v1/m5/seed_00066/metrics.csv,10197,.csv,75fa6a8aad9544a3e748c0c9425a99a247bb5160623981ba0769664b8af8a0b3,V06,preserved,local_commit:656050cae337f96fdab3b47ec862ccae4f1c9601,outputs/wave_screen_v1/m5/seed_00066/metrics.csv,Expériences antérieures M0/M1/M3/M5/M6 ; date exacte non attestée
outputs/wave_screen_v1/m5/seed_00066/model.pt,21105,.pt,758bd017106bc2c18902ff054465f50b8653ce7a67dcd23cc8a3507f8bdd50fd,V06,preserved,local_commit:656050cae337f96fdab3b47ec862ccae4f1c9601,outputs/wave_screen_v1/m5/seed_00066/model.pt,Expériences antérieures M0/M1/M3/M5/M6 ; date exacte non attestée
outputs/wave_screen_v1/m5/seed_00066/summary.json,1952,.json,73fbe3513ad645127b5e47659fbb9d74642691c1f3e9ed65bc77369a51f3f93a,V06,preserved,local_commit:656050cae337f96fdab3b47ec862ccae4f1c9601,outputs/wave_screen_v1/m5/seed_00066/summary.json,Expériences antérieures M0/M1/M3/M5/M6 ; date exacte non attestée
outputs/wave_screen_v1/m5/seed_00077/checkpoint_0000600.pt,21799,.pt,93ebf6a32f776a36fe1ae1d61b483e8523fa09ddbc006fc11cb6bbd98e7a8318,V06,preserved,local_commit:656050cae337f96fdab3b47ec862ccae4f1c9601,outputs/wave_screen_v1/m5/seed_00077/checkpoint_0000600.pt,Expériences antérieures M0/M1/M3/M5/M6 ; date exacte non attestée
outputs/wave_screen_v1/m5/seed_00077/config.resolved.yaml,1187,.yaml,d5c2a6dcc303d3dd3247f30104159d2bba5a3bfb1de6c3fe371d8ae044584913,V06,preserved,local_commit:656050cae337f96fdab3b47ec862ccae4f1c9601,outputs/wave_screen_v1/m5/seed_00077/config.resolved.yaml,Expériences antérieures M0/M1/M3/M5/M6 ; date exacte non attestée
outputs/wave_screen_v1/m5/seed_00077/environment.json,270,.json,81e8b8ec1f0e36812a60c59a8df82f8463f4b7cdc0f374d41177cd34430c2417,V06,preserved,local_commit:656050cae337f96fdab3b47ec862ccae4f1c9601,outputs/wave_screen_v1/m5/seed_00077/environment.json,Expériences antérieures M0/M1/M3/M5/M6 ; date exacte non attestée
outputs/wave_screen_v1/m5/seed_00077/metrics.csv,10171,.csv,08ca506a5847bf9c60d1394b24f85a390ddd6d38ca23dc952a46df7f03fdcd70,V06,preserved,local_commit:656050cae337f96fdab3b47ec862ccae4f1c9601,outputs/wave_screen_v1/m5/seed_00077/metrics.csv,Expériences antérieures M0/M1/M3/M5/M6 ; date exacte non attestée
outputs/wave_screen_v1/m5/seed_00077/model.pt,21105,.pt,6bce093605d4163dd7d3188001a5d33464abfcebd8a3bbd100c2b72774f5010d,V06,preserved,local_commit:656050cae337f96fdab3b47ec862ccae4f1c9601,outputs/wave_screen_v1/m5/seed_00077/model.pt,Expériences antérieures M0/M1/M3/M5/M6 ; date exacte non attestée
outputs/wave_screen_v1/m5/seed_00077/summary.json,1950,.json,b37dd0db99d5dbd7bb64ad3eb2e4eb651f1ebabe866e241a770a22d1b9435644,V06,preserved,local_commit:656050cae337f96fdab3b47ec862ccae4f1c9601,outputs/wave_screen_v1/m5/seed_00077/summary.json,Expériences antérieures M0/M1/M3/M5/M6 ; date exacte non attestée
outputs/wave_screen_v1/m5/seed_00088/checkpoint_0000600.pt,21799,.pt,039b5b72251198e09666e2d3cd60d6e2f496a1d6a7edadb83f7621544c77362c,V06,preserved,local_commit:656050cae337f96fdab3b47ec862ccae4f1c9601,outputs/wave_screen_v1/m5/seed_00088/checkpoint_0000600.pt,Expériences antérieures M0/M1/M3/M5/M6 ; date exacte non attestée
outputs/wave_screen_v1/m5/seed_00088/config.resolved.yaml,1187,.yaml,f70b19bd666dd657d056d1d5216beedc066b9d5e10e008da3d2bc12f73c43e6d,V06,preserved,local_commit:656050cae337f96fdab3b47ec862ccae4f1c9601,outputs/wave_screen_v1/m5/seed_00088/config.resolved.yaml,Expériences antérieures M0/M1/M3/M5/M6 ; date exacte non attestée
outputs/wave_screen_v1/m5/seed_00088/environment.json,270,.json,81e8b8ec1f0e36812a60c59a8df82f8463f4b7cdc0f374d41177cd34430c2417,V06,preserved,local_commit:656050cae337f96fdab3b47ec862ccae4f1c9601,outputs/wave_screen_v1/m5/seed_00088/environment.json,Expériences antérieures M0/M1/M3/M5/M6 ; date exacte non attestée
outputs/wave_screen_v1/m5/seed_00088/metrics.csv,10185,.csv,58eebf8d4914b40d6e6b0e7e0820d6cc172f60def8ed58cb285654a935f85441,V06,preserved,local_commit:656050cae337f96fdab3b47ec862ccae4f1c9601,outputs/wave_screen_v1/m5/seed_00088/metrics.csv,Expériences antérieures M0/M1/M3/M5/M6 ; date exacte non attestée
outputs/wave_screen_v1/m5/seed_00088/model.pt,21105,.pt,0cb52825f8892af91a162c12aa3b46b14b67fb0121e7afe279b30a00b7373953,V06,preserved,local_commit:656050cae337f96fdab3b47ec862ccae4f1c9601,outputs/wave_screen_v1/m5/seed_00088/model.pt,Expériences antérieures M0/M1/M3/M5/M6 ; date exacte non attestée
outputs/wave_screen_v1/m5/seed_00088/summary.json,1950,.json,e8b32a35ada80d141b0d1b200c4a04e1f5dd2fb2caffea87eff87e7e91da6296,V06,preserved,local_commit:656050cae337f96fdab3b47ec862ccae4f1c9601,outputs/wave_screen_v1/m5/seed_00088/summary.json,Expériences antérieures M0/M1/M3/M5/M6 ; date exacte non attestée
outputs/wave_screen_v1/m5/seed_00099/checkpoint_0000600.pt,21799,.pt,50cabf6a82b536b04c4fc43943641740849c165dd2b847d0ffd0b68c2c98adca,V06,preserved,local_commit:656050cae337f96fdab3b47ec862ccae4f1c9601,outputs/wave_screen_v1/m5/seed_00099/checkpoint_0000600.pt,Expériences antérieures M0/M1/M3/M5/M6 ; date exacte non attestée
outputs/wave_screen_v1/m5/seed_00099/config.resolved.yaml,1187,.yaml,0bea4a6cb044fb5820c69b36cfb217f69ea866883edc17e9dee42265082f0b85,V06,preserved,local_commit:656050cae337f96fdab3b47ec862ccae4f1c9601,outputs/wave_screen_v1/m5/seed_00099/config.resolved.yaml,Expériences antérieures M0/M1/M3/M5/M6 ; date exacte non attestée
outputs/wave_screen_v1/m5/seed_00099/environment.json,270,.json,81e8b8ec1f0e36812a60c59a8df82f8463f4b7cdc0f374d41177cd34430c2417,V06,preserved,local_commit:656050cae337f96fdab3b47ec862ccae4f1c9601,outputs/wave_screen_v1/m5/seed_00099/environment.json,Expériences antérieures M0/M1/M3/M5/M6 ; date exacte non attestée
outputs/wave_screen_v1/m5/seed_00099/metrics.csv,10195,.csv,61c1dd3b5524100d8201438fbfc8b47b699d281ccc64a3df5794417325fb73c5,V06,preserved,local_commit:656050cae337f96fdab3b47ec862ccae4f1c9601,outputs/wave_screen_v1/m5/seed_00099/metrics.csv,Expériences antérieures M0/M1/M3/M5/M6 ; date exacte non attestée
outputs/wave_screen_v1/m5/seed_00099/model.pt,21105,.pt,1b7ac9b321b9fa6876d5af87ffc8942972f9d238a1ac831384df669152eb7e7c,V06,preserved,local_commit:656050cae337f96fdab3b47ec862ccae4f1c9601,outputs/wave_screen_v1/m5/seed_00099/model.pt,Expériences antérieures M0/M1/M3/M5/M6 ; date exacte non attestée
outputs/wave_screen_v1/m5/seed_00099/summary.json,1948,.json,5dd6032dd7066eba106b638b571a97882710c043dbf496a29ffd2795cc574e3e,V06,preserved,local_commit:656050cae337f96fdab3b47ec862ccae4f1c9601,outputs/wave_screen_v1/m5/seed_00099/summary.json,Expériences antérieures M0/M1/M3/M5/M6 ; date exacte non attestée
outputs/wave_screen_v1/m5/seed_00111/checkpoint_0000600.pt,21799,.pt,d33f6b140a5aadf6637607e7050dd2603a1e32731ed12d8b9bfbd7da72546abf,V06,preserved,local_commit:656050cae337f96fdab3b47ec862ccae4f1c9601,outputs/wave_screen_v1/m5/seed_00111/checkpoint_0000600.pt,Expériences antérieures M0/M1/M3/M5/M6 ; date exacte non attestée
outputs/wave_screen_v1/m5/seed_00111/config.resolved.yaml,1188,.yaml,42f3a8e61bda40b14304015ad394421aa6899590ba3a581832da9bc6060f63e6,V06,preserved,local_commit:656050cae337f96fdab3b47ec862ccae4f1c9601,outputs/wave_screen_v1/m5/seed_00111/config.resolved.yaml,Expériences antérieures M0/M1/M3/M5/M6 ; date exacte non attestée
outputs/wave_screen_v1/m5/seed_00111/environment.json,270,.json,81e8b8ec1f0e36812a60c59a8df82f8463f4b7cdc0f374d41177cd34430c2417,V06,preserved,local_commit:656050cae337f96fdab3b47ec862ccae4f1c9601,outputs/wave_screen_v1/m5/seed_00111/environment.json,Expériences antérieures M0/M1/M3/M5/M6 ; date exacte non attestée
outputs/wave_screen_v1/m5/seed_00111/metrics.csv,10223,.csv,a53af4df2c523b880992e7faa3c842f38151ce6996a45babb8225fd356669606,V06,preserved,local_commit:656050cae337f96fdab3b47ec862ccae4f1c9601,outputs/wave_screen_v1/m5/seed_00111/metrics.csv,Expériences antérieures M0/M1/M3/M5/M6 ; date exacte non attestée
outputs/wave_screen_v1/m5/seed_00111/model.pt,21105,.pt,9cf353a225147806d9e6e8bebe4a062ae5a30fc866f572d915a738288f734bd3,V06,preserved,local_commit:656050cae337f96fdab3b47ec862ccae4f1c9601,outputs/wave_screen_v1/m5/seed_00111/model.pt,Expériences antérieures M0/M1/M3/M5/M6 ; date exacte non attestée
outputs/wave_screen_v1/m5/seed_00111/summary.json,1950,.json,f221189df925285e97225f8ccb3365604c35c6420f124c4a9d6c8814d88e21b0,V06,preserved,local_commit:656050cae337f96fdab3b47ec862ccae4f1c9601,outputs/wave_screen_v1/m5/seed_00111/summary.json,Expériences antérieures M0/M1/M3/M5/M6 ; date exacte non attestée
outputs/wave_screen_v1/m6/seed_00011/checkpoint_0000600.pt,21799,.pt,9a376964c372f32f4b7fc7da61c46c313dec483aa17c8b8731a4be1a9d93910f,V06,preserved,local_commit:656050cae337f96fdab3b47ec862ccae4f1c9601,outputs/wave_screen_v1/m6/seed_00011/checkpoint_0000600.pt,Expériences antérieures M0/M1/M3/M5/M6 ; date exacte non attestée
outputs/wave_screen_v1/m6/seed_00011/config.resolved.yaml,1187,.yaml,a86d809443f097665dc9a251462acabe5c6f248ff5d01f5a4141995201c9c253,V06,preserved,local_commit:656050cae337f96fdab3b47ec862ccae4f1c9601,outputs/wave_screen_v1/m6/seed_00011/config.resolved.yaml,Expériences antérieures M0/M1/M3/M5/M6 ; date exacte non attestée
outputs/wave_screen_v1/m6/seed_00011/environment.json,270,.json,81e8b8ec1f0e36812a60c59a8df82f8463f4b7cdc0f374d41177cd34430c2417,V06,preserved,local_commit:656050cae337f96fdab3b47ec862ccae4f1c9601,outputs/wave_screen_v1/m6/seed_00011/environment.json,Expériences antérieures M0/M1/M3/M5/M6 ; date exacte non attestée
outputs/wave_screen_v1/m6/seed_00011/metrics.csv,10216,.csv,995d794d43409d6e5d739200eae4b26622750d2aec2516d4ecc04982b51de8f6,V06,preserved,local_commit:656050cae337f96fdab3b47ec862ccae4f1c9601,outputs/wave_screen_v1/m6/seed_00011/metrics.csv,Expériences antérieures M0/M1/M3/M5/M6 ; date exacte non attestée
outputs/wave_screen_v1/m6/seed_00011/model.pt,21105,.pt,a54fd6945ac3837e0191728835c470b39ec3ef7bda12b773227cf3b4c9e33347,V06,preserved,local_commit:656050cae337f96fdab3b47ec862ccae4f1c9601,outputs/wave_screen_v1/m6/seed_00011/model.pt,Expériences antérieures M0/M1/M3/M5/M6 ; date exacte non attestée
outputs/wave_screen_v1/m6/seed_00011/summary.json,1946,.json,4393f72c21c4c45f3d0d24574bf5175f454aac174050e9e713203fcd7e1508f5,V06,preserved,local_commit:656050cae337f96fdab3b47ec862ccae4f1c9601,outputs/wave_screen_v1/m6/seed_00011/summary.json,Expériences antérieures M0/M1/M3/M5/M6 ; date exacte non attestée
outputs/wave_screen_v1/m6/seed_00022/checkpoint_0000600.pt,21799,.pt,06f82515d97c5a6c56b49f41e37024ed6968b2a9fe1805d4978c839f7f37cff1,V06,preserved,local_commit:656050cae337f96fdab3b47ec862ccae4f1c9601,outputs/wave_screen_v1/m6/seed_00022/checkpoint_0000600.pt,Expériences antérieures M0/M1/M3/M5/M6 ; date exacte non attestée
outputs/wave_screen_v1/m6/seed_00022/config.resolved.yaml,1187,.yaml,de2727d6304f79498de416f5cf6c60aa725ed443359bc3a8bd1ff06fdce4c705,V06,preserved,local_commit:656050cae337f96fdab3b47ec862ccae4f1c9601,outputs/wave_screen_v1/m6/seed_00022/config.resolved.yaml,Expériences antérieures M0/M1/M3/M5/M6 ; date exacte non attestée
outputs/wave_screen_v1/m6/seed_00022/environment.json,270,.json,81e8b8ec1f0e36812a60c59a8df82f8463f4b7cdc0f374d41177cd34430c2417,V06,preserved,local_commit:656050cae337f96fdab3b47ec862ccae4f1c9601,outputs/wave_screen_v1/m6/seed_00022/environment.json,Expériences antérieures M0/M1/M3/M5/M6 ; date exacte non attestée
outputs/wave_screen_v1/m6/seed_00022/metrics.csv,10208,.csv,a4594e03384ff11af84969dfa6748557f04b0d0ac54bad2034c132dd345c58ea,V06,preserved,local_commit:656050cae337f96fdab3b47ec862ccae4f1c9601,outputs/wave_screen_v1/m6/seed_00022/metrics.csv,Expériences antérieures M0/M1/M3/M5/M6 ; date exacte non attestée
outputs/wave_screen_v1/m6/seed_00022/model.pt,21105,.pt,cf3d5613205220725fed25a48f39cc4a3f48bb8f2b695252fa5a42e48c8e3b91,V06,preserved,local_commit:656050cae337f96fdab3b47ec862ccae4f1c9601,outputs/wave_screen_v1/m6/seed_00022/model.pt,Expériences antérieures M0/M1/M3/M5/M6 ; date exacte non attestée
outputs/wave_screen_v1/m6/seed_00022/summary.json,1942,.json,96c55c9a6875bce4c8d77a2337a8883a07d48d4395fc1be6499daace4227ea10,V06,preserved,local_commit:656050cae337f96fdab3b47ec862ccae4f1c9601,outputs/wave_screen_v1/m6/seed_00022/summary.json,Expériences antérieures M0/M1/M3/M5/M6 ; date exacte non attestée
outputs/wave_screen_v1/m6/seed_00033/checkpoint_0000600.pt,21799,.pt,5ede7d905583a11abcd3d2a6725b2918f530af5202c71a3809a6459ca01751fc,V06,preserved,local_commit:656050cae337f96fdab3b47ec862ccae4f1c9601,outputs/wave_screen_v1/m6/seed_00033/checkpoint_0000600.pt,Expériences antérieures M0/M1/M3/M5/M6 ; date exacte non attestée
outputs/wave_screen_v1/m6/seed_00033/config.resolved.yaml,1187,.yaml,970a64c81da910b626ab634cdcf45eb2708984edc025dc21d6917827fbc91cce,V06,preserved,local_commit:656050cae337f96fdab3b47ec862ccae4f1c9601,outputs/wave_screen_v1/m6/seed_00033/config.resolved.yaml,Expériences antérieures M0/M1/M3/M5/M6 ; date exacte non attestée
outputs/wave_screen_v1/m6/seed_00033/environment.json,270,.json,81e8b8ec1f0e36812a60c59a8df82f8463f4b7cdc0f374d41177cd34430c2417,V06,preserved,local_commit:656050cae337f96fdab3b47ec862ccae4f1c9601,outputs/wave_screen_v1/m6/seed_00033/environment.json,Expériences antérieures M0/M1/M3/M5/M6 ; date exacte non attestée
outputs/wave_screen_v1/m6/seed_00033/metrics.csv,10225,.csv,8fc1ff9eb302d59d5612ffcfcab80cee13bb77d79b3faf984e65836ca6f29a30,V06,preserved,local_commit:656050cae337f96fdab3b47ec862ccae4f1c9601,outputs/wave_screen_v1/m6/seed_00033/metrics.csv,Expériences antérieures M0/M1/M3/M5/M6 ; date exacte non attestée
outputs/wave_screen_v1/m6/seed_00033/model.pt,21105,.pt,65aa17f51e92e374d87c05caf8187808cff650551add3f74ef6d0e988d77aa40,V06,preserved,local_commit:656050cae337f96fdab3b47ec862ccae4f1c9601,outputs/wave_screen_v1/m6/seed_00033/model.pt,Expériences antérieures M0/M1/M3/M5/M6 ; date exacte non attestée
outputs/wave_screen_v1/m6/seed_00033/summary.json,1945,.json,779c55ff1582c992772d0f72f921ef02ec5222ba4403628c0e6661ff67e63b1d,V06,preserved,local_commit:656050cae337f96fdab3b47ec862ccae4f1c9601,outputs/wave_screen_v1/m6/seed_00033/summary.json,Expériences antérieures M0/M1/M3/M5/M6 ; date exacte non attestée
outputs/wave_screen_v1/m6/seed_00044/checkpoint_0000600.pt,21799,.pt,c0cc5df07872d7271d05d8314e72fb7ef764dd888f8310302fc7d25dd7518a5c,V06,preserved,local_commit:656050cae337f96fdab3b47ec862ccae4f1c9601,outputs/wave_screen_v1/m6/seed_00044/checkpoint_0000600.pt,Expériences antérieures M0/M1/M3/M5/M6 ; date exacte non attestée
outputs/wave_screen_v1/m6/seed_00044/config.resolved.yaml,1187,.yaml,254be607d441f203df8f35e5bc9473e0509a506b8a6e2e05898b1e9a83cf7856,V06,preserved,local_commit:656050cae337f96fdab3b47ec862ccae4f1c9601,outputs/wave_screen_v1/m6/seed_00044/config.resolved.yaml,Expériences antérieures M0/M1/M3/M5/M6 ; date exacte non attestée
outputs/wave_screen_v1/m6/seed_00044/environment.json,270,.json,81e8b8ec1f0e36812a60c59a8df82f8463f4b7cdc0f374d41177cd34430c2417,V06,preserved,local_commit:656050cae337f96fdab3b47ec862ccae4f1c9601,outputs/wave_screen_v1/m6/seed_00044/environment.json,Expériences antérieures M0/M1/M3/M5/M6 ; date exacte non attestée
outputs/wave_screen_v1/m6/seed_00044/metrics.csv,10202,.csv,9b897a894371dcaf4c964d27a1f83e90d80d2160f51e38a1d70f367790f51ee7,V06,preserved,local_commit:656050cae337f96fdab3b47ec862ccae4f1c9601,outputs/wave_screen_v1/m6/seed_00044/metrics.csv,Expériences antérieures M0/M1/M3/M5/M6 ; date exacte non attestée
outputs/wave_screen_v1/m6/seed_00044/model.pt,21105,.pt,d0e3ba98de8759d0608abaed85a54b048fe292e3f51e229dd984c441413a3b17,V06,preserved,local_commit:656050cae337f96fdab3b47ec862ccae4f1c9601,outputs/wave_screen_v1/m6/seed_00044/model.pt,Expériences antérieures M0/M1/M3/M5/M6 ; date exacte non attestée
outputs/wave_screen_v1/m6/seed_00044/summary.json,1939,.json,480d15e093a10b1291a775de695c8c7dcfb8337849804f9c06415c81ccfff1c4,V06,preserved,local_commit:656050cae337f96fdab3b47ec862ccae4f1c9601,outputs/wave_screen_v1/m6/seed_00044/summary.json,Expériences antérieures M0/M1/M3/M5/M6 ; date exacte non attestée
outputs/wave_screen_v1/m6/seed_00055/checkpoint_0000600.pt,21799,.pt,46a8de2619032103cb4a5c4c25753e4a43b69c751be40c27d3d6ecbac348e4e9,V06,preserved,local_commit:656050cae337f96fdab3b47ec862ccae4f1c9601,outputs/wave_screen_v1/m6/seed_00055/checkpoint_0000600.pt,Expériences antérieures M0/M1/M3/M5/M6 ; date exacte non attestée
outputs/wave_screen_v1/m6/seed_00055/config.resolved.yaml,1187,.yaml,153156fe0b04994589c31c22b8b36486dcd1bea75ea48ab0891b51c7ef7ca47e,V06,preserved,local_commit:656050cae337f96fdab3b47ec862ccae4f1c9601,outputs/wave_screen_v1/m6/seed_00055/config.resolved.yaml,Expériences antérieures M0/M1/M3/M5/M6 ; date exacte non attestée
outputs/wave_screen_v1/m6/seed_00055/environment.json,270,.json,81e8b8ec1f0e36812a60c59a8df82f8463f4b7cdc0f374d41177cd34430c2417,V06,preserved,local_commit:656050cae337f96fdab3b47ec862ccae4f1c9601,outputs/wave_screen_v1/m6/seed_00055/environment.json,Expériences antérieures M0/M1/M3/M5/M6 ; date exacte non attestée
outputs/wave_screen_v1/m6/seed_00055/metrics.csv,10210,.csv,b7530512ce3a55a720c0e3c2f3057748df91b7217ccf18127d9ec06ab74568e3,V06,preserved,local_commit:656050cae337f96fdab3b47ec862ccae4f1c9601,outputs/wave_screen_v1/m6/seed_00055/metrics.csv,Expériences antérieures M0/M1/M3/M5/M6 ; date exacte non attestée
outputs/wave_screen_v1/m6/seed_00055/model.pt,21105,.pt,cad80ac245193b1ba6a53e304aca6807c4740bfb786f85c33994591755a2ad59,V06,preserved,local_commit:656050cae337f96fdab3b47ec862ccae4f1c9601,outputs/wave_screen_v1/m6/seed_00055/model.pt,Expériences antérieures M0/M1/M3/M5/M6 ; date exacte non attestée
outputs/wave_screen_v1/m6/seed_00055/summary.json,1942,.json,71f2b8ce3f668442a781779e102fb881c3b203b5d7a5c4e84fed8ae66b3d49dc,V06,preserved,local_commit:656050cae337f96fdab3b47ec862ccae4f1c9601,outputs/wave_screen_v1/m6/seed_00055/summary.json,Expériences antérieures M0/M1/M3/M5/M6 ; date exacte non attestée
outputs/wave_screen_v1/m6/seed_00066/checkpoint_0000600.pt,21799,.pt,a99ae70f6241d27e06f2cf24c3018a2e971135130c53b777e4478c7df88a0c33,V06,preserved,local_commit:656050cae337f96fdab3b47ec862ccae4f1c9601,outputs/wave_screen_v1/m6/seed_00066/checkpoint_0000600.pt,Expériences antérieures M0/M1/M3/M5/M6 ; date exacte non attestée
outputs/wave_screen_v1/m6/seed_00066/config.resolved.yaml,1187,.yaml,b8a98b33b5f0bea68e771af80c542210fd77c9545c57dbf85fe31b95f9fde8f3,V06,preserved,local_commit:656050cae337f96fdab3b47ec862ccae4f1c9601,outputs/wave_screen_v1/m6/seed_00066/config.resolved.yaml,Expériences antérieures M0/M1/M3/M5/M6 ; date exacte non attestée
outputs/wave_screen_v1/m6/seed_00066/environment.json,270,.json,81e8b8ec1f0e36812a60c59a8df82f8463f4b7cdc0f374d41177cd34430c2417,V06,preserved,local_commit:656050cae337f96fdab3b47ec862ccae4f1c9601,outputs/wave_screen_v1/m6/seed_00066/environment.json,Expériences antérieures M0/M1/M3/M5/M6 ; date exacte non attestée
outputs/wave_screen_v1/m6/seed_00066/metrics.csv,10186,.csv,262abd4772ac9a4f9fd9092caa9a0f2c5be2798384f76f99816498ddc3e6f688,V06,preserved,local_commit:656050cae337f96fdab3b47ec862ccae4f1c9601,outputs/wave_screen_v1/m6/seed_00066/metrics.csv,Expériences antérieures M0/M1/M3/M5/M6 ; date exacte non attestée
outputs/wave_screen_v1/m6/seed_00066/model.pt,21105,.pt,bc2752c61a17bfb65249417cd82b9ceb7744b2700918f5dc3b6cee6c4c71c0d2,V06,preserved,local_commit:656050cae337f96fdab3b47ec862ccae4f1c9601,outputs/wave_screen_v1/m6/seed_00066/model.pt,Expériences antérieures M0/M1/M3/M5/M6 ; date exacte non attestée
outputs/wave_screen_v1/m6/seed_00066/summary.json,1944,.json,0dea12760c59692a6e83ebe265623601716cf2ce4a998a7a8dbc1908f1958db4,V06,preserved,local_commit:656050cae337f96fdab3b47ec862ccae4f1c9601,outputs/wave_screen_v1/m6/seed_00066/summary.json,Expériences antérieures M0/M1/M3/M5/M6 ; date exacte non attestée
outputs/wave_screen_v1/m6/seed_00077/checkpoint_0000600.pt,21799,.pt,4d26ebe077bbe28cd94fb72fefce88d432fda7cabffea1c1f45286267bb1a0b1,V06,preserved,local_commit:656050cae337f96fdab3b47ec862ccae4f1c9601,outputs/wave_screen_v1/m6/seed_00077/checkpoint_0000600.pt,Expériences antérieures M0/M1/M3/M5/M6 ; date exacte non attestée
outputs/wave_screen_v1/m6/seed_00077/config.resolved.yaml,1187,.yaml,7dfb7958903b9c66da5570f55522eec973cab668bdf785e43edb014abf0ac282,V06,preserved,local_commit:656050cae337f96fdab3b47ec862ccae4f1c9601,outputs/wave_screen_v1/m6/seed_00077/config.resolved.yaml,Expériences antérieures M0/M1/M3/M5/M6 ; date exacte non attestée
outputs/wave_screen_v1/m6/seed_00077/environment.json,270,.json,81e8b8ec1f0e36812a60c59a8df82f8463f4b7cdc0f374d41177cd34430c2417,V06,preserved,local_commit:656050cae337f96fdab3b47ec862ccae4f1c9601,outputs/wave_screen_v1/m6/seed_00077/environment.json,Expériences antérieures M0/M1/M3/M5/M6 ; date exacte non attestée
outputs/wave_screen_v1/m6/seed_00077/metrics.csv,10197,.csv,0a29154a6a85bf451c7b50c0185d3e850d4e77cfec4af80d910786b37a3d0264,V06,preserved,local_commit:656050cae337f96fdab3b47ec862ccae4f1c9601,outputs/wave_screen_v1/m6/seed_00077/metrics.csv,Expériences antérieures M0/M1/M3/M5/M6 ; date exacte non attestée
outputs/wave_screen_v1/m6/seed_00077/model.pt,21105,.pt,ea659fcb19068bf6127c79bc2a6f8aab55ba0784c1ca100e17306d68f74c5402,V06,preserved,local_commit:656050cae337f96fdab3b47ec862ccae4f1c9601,outputs/wave_screen_v1/m6/seed_00077/model.pt,Expériences antérieures M0/M1/M3/M5/M6 ; date exacte non attestée
outputs/wave_screen_v1/m6/seed_00077/summary.json,1940,.json,be43f96f2b4834e8a204480f2a3af8c74fa531147eae554c6bad8c58de4ea714,V06,preserved,local_commit:656050cae337f96fdab3b47ec862ccae4f1c9601,outputs/wave_screen_v1/m6/seed_00077/summary.json,Expériences antérieures M0/M1/M3/M5/M6 ; date exacte non attestée
outputs/wave_screen_v1/m6/seed_00088/checkpoint_0000600.pt,21799,.pt,47f0abc748ddf7ae72d50a5da9e71788d24ebcab5886f113e9e7a2b5120e6592,V06,preserved,local_commit:656050cae337f96fdab3b47ec862ccae4f1c9601,outputs/wave_screen_v1/m6/seed_00088/checkpoint_0000600.pt,Expériences antérieures M0/M1/M3/M5/M6 ; date exacte non attestée
outputs/wave_screen_v1/m6/seed_00088/config.resolved.yaml,1187,.yaml,3ec74192642784fa50999533c0e9a69676bb8eb8fcf897d7f29a1e4f6e486b95,V06,preserved,local_commit:656050cae337f96fdab3b47ec862ccae4f1c9601,outputs/wave_screen_v1/m6/seed_00088/config.resolved.yaml,Expériences antérieures M0/M1/M3/M5/M6 ; date exacte non attestée
outputs/wave_screen_v1/m6/seed_00088/environment.json,270,.json,81e8b8ec1f0e36812a60c59a8df82f8463f4b7cdc0f374d41177cd34430c2417,V06,preserved,local_commit:656050cae337f96fdab3b47ec862ccae4f1c9601,outputs/wave_screen_v1/m6/seed_00088/environment.json,Expériences antérieures M0/M1/M3/M5/M6 ; date exacte non attestée
outputs/wave_screen_v1/m6/seed_00088/metrics.csv,10187,.csv,f3da98abb9ee17cff8837e87ae5d26d452abd35611c666a38f5bd7d95038b441,V06,preserved,local_commit:656050cae337f96fdab3b47ec862ccae4f1c9601,outputs/wave_screen_v1/m6/seed_00088/metrics.csv,Expériences antérieures M0/M1/M3/M5/M6 ; date exacte non attestée
outputs/wave_screen_v1/m6/seed_00088/model.pt,21105,.pt,1f40506e314149cf3e8adf110a93d674bcc0c1dc19f62e160a633d6121a9b3d7,V06,preserved,local_commit:656050cae337f96fdab3b47ec862ccae4f1c9601,outputs/wave_screen_v1/m6/seed_00088/model.pt,Expériences antérieures M0/M1/M3/M5/M6 ; date exacte non attestée
outputs/wave_screen_v1/m6/seed_00088/summary.json,1943,.json,7f82ef6982d221976af1f2539cc7178e99cec9010d1c047f7dbe62e08099d518,V06,preserved,local_commit:656050cae337f96fdab3b47ec862ccae4f1c9601,outputs/wave_screen_v1/m6/seed_00088/summary.json,Expériences antérieures M0/M1/M3/M5/M6 ; date exacte non attestée
outputs/wave_screen_v1/m6/seed_00099/checkpoint_0000600.pt,21799,.pt,da7ad7243b6ad00d03452359ee8f974e1b7635bc1eeee0342a345d454e21aebc,V06,preserved,local_commit:656050cae337f96fdab3b47ec862ccae4f1c9601,outputs/wave_screen_v1/m6/seed_00099/checkpoint_0000600.pt,Expériences antérieures M0/M1/M3/M5/M6 ; date exacte non attestée
outputs/wave_screen_v1/m6/seed_00099/config.resolved.yaml,1187,.yaml,07d482b326cf7e058be06813e9ff05135d2e3b2cc0ae207ef38a846bc03cfeda,V06,preserved,local_commit:656050cae337f96fdab3b47ec862ccae4f1c9601,outputs/wave_screen_v1/m6/seed_00099/config.resolved.yaml,Expériences antérieures M0/M1/M3/M5/M6 ; date exacte non attestée
outputs/wave_screen_v1/m6/seed_00099/environment.json,270,.json,81e8b8ec1f0e36812a60c59a8df82f8463f4b7cdc0f374d41177cd34430c2417,V06,preserved,local_commit:656050cae337f96fdab3b47ec862ccae4f1c9601,outputs/wave_screen_v1/m6/seed_00099/environment.json,Expériences antérieures M0/M1/M3/M5/M6 ; date exacte non attestée
outputs/wave_screen_v1/m6/seed_00099/metrics.csv,10169,.csv,c327a17673ce2ce63ee99765457b42633dd5d5e46c6b293c41b391b42c9bc72d,V06,preserved,local_commit:656050cae337f96fdab3b47ec862ccae4f1c9601,outputs/wave_screen_v1/m6/seed_00099/metrics.csv,Expériences antérieures M0/M1/M3/M5/M6 ; date exacte non attestée
outputs/wave_screen_v1/m6/seed_00099/model.pt,21105,.pt,ad5ef590f0f6c474dbcbf6264eee65ab40dad4c6ac86821fa660fd154358e00c,V06,preserved,local_commit:656050cae337f96fdab3b47ec862ccae4f1c9601,outputs/wave_screen_v1/m6/seed_00099/model.pt,Expériences antérieures M0/M1/M3/M5/M6 ; date exacte non attestée
outputs/wave_screen_v1/m6/seed_00099/summary.json,1944,.json,5037d5749b177cc94968e2327d93a4dd1b776a631aed565991dc56894f507ace,V06,preserved,local_commit:656050cae337f96fdab3b47ec862ccae4f1c9601,outputs/wave_screen_v1/m6/seed_00099/summary.json,Expériences antérieures M0/M1/M3/M5/M6 ; date exacte non attestée
outputs/wave_screen_v1/m6/seed_00111/checkpoint_0000600.pt,21799,.pt,d985a0a86240ea74d2db86380c9bd612c6c84f3aeb84dd0ac463f48903701cb1,V06,preserved,local_commit:656050cae337f96fdab3b47ec862ccae4f1c9601,outputs/wave_screen_v1/m6/seed_00111/checkpoint_0000600.pt,Expériences antérieures M0/M1/M3/M5/M6 ; date exacte non attestée
outputs/wave_screen_v1/m6/seed_00111/config.resolved.yaml,1188,.yaml,57c4c916d5fa4c8ee02364bcad110c2d4414446f14b3709438fd20e48716fcde,V06,preserved,local_commit:656050cae337f96fdab3b47ec862ccae4f1c9601,outputs/wave_screen_v1/m6/seed_00111/config.resolved.yaml,Expériences antérieures M0/M1/M3/M5/M6 ; date exacte non attestée
outputs/wave_screen_v1/m6/seed_00111/environment.json,270,.json,81e8b8ec1f0e36812a60c59a8df82f8463f4b7cdc0f374d41177cd34430c2417,V06,preserved,local_commit:656050cae337f96fdab3b47ec862ccae4f1c9601,outputs/wave_screen_v1/m6/seed_00111/environment.json,Expériences antérieures M0/M1/M3/M5/M6 ; date exacte non attestée
outputs/wave_screen_v1/m6/seed_00111/metrics.csv,10204,.csv,f285d326bd3f072306f372d47e341a77bac86fa7926275f954d121c21906c226,V06,preserved,local_commit:656050cae337f96fdab3b47ec862ccae4f1c9601,outputs/wave_screen_v1/m6/seed_00111/metrics.csv,Expériences antérieures M0/M1/M3/M5/M6 ; date exacte non attestée
outputs/wave_screen_v1/m6/seed_00111/model.pt,21105,.pt,788fd59755cdf159294adad471de53074e782a0219037b21d319bae15b406840,V06,preserved,local_commit:656050cae337f96fdab3b47ec862ccae4f1c9601,outputs/wave_screen_v1/m6/seed_00111/model.pt,Expériences antérieures M0/M1/M3/M5/M6 ; date exacte non attestée
outputs/wave_screen_v1/m6/seed_00111/summary.json,1944,.json,4e9c7a12d922edc2bc546883566047af5fc11bb4550ef3202cebe9a7330f83c7,V06,preserved,local_commit:656050cae337f96fdab3b47ec862ccae4f1c9601,outputs/wave_screen_v1/m6/seed_00111/summary.json,Expériences antérieures M0/M1/M3/M5/M6 ; date exacte non attestée
